scale,tiles,n,m,run,seed,algorithm,objective_type,status,objective,runtime,bbox_width,bbox_height,num_tiles,total_crossovers,crossovers_needing_completion,total_tiles_completed,completion_rate,avg_tiles_per_incomplete
small,6,3,3,1,42,greedy,square,success,7,0.000606589,7,7,6,,,,,
small,6,3,3,1,42,stochastic_greedy,square,success,8,0.000742464,8,8,6,,,,,
small,6,3,3,1,42,genetic_greedy,square,success,7,0.163186935,7,7,6,12513,695,1245,0.05554223607448254,1.79136690647482
small,6,3,3,1,42,genetic_stochastic,square,success,7,0.180842887,7,7,6,12564,1088,1647,0.0865966252785737,1.5137867647058822
small,6,3,3,2,142,greedy,square,success,7,0.000698962,7,7,6,,,,,
small,6,3,3,2,142,stochastic_greedy,square,success,8,0.000944862,7,8,6,,,,,
small,6,3,3,2,142,genetic_greedy,square,success,7,0.647228763,7,7,6,12578,2944,8693,0.23405946891397678,2.9527853260869565
small,6,3,3,2,142,genetic_stochastic,square,success,6,0.097704093,6,6,6,12597,165,279,0.013098356751607526,1.690909090909091
small,6,3,3,3,242,greedy,square,success,8,0.000655821,8,8,6,,,,,
small,6,3,3,3,242,stochastic_greedy,square,success,8,0.000842333,7,8,6,,,,,
small,6,3,3,3,242,genetic_greedy,square,success,7,0.136031596,7,7,6,12678,23,59,0.0018141662722826945,2.5652173913043477
small,6,3,3,3,242,genetic_stochastic,square,success,7,0.218420743,7,7,6,12561,603,1614,0.0480057320277048,2.6766169154228856
small,6,3,3,4,342,greedy,square,success,7,0.00065006,7,6,6,,,,,
small,6,3,3,4,342,stochastic_greedy,square,success,7,0.000771776,6,7,6,,,,,
small,6,3,3,4,342,genetic_greedy,square,success,7,0.132117129,6,7,6,12563,286,351,0.022765263074106503,1.2272727272727273
small,6,3,3,4,342,genetic_stochastic,square,success,6,0.092795211,6,6,6,12536,258,463,0.020580727504786216,1.7945736434108528
small,6,3,3,5,442,greedy,square,success,7,0.000787741,6,7,6,,,,,
small,6,3,3,5,442,stochastic_greedy,square,success,7,0.000780269,7,7,6,,,,,
small,6,3,3,5,442,genetic_greedy,square,success,7,0.100781008,6,7,6,12550,564,1009,0.0449402390438247,1.7890070921985815
small,6,3,3,5,442,genetic_stochastic,square,success,7,0.237603597,7,7,6,12623,3547,4729,0.28099500911035413,1.3332393572032704
small,6,3,3,6,542,greedy,square,success,7,0.000710561,7,7,6,,,,,
small,6,3,3,6,542,stochastic_greedy,square,success,7,0.000667377,7,7,6,,,,,
small,6,3,3,6,542,genetic_greedy,square,success,7,0.128839178,7,7,6,12574,360,739,0.02863050739621441,2.0527777777777776
small,6,3,3,6,542,genetic_stochastic,square,success,7,0.151397134,6,7,6,12532,728,1113,0.058091286307053944,1.5288461538461537
small,6,3,3,7,642,greedy,square,success,8,0.000641214,8,7,6,,,,,
small,6,3,3,7,642,stochastic_greedy,square,success,7,0.000702572,7,7,6,,,,,
small,6,3,3,7,642,genetic_greedy,square,success,7,0.117267897,7,6,6,12702,642,689,0.05054322153991497,1.073208722741433
small,6,3,3,7,642,genetic_stochastic,square,success,7,0.163994565,7,7,6,12549,1598,2359,0.12734082397003746,1.4762202753441802
small,6,3,3,8,742,greedy,square,success,7,0.000577537,6,7,6,,,,,
small,6,3,3,8,742,stochastic_greedy,square,success,7,0.000767826,7,7,6,,,,,
small,6,3,3,8,742,genetic_greedy,square,success,7,0.093678438,6,7,6,12650,66,130,0.0052173913043478265,1.9696969696969697
small,6,3,3,8,742,genetic_stochastic,square,success,7,0.36213484,7,7,6,12621,1960,4793,0.1552967276760954,2.445408163265306
small,6,3,3,9,842,greedy,square,success,8,0.000567616,7,8,6,,,,,
small,6,3,3,9,842,stochastic_greedy,square,success,7,0.000671214,7,7,6,,,,,
small,6,3,3,9,842,genetic_greedy,square,success,7,0.126470058,7,7,6,12507,3,6,0.00023986567522187575,2.0
small,6,3,3,9,842,genetic_stochastic,square,success,6,0.150826846,6,6,6,12578,1621,2503,0.12887581491493083,1.5441085749537322
small,6,3,3,10,942,greedy,square,success,7,0.000652981,7,7,6,,,,,
small,6,3,3,10,942,stochastic_greedy,square,success,8,0.00075167,8,8,6,,,,,
small,6,3,3,10,942,genetic_greedy,square,success,7,0.174545408,7,7,6,12502,1553,1744,0.12422012478003519,1.1229877656149387
small,6,3,3,10,942,genetic_stochastic,square,success,7,0.200329551,7,7,6,12601,983,1570,0.07800968177128799,1.5971515768056967
small,6,3,3,11,1042,greedy,square,success,7,0.000577144,7,7,6,,,,,
small,6,3,3,11,1042,stochastic_greedy,square,success,8,0.000696362,6,8,6,,,,,
small,6,3,3,11,1042,genetic_greedy,square,success,7,0.13880274,7,7,6,12523,24,65,0.0019164736884133195,2.7083333333333335
small,6,3,3,11,1042,genetic_stochastic,square,success,7,0.760763535,7,7,6,12619,5245,10444,0.41564307789840715,1.9912297426120114
small,6,3,3,12,1142,greedy,square,success,7,0.000724078,7,7,6,,,,,
small,6,3,3,12,1142,stochastic_greedy,square,success,7,0.000530509,7,7,6,,,,,
small,6,3,3,12,1142,genetic_greedy,square,success,7,0.522507642,7,7,6,12644,4794,9610,0.37915216703574817,2.004589069670421
small,6,3,3,12,1142,genetic_stochastic,square,success,7,0.495588476,7,6,6,12509,3588,8671,0.286833479894476,2.4166666666666665
small,6,3,3,13,1242,greedy,square,success,8,0.000791889,7,8,6,,,,,
small,6,3,3,13,1242,stochastic_greedy,square,success,8,0.000885546,8,8,6,,,,,
small,6,3,3,13,1242,genetic_greedy,square,success,8,0.148143573,7,8,6,12613,810,1273,0.06421945611670499,1.5716049382716049
small,6,3,3,13,1242,genetic_stochastic,square,success,7,0.195897168,7,7,6,12599,849,2459,0.06738630050003969,2.8963486454652534
small,6,3,3,14,1342,greedy,square,success,8,0.000752794,8,8,6,,,,,
small,6,3,3,14,1342,stochastic_greedy,square,success,8,0.000828466,7,8,6,,,,,
small,6,3,3,14,1342,genetic_greedy,square,success,7,0.139030953,7,7,6,12452,333,381,0.026742691937038227,1.1441441441441442
small,6,3,3,14,1342,genetic_stochastic,square,success,7,0.170365974,7,7,6,12586,781,1581,0.06205307484506595,2.0243277848911654
small,6,3,3,15,1442,greedy,square,success,7,0.000718235,7,7,6,,,,,
small,6,3,3,15,1442,stochastic_greedy,square,success,8,0.000563373,8,8,6,,,,,
small,6,3,3,15,1442,genetic_greedy,square,success,7,0.245443993,7,7,6,12564,1199,2356,0.09543139127666349,1.9649708090075062
small,6,3,3,15,1442,genetic_stochastic,square,success,7,0.15172353,7,7,6,12498,1095,1486,0.08761401824291887,1.3570776255707762
small,6,3,3,16,1542,greedy,square,success,6,0.000752775,6,6,6,,,,,
small,6,3,3,16,1542,stochastic_greedy,square,success,6,0.000650515,6,6,6,,,,,
small,6,3,3,16,1542,genetic_greedy,square,success,6,0.067381184,6,6,6,12530,0,0,0.0,
small,6,3,3,16,1542,genetic_stochastic,square,success,6,0.099082732,6,6,6,12583,102,136,0.008106174998013192,1.3333333333333333
small,6,3,3,17,1642,greedy,square,success,7,0.000593902,7,7,6,,,,,
small,6,3,3,17,1642,stochastic_greedy,square,success,8,0.000680883,8,8,6,,,,,
small,6,3,3,17,1642,genetic_greedy,square,success,7,0.087803101,7,7,6,12623,341,752,0.027014180464231957,2.2052785923753664
small,6,3,3,17,1642,genetic_stochastic,square,success,7,0.388276475,7,7,6,12653,2901,5863,0.22927369003398404,2.0210272319889695
small,6,3,3,18,1742,greedy,square,success,8,0.000583117,8,8,6,,,,,
small,6,3,3,18,1742,stochastic_greedy,square,success,8,0.000826434,7,8,6,,,,,
small,6,3,3,18,1742,genetic_greedy,square,success,7,0.107191054,7,7,6,12573,1,3,7.953551260637875e-05,3.0
small,6,3,3,18,1742,genetic_stochastic,square,success,7,0.216223291,7,7,6,12681,1734,2897,0.13674000473148806,1.6707035755478663
small,6,3,3,19,1842,greedy,square,success,7,0.000589008,7,7,6,,,,,
small,6,3,3,19,1842,stochastic_greedy,square,success,7,0.000653376,7,7,6,,,,,
small,6,3,3,19,1842,genetic_greedy,square,success,7,0.08904011,7,7,6,12607,880,916,0.06980249067978107,1.040909090909091
small,6,3,3,19,1842,genetic_stochastic,square,success,7,0.313879417,7,7,6,12497,1725,3300,0.13803312795070816,1.9130434782608696
small,6,3,3,20,1942,greedy,square,success,7,0.000717868,7,7,6,,,,,
small,6,3,3,20,1942,stochastic_greedy,square,success,7,0.000659375,7,6,6,,,,,
small,6,3,3,20,1942,genetic_greedy,square,success,7,0.125302898,7,7,6,12601,177,240,0.014046504245694785,1.3559322033898304
small,6,3,3,20,1942,genetic_stochastic,square,success,6,0.094423108,6,6,6,12514,208,335,0.01662138404986415,1.6105769230769231
small,6,3,3,21,2042,greedy,square,success,8,0.00057899,8,8,6,,,,,
small,6,3,3,21,2042,stochastic_greedy,square,success,8,0.000582318,8,7,6,,,,,
small,6,3,3,21,2042,genetic_greedy,square,success,7,0.097422538,7,6,6,12592,89,194,0.007067979669631512,2.1797752808988764
small,6,3,3,21,2042,genetic_stochastic,square,success,7,0.156272445,7,7,6,12574,1012,1601,0.08048353745824717,1.58201581027668
small,6,3,3,22,2142,greedy,square,success,7,0.000674394,7,7,6,,,,,
small,6,3,3,22,2142,stochastic_greedy,square,success,7,0.000662797,7,7,6,,,,,
small,6,3,3,22,2142,genetic_greedy,square,success,7,0.130778468,7,7,6,12641,353,617,0.027925005933074915,1.7478753541076488
small,6,3,3,22,2142,genetic_stochastic,square,success,7,0.18540456,7,7,6,12710,1384,2240,0.1088906372934697,1.6184971098265897
small,6,3,3,23,2242,greedy,square,success,7,0.000598791,7,7,6,,,,,
small,6,3,3,23,2242,stochastic_greedy,square,success,7,0.000561409,7,7,6,,,,,
small,6,3,3,23,2242,genetic_greedy,square,success,6,0.087929034,6,6,6,12574,19,26,0.0015110545570224273,1.368421052631579
small,6,3,3,23,2242,genetic_stochastic,square,success,6,0.094436981,6,6,6,12719,59,98,0.004638729459863196,1.6610169491525424
small,6,3,3,24,2342,greedy,square,success,8,0.000608677,7,8,6,,,,,
small,6,3,3,24,2342,stochastic_greedy,square,success,8,0.000646263,8,7,6,,,,,
small,6,3,3,24,2342,genetic_greedy,square,success,7,0.100613526,7,7,6,12534,30,66,0.0023934897079942556,2.2
small,6,3,3,24,2342,genetic_stochastic,square,success,7,0.079749507,7,7,6,12546,132,222,0.010521281683405069,1.6818181818181819
small,6,3,3,25,2442,greedy,square,success,8,0.000694961,8,8,6,,,,,
small,6,3,3,25,2442,stochastic_greedy,square,success,7,0.000673383,7,7,6,,,,,
small,6,3,3,25,2442,genetic_greedy,square,success,8,0.288815515,8,8,6,12694,1799,2402,0.14172049787301086,1.3351862145636464
small,6,3,3,25,2442,genetic_stochastic,square,success,7,0.248278836,7,7,6,12622,2092,5099,0.16574235461891934,2.4373804971319313
small,6,3,3,26,2542,greedy,square,success,8,0.000742283,8,6,6,,,,,
small,6,3,3,26,2542,stochastic_greedy,square,success,8,0.000724407,8,7,6,,,,,
small,6,3,3,26,2542,genetic_greedy,square,success,7,0.220506586,6,7,6,12677,1369,2726,0.10799084957008756,1.9912344777209643
small,6,3,3,26,2542,genetic_stochastic,square,success,7,0.331743679,7,7,6,12562,4238,5710,0.3373666613596561,1.347333647947145
small,6,3,3,27,2642,greedy,square,success,7,0.00075009,7,7,6,,,,,
small,6,3,3,27,2642,stochastic_greedy,square,success,8,0.000593626,8,7,6,,,,,
small,6,3,3,27,2642,genetic_greedy,square,success,7,0.197689591,7,7,6,12566,1263,1944,0.10050931083877129,1.5391923990498813
small,6,3,3,27,2642,genetic_stochastic,square,success,7,0.251483796,7,7,6,12613,3045,3484,0.24141758503131688,1.1441707717569787
small,6,3,3,28,2742,greedy,square,success,8,0.000740664,8,8,6,,,,,
small,6,3,3,28,2742,stochastic_greedy,square,success,7,0.000527733,7,7,6,,,,,
small,6,3,3,28,2742,genetic_greedy,square,success,7,0.101383111,7,7,6,12654,109,156,0.008613877034929666,1.4311926605504588
small,6,3,3,28,2742,genetic_stochastic,square,success,7,0.435448225,7,7,6,12631,2417,6112,0.191354603752672,2.5287546545304096
small,6,3,3,29,2842,greedy,square,success,7,0.000665581,7,7,6,,,,,
small,6,3,3,29,2842,stochastic_greedy,square,success,8,0.0006263,8,7,6,,,,,
small,6,3,3,29,2842,genetic_greedy,square,success,7,0.102576525,7,7,6,12598,41,49,0.0032544848388633115,1.1951219512195121
small,6,3,3,29,2842,genetic_stochastic,square,success,7,0.157247586,6,7,6,12718,678,1219,0.05331026891020601,1.7979351032448379
small,6,3,3,30,2942,greedy,square,success,7,0.000532111,7,7,6,,,,,
small,6,3,3,30,2942,stochastic_greedy,square,success,7,0.000683015,7,7,6,,,,,
small,6,3,3,30,2942,genetic_greedy,square,success,7,0.117056854,6,7,6,12633,267,535,0.021135122298741392,2.0037453183520597
small,6,3,3,30,2942,genetic_stochastic,square,success,6,0.07826708,6,6,6,12601,229,395,0.018173160860249185,1.724890829694323
small,6,3,3,1,42,cplex,square,optimal,7,1.271257393,7,7,6,,,,,
small,6,3,3,2,142,cplex,square,optimal,6,0.27409071,6,6,6,,,,,
small,6,3,3,3,242,cplex,square,optimal,7,1.691213046,7,7,6,,,,,
small,6,3,3,4,342,cplex,square,optimal,6,0.321528588,6,6,6,,,,,
small,6,3,3,5,442,cplex,square,optimal,7,1.51203678,7,7,6,,,,,
small,6,3,3,6,542,cplex,square,optimal,7,2.547103724,7,7,6,,,,,
small,6,3,3,7,642,cplex,square,optimal,6,0.325574004,6,6,6,,,,,
small,6,3,3,8,742,cplex,square,optimal,7,1.986087348,7,7,6,,,,,
small,6,3,3,9,842,cplex,square,optimal,6,0.381167918,6,6,6,,,,,
small,6,3,3,10,942,cplex,square,optimal,7,1.633402083,7,7,6,,,,,
small,6,3,3,1,42,merge_greedy,square,success,9,0.004684844,9,6,6,,,,,
small,6,3,3,2,142,merge_greedy,square,success,6,0.006732604,6,6,6,,,,,
small,6,3,3,3,242,merge_greedy,square,success,7,0.010643255,7,7,6,,,,,
small,6,3,3,4,342,merge_greedy,square,success,7,0.009435139,6,7,6,,,,,
small,6,3,3,5,442,merge_greedy,square,success,8,0.006860447,7,8,6,,,,,
small,6,3,3,6,542,merge_greedy,square,success,7,0.00579704,7,7,6,,,,,
small,6,3,3,7,642,merge_greedy,square,success,8,0.005082837,8,6,6,,,,,
small,6,3,3,8,742,merge_greedy,square,success,8,0.008365332,8,5,6,,,,,
small,6,3,3,9,842,merge_greedy,square,success,8,0.003877776,6,8,6,,,,,
small,6,3,3,10,942,merge_greedy,square,success,9,0.00418977,9,6,6,,,,,
small,6,3,3,1,42,beam_search,square,success,7,0.013331478,7,7,6,,,,,
small,6,3,3,2,142,beam_search,square,success,6,0.016234954,6,6,6,,,,,
small,6,3,3,3,242,beam_search,square,success,8,0.028794814,8,7,6,,,,,
small,6,3,3,4,342,beam_search,square,success,7,0.017391176,6,7,6,,,,,
small,6,3,3,5,442,beam_search,square,success,7,0.019143766,7,7,6,,,,,
small,6,3,3,6,542,beam_search,square,success,7,0.019604368,7,7,6,,,,,
small,6,3,3,7,642,beam_search,square,success,7,0.015388833,6,7,6,,,,,
small,6,3,3,8,742,beam_search,square,success,7,0.023672307,6,7,6,,,,,
small,6,3,3,9,842,beam_search,square,success,7,0.024059806,7,7,6,,,,,
small,6,3,3,10,942,beam_search,square,success,7,0.02153567,7,7,6,,,,,
small,8,3,3,1,42,greedy,square,success,8,0.000901572,8,8,8,,,,,
small,8,3,3,1,42,stochastic_greedy,square,success,9,0.000728828,8,9,8,,,,,
small,8,3,3,1,42,genetic_greedy,square,success,8,0.312796231,8,8,8,12673,2405,4102,0.18977353428548882,1.7056133056133056
small,8,3,3,1,42,genetic_stochastic,square,success,8,0.258805641,8,8,8,12476,1345,3867,0.10780698941968579,2.875092936802974
small,8,3,3,2,142,greedy,square,success,8,0.001021569,8,8,8,,,,,
small,8,3,3,2,142,stochastic_greedy,square,success,9,0.000668924,9,9,8,,,,,
small,8,3,3,2,142,genetic_greedy,square,success,7,0.201345395,7,7,8,12663,477,1423,0.037668798862828715,2.9832285115303985
small,8,3,3,2,142,genetic_stochastic,square,success,7,0.103612521,7,7,8,12689,400,1122,0.03152336669556308,2.805
small,8,3,3,3,242,greedy,square,success,9,0.000918032,9,8,8,,,,,
small,8,3,3,3,242,stochastic_greedy,square,success,9,0.003394395,8,9,8,,,,,
small,8,3,3,3,242,genetic_greedy,square,success,8,0.201280302,8,8,8,12657,194,920,0.015327486766216323,4.742268041237113
small,8,3,3,3,242,genetic_stochastic,square,success,7,0.108201921,7,7,8,12715,322,986,0.02532441997640582,3.062111801242236
small,8,3,3,4,342,greedy,square,success,9,0.000995815,9,9,8,,,,,
small,8,3,3,4,342,stochastic_greedy,square,success,8,0.000796762,8,8,8,,,,,
small,8,3,3,4,342,genetic_greedy,square,success,8,0.150059081,8,8,8,12722,565,1579,0.044411256091809466,2.7946902654867256
small,8,3,3,4,342,genetic_stochastic,square,success,7,0.131696728,7,7,8,12555,335,974,0.026682596575069693,2.9074626865671642
small,8,3,3,5,442,greedy,square,success,8,0.000802317,8,8,8,,,,,
small,8,3,3,5,442,stochastic_greedy,square,success,8,0.000767066,8,8,8,,,,,
small,8,3,3,5,442,genetic_greedy,square,success,8,0.412581166,8,8,8,12508,943,3267,0.07539174928046051,3.464475079533404
small,8,3,3,5,442,genetic_stochastic,square,success,8,0.771813792,8,8,8,12540,3292,11092,0.2625199362041467,3.3693803159173754
small,8,3,3,6,542,greedy,square,success,9,0.000865299,9,9,8,,,,,
small,8,3,3,6,542,stochastic_greedy,square,success,8,0.000801286,8,8,8,,,,,
small,8,3,3,6,542,genetic_greedy,square,success,8,0.239169978,8,8,8,12638,613,1635,0.04850451020731129,2.66721044045677
small,8,3,3,6,542,genetic_stochastic,square,success,8,0.547813025,8,7,8,12564,5181,10251,0.4123686723973257,1.9785755645628258
small,8,3,3,7,642,greedy,square,success,8,0.001004196,8,8,8,,,,,
small,8,3,3,7,642,stochastic_greedy,square,success,8,0.001221733,8,8,8,,,,,
small,8,3,3,7,642,genetic_greedy,square,success,8,0.483768238,8,8,8,12571,1576,6071,0.1253679102696683,3.8521573604060912
small,8,3,3,7,642,genetic_stochastic,square,success,7,0.136122912,7,7,8,12617,289,851,0.02290560355076484,2.944636678200692
small,8,3,3,8,742,greedy,square,success,8,0.000636139,8,8,8,,,,,
small,8,3,3,8,742,stochastic_greedy,square,success,9,0.000621681,7,9,8,,,,,
small,8,3,3,8,742,genetic_greedy,square,success,8,0.145834659,8,8,8,12607,1055,1103,0.08368366780360117,1.0454976303317536
small,8,3,3,8,742,genetic_stochastic,square,success,7,0.082566712,7,7,8,12665,152,505,0.012001579155151994,3.3223684210526314
small,8,3,3,9,842,greedy,square,success,9,0.000804167,8,9,8,,,,,
small,8,3,3,9,842,stochastic_greedy,square,success,8,0.000807318,8,8,8,,,,,
small,8,3,3,9,842,genetic_greedy,square,success,8,0.339351263,8,8,8,12579,4141,5019,0.3291994594164878,1.2120260806568461
small,8,3,3,9,842,genetic_stochastic,square,success,7,0.213441254,7,7,8,12625,1687,2110,0.13362376237623763,1.2507409602845287
small,8,3,3,10,942,greedy,square,success,9,0.000878633,9,9,8,,,,,
small,8,3,3,10,942,stochastic_greedy,square,success,8,0.000784223,8,8,8,,,,,
small,8,3,3,10,942,genetic_greedy,square,success,8,0.968817793,8,8,8,12661,5450,11118,0.43045573019508726,2.04
small,8,3,3,10,942,genetic_stochastic,square,success,8,0.529822312,8,8,8,12593,2095,7148,0.1663622647502581,3.4119331742243437
small,8,3,3,11,1042,greedy,square,success,8,0.000920154,7,8,8,,,,,
small,8,3,3,11,1042,stochastic_greedy,square,success,8,0.000684685,8,7,8,,,,,
small,8,3,3,11,1042,genetic_greedy,square,success,8,0.146646553,7,8,8,12594,104,476,0.008257900587581388,4.576923076923077
small,8,3,3,11,1042,genetic_stochastic,square,success,8,0.349077837,7,8,8,12583,1399,4428,0.11118175315902408,3.165117941386705
small,8,3,3,12,1142,greedy,square,success,8,0.000896265,8,8,8,,,,,
small,8,3,3,12,1142,stochastic_greedy,square,success,8,0.000619742,8,8,8,,,,,
small,8,3,3,12,1142,genetic_greedy,square,success,8,0.190375922,8,8,8,12593,310,1181,0.024616850631303106,3.8096774193548386
small,8,3,3,12,1142,genetic_stochastic,square,success,7,0.591582457,7,7,8,12588,2129,6397,0.16912932952017795,3.0046970408642557
small,8,3,3,13,1242,greedy,square,success,9,0.000673974,7,9,8,,,,,
small,8,3,3,13,1242,stochastic_greedy,square,success,8,0.000796709,8,8,8,,,,,
small,8,3,3,13,1242,genetic_greedy,square,success,8,0.495030862,8,8,8,12534,1026,4485,0.08185734801340354,4.371345029239766
small,8,3,3,13,1242,genetic_stochastic,square,success,8,0.189989678,8,8,8,12569,1162,2173,0.09244967777866178,1.870051635111876
small,8,3,3,14,1342,greedy,square,success,8,0.000736047,8,8,8,,,,,
small,8,3,3,14,1342,stochastic_greedy,square,success,9,0.000876553,8,9,8,,,,,
small,8,3,3,14,1342,genetic_greedy,square,success,8,0.143981827,8,8,8,12571,401,1116,0.03189881473232042,2.7830423940149625
small,8,3,3,14,1342,genetic_stochastic,square,success,8,0.476586387,8,8,8,12636,1976,5854,0.15637860082304528,2.9625506072874495
small,8,3,3,15,1442,greedy,square,success,8,0.000888189,8,8,8,,,,,
small,8,3,3,15,1442,stochastic_greedy,square,success,8,0.000845906,8,8,8,,,,,
small,8,3,3,15,1442,genetic_greedy,square,success,8,0.222378111,8,8,8,12541,1023,2041,0.0815724423889642,1.9951124144672532
small,8,3,3,15,1442,genetic_stochastic,square,success,8,0.374554688,8,8,8,12620,1582,4182,0.12535657686212362,2.643489254108723
small,8,3,3,16,1542,greedy,square,success,7,0.000743588,7,7,8,,,,,
small,8,3,3,16,1542,stochastic_greedy,square,success,7,0.000723141,7,7,8,,,,,
small,8,3,3,16,1542,genetic_greedy,square,success,7,0.176073752,7,7,8,12621,218,674,0.017272799302749386,3.091743119266055
small,8,3,3,16,1542,genetic_stochastic,square,success,7,0.347859045,7,7,8,12601,2098,5145,0.16649472264106024,2.452335557673975
small,8,3,3,17,1642,greedy,square,success,8,0.000626471,8,8,8,,,,,
small,8,3,3,17,1642,stochastic_greedy,square,success,8,0.000634752,8,8,8,,,,,
small,8,3,3,17,1642,genetic_greedy,square,success,8,0.492542623,7,8,8,12557,1388,5441,0.11053595604045552,3.920028818443804
small,8,3,3,17,1642,genetic_stochastic,square,success,7,0.269177167,7,7,8,12614,2510,3949,0.19898525447915016,1.5733067729083665
small,8,3,3,18,1742,greedy,square,success,9,0.00081342,9,9,8,,,,,
small,8,3,3,18,1742,stochastic_greedy,square,success,8,0.000957113,7,8,8,,,,,
small,8,3,3,18,1742,genetic_greedy,square,success,7,0.130556141,7,7,8,12687,134,451,0.010561992590841018,3.3656716417910446
small,8,3,3,18,1742,genetic_stochastic,square,success,7,0.121821919,7,7,8,12635,538,1107,0.04258013454689355,2.057620817843866
small,8,3,3,19,1842,greedy,square,success,7,0.000891563,7,7,8,,,,,
small,8,3,3,19,1842,stochastic_greedy,square,success,9,0.000655689,9,8,8,,,,,
small,8,3,3,19,1842,genetic_greedy,square,success,7,0.156944074,7,7,8,12672,1022,1292,0.08065025252525253,1.264187866927593
small,8,3,3,19,1842,genetic_stochastic,square,success,7,0.295680424,7,7,8,12613,2390,5083,0.18948703718385793,2.1267782426778243
small,8,3,3,20,1942,greedy,square,success,8,0.000834968,7,8,8,,,,,
small,8,3,3,20,1942,stochastic_greedy,square,success,8,0.000679559,8,8,8,,,,,
small,8,3,3,20,1942,genetic_greedy,square,success,7,0.506394876,7,7,8,12542,1518,4733,0.12103332801785999,3.1179183135704873
small,8,3,3,20,1942,genetic_stochastic,square,success,7,0.605549046,7,7,8,12639,2395,9543,0.18949283962338792,3.98455114822547
small,8,3,3,21,2042,greedy,square,success,8,0.000967781,7,8,8,,,,,
small,8,3,3,21,2042,stochastic_greedy,square,success,9,0.00089168,8,9,8,,,,,
small,8,3,3,21,2042,genetic_greedy,square,success,8,0.213423244,8,8,8,12602,232,1148,0.018409776225995874,4.948275862068965
small,8,3,3,21,2042,genetic_stochastic,square,success,8,0.276000434,8,7,8,12551,1756,3100,0.13990917058401722,1.765375854214123
small,8,3,3,22,2142,greedy,square,success,8,0.000742865,8,8,8,,,,,
small,8,3,3,22,2142,stochastic_greedy,square,success,9,0.000787668,9,9,8,,,,,
small,8,3,3,22,2142,genetic_greedy,square,success,8,0.43004008,8,8,8,12483,2322,5798,0.18601297764960345,2.4969853574504737
small,8,3,3,22,2142,genetic_stochastic,square,success,7,0.226185477,7,7,8,12648,2905,3464,0.22968058191018342,1.1924268502581756
small,8,3,3,23,2242,greedy,square,success,8,0.00087638,8,8,8,,,,,
small,8,3,3,23,2242,stochastic_greedy,square,success,8,0.000753569,8,8,8,,,,,
small,8,3,3,23,2242,genetic_greedy,square,success,8,0.458658487,8,8,8,12644,3678,6749,0.2908889591901297,1.8349646547036433
small,8,3,3,23,2242,genetic_stochastic,square,success,7,0.380972935,7,7,8,12648,2791,7119,0.22066729917773562,2.550698674310283
small,8,3,3,24,2342,greedy,square,success,9,0.000905135,9,9,8,,,,,
small,8,3,3,24,2342,stochastic_greedy,square,success,9,0.000870235,8,9,8,,,,,
small,8,3,3,24,2342,genetic_greedy,square,success,8,0.27124887,8,7,8,12696,1903,2534,0.14988972904851922,1.3315817130846033
small,8,3,3,24,2342,genetic_stochastic,square,success,8,0.299119776,8,8,8,12675,868,3156,0.06848126232741618,3.6359447004608296
small,8,3,3,25,2442,greedy,square,success,8,0.000907906,8,8,8,,,,,
small,8,3,3,25,2442,stochastic_greedy,square,success,9,0.00085793,9,8,8,,,,,
small,8,3,3,25,2442,genetic_greedy,square,success,8,0.365595473,8,8,8,12583,835,3396,0.06635937375824526,4.067065868263473
small,8,3,3,25,2442,genetic_stochastic,square,success,8,0.233515911,8,8,8,12609,1201,2803,0.09524942501387898,2.333888426311407
small,8,3,3,26,2542,greedy,square,success,9,0.001187047,9,9,8,,,,,
small,8,3,3,26,2542,stochastic_greedy,square,success,9,0.000829794,9,9,8,,,,,
small,8,3,3,26,2542,genetic_greedy,square,success,8,0.301318362,8,8,8,12558,2374,3847,0.18904284121675427,1.6204717775905644
small,8,3,3,26,2542,genetic_stochastic,square,success,7,0.16728533,7,7,8,12540,958,1576,0.07639553429027113,1.6450939457202505
small,8,3,3,27,2642,greedy,square,success,8,0.000748311,7,8,8,,,,,
small,8,3,3,27,2642,stochastic_greedy,square,success,8,0.000740131,8,8,8,,,,,
small,8,3,3,27,2642,genetic_greedy,square,success,7,0.128581507,7,7,8,12663,20,74,0.0015794045644791914,3.7
small,8,3,3,27,2642,genetic_stochastic,square,success,7,0.124051743,7,7,8,12577,266,662,0.021149717738729427,2.488721804511278
small,8,3,3,28,2742,greedy,square,success,8,0.000633186,8,7,8,,,,,
small,8,3,3,28,2742,stochastic_greedy,square,success,8,0.000775498,8,8,8,,,,,
small,8,3,3,28,2742,genetic_greedy,square,success,8,0.146331323,8,8,8,12619,145,565,0.011490609398526032,3.896551724137931
small,8,3,3,28,2742,genetic_stochastic,square,success,7,0.10036656,7,7,8,12654,311,892,0.024577208787735103,2.8681672025723475
small,8,3,3,29,2842,greedy,square,success,8,0.000922331,8,8,8,,,,,
small,8,3,3,29,2842,stochastic_greedy,square,success,9,0.00080723,8,9,8,,,,,
small,8,3,3,29,2842,genetic_greedy,square,success,7,0.098162456,7,7,8,12527,36,81,0.002873792607966792,2.25
small,8,3,3,29,2842,genetic_stochastic,square,success,7,0.116478683,7,7,8,12601,320,810,0.025394809935719388,2.53125
small,8,3,3,30,2942,greedy,square,success,8,0.000712553,7,8,8,,,,,
small,8,3,3,30,2942,stochastic_greedy,square,success,9,0.000832421,9,9,8,,,,,
small,8,3,3,30,2942,genetic_greedy,square,success,8,0.599061123,8,8,8,12595,3775,8682,0.2997221119491862,2.2998675496688743
small,8,3,3,30,2942,genetic_stochastic,square,success,7,0.124140069,7,7,8,12506,357,865,0.028546297777067006,2.42296918767507
small,8,3,3,1,42,cplex,square,optimal,8,34.924359679,8,8,8,,,,,
small,8,3,3,2,142,cplex,square,optimal,7,3.34065219,7,7,8,,,,,
small,8,3,3,3,242,cplex,square,optimal,7,5.401857534,7,7,8,,,,,
small,8,3,3,4,342,cplex,square,optimal,7,4.227037518,7,7,8,,,,,
small,8,3,3,5,442,cplex,square,optimal,7,9.828508173,7,7,8,,,,,
small,8,3,3,6,542,cplex,square,optimal,8,54.680985431,8,8,8,,,,,
small,8,3,3,7,642,cplex,square,optimal,7,3.551167811,7,7,8,,,,,
small,8,3,3,8,742,cplex,square,optimal,7,2.762432587,7,7,8,,,,,
small,8,3,3,9,842,cplex,square,optimal,7,4.857618127,7,7,8,,,,,
small,8,3,3,10,942,cplex,square,optimal,8,63.791393905,8,8,8,,,,,
small,8,3,3,1,42,merge_greedy,square,success,9,0.009572077,8,9,8,,,,,
small,8,3,3,2,142,merge_greedy,square,success,9,0.009726674,9,6,8,,,,,
small,8,3,3,3,242,merge_greedy,square,success,10,0.008715264,6,10,8,,,,,
small,8,3,3,4,342,merge_greedy,square,success,8,0.017471582,8,7,8,,,,,
small,8,3,3,5,442,merge_greedy,square,success,9,0.012550177,7,9,8,,,,,
small,8,3,3,6,542,merge_greedy,square,success,8,0.009215175,8,8,8,,,,,
small,8,3,3,7,642,merge_greedy,square,success,8,0.015480144,8,7,8,,,,,
small,8,3,3,8,742,merge_greedy,square,success,7,0.01425598,7,7,8,,,,,
small,8,3,3,9,842,merge_greedy,square,success,8,0.01750947,7,8,8,,,,,
small,8,3,3,10,942,merge_greedy,square,success,10,0.01626109,10,7,8,,,,,
small,8,3,3,1,42,beam_search,square,success,8,0.04162203,8,8,8,,,,,
small,8,3,3,2,142,beam_search,square,success,7,0.03938224,7,7,8,,,,,
small,8,3,3,3,242,beam_search,square,success,8,0.05226133,8,8,8,,,,,
small,8,3,3,4,342,beam_search,square,success,8,0.040465103,7,8,8,,,,,
small,8,3,3,5,442,beam_search,square,success,8,0.042535497,7,8,8,,,,,
small,8,3,3,6,542,beam_search,square,success,8,0.043117606,8,8,8,,,,,
small,8,3,3,7,642,beam_search,square,success,8,0.040899553,8,7,8,,,,,
small,8,3,3,8,742,beam_search,square,success,7,0.043446628,7,7,8,,,,,
small,8,3,3,9,842,beam_search,square,success,8,0.040575229,8,8,8,,,,,
small,8,3,3,10,942,beam_search,square,success,8,0.044116427,7,8,8,,,,,
small,10,3,3,1,42,greedy,square,success,9,0.000755377,8,9,10,,,,,
small,10,3,3,1,42,stochastic_greedy,square,success,9,0.000948608,9,9,10,,,,,
small,10,3,3,1,42,genetic_greedy,square,success,9,0.395443632,9,9,10,12641,898,2808,0.07103868364844554,3.1269487750556793
small,10,3,3,1,42,genetic_stochastic,square,success,8,0.339031346,8,8,10,12646,994,4353,0.07860192946386209,4.379275653923541
small,10,3,3,2,142,greedy,square,success,9,0.001253951,9,9,10,,,,,
small,10,3,3,2,142,stochastic_greedy,square,success,9,0.000863238,8,9,10,,,,,
small,10,3,3,2,142,genetic_greedy,square,success,9,0.569532381,9,9,10,12523,1911,9076,0.15259921743991056,4.749345892203035
small,10,3,3,2,142,genetic_stochastic,square,success,8,0.314992287,8,8,10,12754,1154,3830,0.09048141759448017,3.318890814558059
small,10,3,3,3,242,greedy,square,success,9,0.001517993,9,9,10,,,,,
small,10,3,3,3,242,stochastic_greedy,square,success,10,0.000898578,9,10,10,,,,,
small,10,3,3,3,242,genetic_greedy,square,success,8,0.217342647,8,8,10,12590,237,1506,0.018824463860206513,6.3544303797468356
small,10,3,3,3,242,genetic_stochastic,square,success,8,0.150965413,8,8,10,12664,440,1852,0.03474415666456096,4.209090909090909
small,10,3,3,4,342,greedy,square,success,9,0.001087239,8,9,10,,,,,
small,10,3,3,4,342,stochastic_greedy,square,success,9,0.000869652,9,8,10,,,,,
small,10,3,3,4,342,genetic_greedy,square,success,8,0.158641838,8,8,10,12613,102,674,0.008086894473955443,6.607843137254902
small,10,3,3,4,342,genetic_stochastic,square,success,8,0.200113584,8,8,10,12695,603,1926,0.0474990153603781,3.1940298507462686
small,10,3,3,5,442,greedy,square,success,9,0.001102903,9,9,10,,,,,
small,10,3,3,5,442,stochastic_greedy,square,success,9,0.000946733,9,9,10,,,,,
small,10,3,3,5,442,genetic_greedy,square,success,8,0.17033682,8,8,10,12597,266,906,0.021116138763197588,3.406015037593985
small,10,3,3,5,442,genetic_stochastic,square,success,8,0.209127873,8,8,10,12721,406,1916,0.03191572989544847,4.719211822660099
small,10,3,3,6,542,greedy,square,success,9,0.001163797,9,9,10,,,,,
small,10,3,3,6,542,stochastic_greedy,square,success,10,0.000862671,10,10,10,,,,,
small,10,3,3,6,542,genetic_greedy,square,success,8,0.122157743,8,8,10,12574,137,670,0.010895498648003817,4.890510948905109
small,10,3,3,6,542,genetic_stochastic,square,success,8,0.222590808,8,8,10,12589,478,1911,0.037969656048931606,3.997907949790795
small,10,3,3,7,642,greedy,square,success,9,0.00088787,9,9,10,,,,,
small,10,3,3,7,642,stochastic_greedy,square,success,9,0.000965574,9,8,10,,,,,
small,10,3,3,7,642,genetic_greedy,square,success,8,0.168618309,8,8,10,12663,298,1286,0.02353312801073995,4.315436241610739
small,10,3,3,7,642,genetic_stochastic,square,success,8,0.200781246,8,8,10,12518,474,2184,0.0378654737178463,4.6075949367088604
small,10,3,3,8,742,greedy,square,success,9,0.00109855,7,9,10,,,,,
small,10,3,3,8,742,stochastic_greedy,square,success,9,0.000857688,8,9,10,,,,,
small,10,3,3,8,742,genetic_greedy,square,success,8,0.087921483,8,8,10,12540,25,74,0.001993620414673046,2.96
small,10,3,3,8,742,genetic_stochastic,square,success,8,0.20768265,8,8,10,12690,631,2029,0.04972419227738377,3.215530903328051
small,10,3,3,9,842,greedy,square,success,9,0.001192151,9,9,10,,,,,
small,10,3,3,9,842,stochastic_greedy,square,success,9,0.000833689,9,9,10,,,,,
small,10,3,3,9,842,genetic_greedy,square,success,8,0.094362005,8,8,10,12650,76,429,0.006007905138339921,5.644736842105263
small,10,3,3,9,842,genetic_stochastic,square,success,8,0.179472785,7,8,10,12549,548,1627,0.04366881823252849,2.968978102189781
small,10,3,3,10,942,greedy,square,success,10,0.001210214,8,10,10,,,,,
small,10,3,3,10,942,stochastic_greedy,square,success,9,0.00074952,9,9,10,,,,,
small,10,3,3,10,942,genetic_greedy,square,success,8,0.203674168,8,8,10,12645,464,1878,0.03669434559114274,4.047413793103448
small,10,3,3,10,942,genetic_stochastic,square,success,8,0.222420989,8,8,10,12619,740,2234,0.05864173072351216,3.018918918918919
small,10,3,3,11,1042,greedy,square,success,8,0.001228066,8,8,10,,,,,
small,10,3,3,11,1042,stochastic_greedy,square,success,9,0.000916433,9,9,10,,,,,
small,10,3,3,11,1042,genetic_greedy,square,success,8,0.071777618,8,8,10,12624,3,18,0.0002376425855513308,6.0
small,10,3,3,11,1042,genetic_stochastic,square,success,8,0.294623744,8,8,10,12649,705,2680,0.05573563127519962,3.801418439716312
small,10,3,3,12,1142,greedy,square,success,8,0.001084584,8,8,10,,,,,
small,10,3,3,12,1142,stochastic_greedy,square,success,8,0.000683938,8,8,10,,,,,
small,10,3,3,12,1142,genetic_greedy,square,success,8,0.142712829,8,8,10,12589,213,663,0.01691953292556994,3.112676056338028
small,10,3,3,12,1142,genetic_stochastic,square,success,8,0.375027899,8,8,10,12702,4733,6101,0.372618485277909,1.2890344390450033
small,10,3,3,13,1242,greedy,square,success,9,0.000932357,9,9,10,,,,,
small,10,3,3,13,1242,stochastic_greedy,square,success,9,0.000792507,9,9,10,,,,,
small,10,3,3,13,1242,genetic_greedy,square,success,9,0.333276357,9,9,10,12558,967,2780,0.07700270743749005,2.874870734229576
small,10,3,3,13,1242,genetic_stochastic,square,success,8,0.234218153,8,8,10,12593,462,2207,0.03668704836020011,4.7770562770562774
small,10,3,3,14,1342,greedy,square,success,9,0.001137345,8,9,10,,,,,
small,10,3,3,14,1342,stochastic_greedy,square,success,9,0.000812006,9,9,10,,,,,
small,10,3,3,14,1342,genetic_greedy,square,success,8,0.122758983,8,8,10,12720,146,817,0.011477987421383647,5.595890410958904
small,10,3,3,14,1342,genetic_stochastic,square,success,8,0.274359803,8,8,10,12578,2068,3232,0.16441405628875816,1.562862669245648
small,10,3,3,15,1442,greedy,square,success,9,0.000820758,9,9,10,,,,,
small,10,3,3,15,1442,stochastic_greedy,square,success,9,0.000973282,9,8,10,,,,,
small,10,3,3,15,1442,genetic_greedy,square,success,8,0.248027339,8,8,10,12640,329,2009,0.026028481012658228,6.1063829787234045
small,10,3,3,15,1442,genetic_stochastic,square,success,8,0.445615302,8,8,10,12521,945,4041,0.07547320501557384,4.276190476190476
small,10,3,3,16,1542,greedy,square,success,9,0.001035427,9,9,10,,,,,
small,10,3,3,16,1542,stochastic_greedy,square,success,10,0.000908677,10,9,10,,,,,
small,10,3,3,16,1542,genetic_greedy,square,success,8,0.335336188,8,8,10,12572,829,4109,0.0659401845370665,4.956574185765983
small,10,3,3,16,1542,genetic_stochastic,square,success,8,0.31890164,8,8,10,12622,1145,3732,0.09071462525748693,3.2593886462882096
small,10,3,3,17,1642,greedy,square,success,8,0.000937378,7,8,10,,,,,
small,10,3,3,17,1642,stochastic_greedy,square,success,9,0.000899059,9,9,10,,,,,
small,10,3,3,17,1642,genetic_greedy,square,success,8,0.15070924,8,8,10,12640,282,1181,0.022310126582278482,4.1879432624113475
small,10,3,3,17,1642,genetic_stochastic,square,success,8,0.207716007,8,8,10,12589,437,1575,0.0347128445468266,3.6041189931350113
small,10,3,3,18,1742,greedy,square,success,9,0.001448218,8,9,10,,,,,
small,10,3,3,18,1742,stochastic_greedy,square,success,9,0.001007069,9,9,10,,,,,
small,10,3,3,18,1742,genetic_greedy,square,success,8,0.164049369,8,8,10,12740,515,1162,0.04042386185243328,2.2563106796116505
small,10,3,3,18,1742,genetic_stochastic,square,success,8,1.49645857,8,8,10,12706,5287,25713,0.4161026286793641,4.86343862303764
small,10,3,3,19,1842,greedy,square,success,9,0.0009923,7,9,10,,,,,
small,10,3,3,19,1842,stochastic_greedy,square,success,10,0.000865678,9,10,10,,,,,
small,10,3,3,19,1842,genetic_greedy,square,success,8,0.1995557,8,8,10,12522,594,1561,0.047436511739338764,2.627946127946128
small,10,3,3,19,1842,genetic_stochastic,square,success,8,0.202375157,8,8,10,12616,634,2690,0.05025364616360178,4.242902208201893
small,10,3,3,20,1942,greedy,square,success,9,0.001051989,9,9,10,,,,,
small,10,3,3,20,1942,stochastic_greedy,square,success,9,0.000872441,9,8,10,,,,,
small,10,3,3,20,1942,genetic_greedy,square,success,8,0.202297706,8,8,10,12672,729,1953,0.05752840909090909,2.6790123456790123
small,10,3,3,20,1942,genetic_stochastic,square,success,8,0.329866806,8,8,10,12574,861,3637,0.06847463018927946,4.224157955865273
small,10,3,3,21,2042,greedy,square,success,9,0.000998505,9,9,10,,,,,
small,10,3,3,21,2042,stochastic_greedy,square,success,9,0.000922934,9,9,10,,,,,
small,10,3,3,21,2042,genetic_greedy,square,success,8,0.163633313,8,8,10,12658,292,1095,0.023068415231474168,3.75
small,10,3,3,21,2042,genetic_stochastic,square,success,8,0.420077933,8,8,10,12572,1004,4743,0.07986000636334713,4.72410358565737
small,10,3,3,22,2142,greedy,square,success,9,0.001207417,8,9,10,,,,,
small,10,3,3,22,2142,stochastic_greedy,square,success,9,0.000921811,9,9,10,,,,,
small,10,3,3,22,2142,genetic_greedy,square,success,8,0.137105024,8,8,10,12655,146,742,0.011536941920189649,5.082191780821918
small,10,3,3,22,2142,genetic_stochastic,square,success,8,0.455599369,8,8,10,12678,1824,6132,0.14387127307146239,3.361842105263158
small,10,3,3,23,2242,greedy,square,success,9,0.001282205,8,9,10,,,,,
small,10,3,3,23,2242,stochastic_greedy,square,success,9,0.000960017,8,9,10,,,,,
small,10,3,3,23,2242,genetic_greedy,square,success,8,0.42084946,8,8,10,12610,2804,5773,0.22236320380650276,2.0588445078459343
small,10,3,3,23,2242,genetic_stochastic,square,success,8,0.778355815,8,8,10,12632,2477,9211,0.19608929702343256,3.7186112232539363
small,10,3,3,24,2342,greedy,square,success,10,0.00101945,10,10,10,,,,,
small,10,3,3,24,2342,stochastic_greedy,square,success,9,0.000887628,9,9,10,,,,,
small,10,3,3,24,2342,genetic_greedy,square,success,9,0.467455974,9,8,10,12530,2110,5545,0.16839584996009577,2.6279620853080567
small,10,3,3,24,2342,genetic_stochastic,square,success,9,0.904802148,9,9,10,12511,2573,10575,0.20565902006234513,4.109988340458608
small,10,3,3,25,2442,greedy,square,success,9,0.001171687,9,9,10,,,,,
small,10,3,3,25,2442,stochastic_greedy,square,success,9,0.000893586,9,9,10,,,,,
small,10,3,3,25,2442,genetic_greedy,square,success,9,0.334056036,9,9,10,12600,815,2556,0.06468253968253969,3.136196319018405
small,10,3,3,25,2442,genetic_stochastic,square,success,8,0.132819472,8,8,10,12493,230,1090,0.018410309773473146,4.739130434782608
small,10,3,3,26,2542,greedy,square,success,9,0.00114337,9,9,10,,,,,
small,10,3,3,26,2542,stochastic_greedy,square,success,9,0.00099196,8,9,10,,,,,
small,10,3,3,26,2542,genetic_greedy,square,success,8,0.15394528,8,8,10,12678,173,786,0.013645685439343745,4.543352601156069
small,10,3,3,26,2542,genetic_stochastic,square,success,8,0.229932017,8,8,10,12624,492,1893,0.03897338403041825,3.847560975609756
small,10,3,3,27,2642,greedy,square,success,9,0.001150827,9,8,10,,,,,
small,10,3,3,27,2642,stochastic_greedy,square,success,9,0.000904025,9,8,10,,,,,
small,10,3,3,27,2642,genetic_greedy,square,success,8,0.236369768,8,8,10,12717,539,1801,0.042384210112447904,3.3413729128014844
small,10,3,3,27,2642,genetic_stochastic,square,success,8,1.121887146,8,8,10,12584,2505,13006,0.1990623013350286,5.192015968063872
small,10,3,3,28,2742,greedy,square,success,9,0.00098492,8,9,10,,,,,
small,10,3,3,28,2742,stochastic_greedy,square,success,10,0.000997497,9,10,10,,,,,
small,10,3,3,28,2742,genetic_greedy,square,success,8,0.191987468,8,8,10,12551,224,1147,0.01784718349135527,5.120535714285714
small,10,3,3,28,2742,genetic_stochastic,square,success,8,0.309897593,8,8,10,12622,674,3143,0.05339882744414514,4.663204747774481
small,10,3,3,29,2842,greedy,square,success,9,0.001227559,9,9,10,,,,,
small,10,3,3,29,2842,stochastic_greedy,square,success,9,0.00087025,9,9,10,,,,,
small,10,3,3,29,2842,genetic_greedy,square,success,8,0.20624864,8,8,10,12634,550,1264,0.043533322779800536,2.2981818181818183
small,10,3,3,29,2842,genetic_stochastic,square,success,8,0.3727808,7,8,10,12611,1492,5315,0.11830941241773055,3.562332439678284
small,10,3,3,30,2942,greedy,square,success,9,0.001098991,8,9,10,,,,,
small,10,3,3,30,2942,stochastic_greedy,square,success,9,0.000937706,9,9,10,,,,,
small,10,3,3,30,2942,genetic_greedy,square,success,8,0.635812272,8,8,10,12541,5292,11303,0.42197591898572684,2.1358654572940288
small,10,3,3,30,2942,genetic_stochastic,square,success,8,0.235261531,8,8,10,12555,740,2124,0.05894066109119873,2.8702702702702703
small,10,3,3,1,42,cplex,square,optimal,8,98.031845904,8,8,10,,,,,
small,10,3,3,2,142,cplex,square,optimal,8,167.818255611,8,8,10,,,,,
small,10,3,3,3,242,cplex,square,optimal,8,172.748207092,8,8,10,,,,,
small,10,3,3,4,342,cplex,square,optimal,8,100.177782418,7,8,10,,,,,
small,10,3,3,5,442,cplex,square,optimal,8,115.257623306,8,8,10,,,,,
small,10,3,3,6,542,cplex,square,optimal,8,107.000240237,8,8,10,,,,,
small,10,3,3,7,642,cplex,square,optimal,8,124.380806711,8,8,10,,,,,
small,10,3,3,8,742,cplex,square,optimal,8,131.794426978,8,8,10,,,,,
small,10,3,3,9,842,cplex,square,optimal,8,121.810752123,8,8,10,,,,,
small,10,3,3,10,942,cplex,square,optimal,8,138.379450995,8,8,10,,,,,
small,10,3,3,1,42,merge_greedy,square,success,10,0.024877313,10,8,10,,,,,
small,10,3,3,2,142,merge_greedy,square,success,9,0.019153418,8,9,10,,,,,
small,10,3,3,3,242,merge_greedy,square,success,9,0.020735172,9,7,10,,,,,
small,10,3,3,4,342,merge_greedy,square,success,9,0.020563285,8,9,10,,,,,
small,10,3,3,5,442,merge_greedy,square,success,9,0.020355177,9,9,10,,,,,
small,10,3,3,6,542,merge_greedy,square,success,10,0.020336279,10,9,10,,,,,
small,10,3,3,7,642,merge_greedy,square,success,9,0.020493336,7,9,10,,,,,
small,10,3,3,8,742,merge_greedy,square,success,9,0.016510939,9,8,10,,,,,
small,10,3,3,9,842,merge_greedy,square,success,9,0.017950372,9,8,10,,,,,
small,10,3,3,10,942,merge_greedy,square,success,9,0.015892975,9,8,10,,,,,
small,10,3,3,1,42,beam_search,square,success,9,0.075926831,9,9,10,,,,,
small,10,3,3,2,142,beam_search,square,success,9,0.076361049,9,8,10,,,,,
small,10,3,3,3,242,beam_search,square,success,8,0.081326249,8,8,10,,,,,
small,10,3,3,4,342,beam_search,square,success,8,0.086126541,8,8,10,,,,,
small,10,3,3,5,442,beam_search,square,success,9,0.073303447,9,9,10,,,,,
small,10,3,3,6,542,beam_search,square,success,8,0.076259266,8,8,10,,,,,
small,10,3,3,7,642,beam_search,square,success,8,0.078485847,8,8,10,,,,,
small,10,3,3,8,742,beam_search,square,success,8,0.078062563,8,8,10,,,,,
small,10,3,3,9,842,beam_search,square,success,8,0.078487967,8,7,10,,,,,
small,10,3,3,10,942,beam_search,square,success,9,0.07824087,8,9,10,,,,,
small,6,5,5,1,42,greedy,square,success,15,0.001148765,15,15,6,,,,,
small,6,5,5,1,42,stochastic_greedy,square,success,14,0.001283563,13,14,6,,,,,
small,6,5,5,1,42,genetic_greedy,square,success,13,0.296090481,13,13,6,12558,124,364,0.009874183787227266,2.935483870967742
small,6,5,5,1,42,genetic_stochastic,square,success,14,3.086588413,14,13,6,12584,1853,5272,0.14725047679593134,2.845116028062601
small,6,5,5,2,142,greedy,square,success,13,0.001153019,13,13,6,,,,,
small,6,5,5,2,142,stochastic_greedy,square,success,16,0.001254226,12,16,6,,,,,
small,6,5,5,2,142,genetic_greedy,square,success,14,0.576968609,12,14,6,12598,477,1045,0.03786315288140975,2.190775681341719
small,6,5,5,2,142,genetic_stochastic,square,success,13,5.18906048,13,13,6,12597,3658,9115,0.2903865999841232,2.491798797156916
small,6,5,5,3,242,greedy,square,success,16,0.00124906,16,16,6,,,,,
small,6,5,5,3,242,stochastic_greedy,square,success,15,0.001364288,14,15,6,,,,,
small,6,5,5,3,242,genetic_greedy,square,success,14,0.304956454,14,14,6,12598,136,237,0.010795364343546594,1.7426470588235294
small,6,5,5,3,242,genetic_stochastic,square,success,13,0.617589952,13,13,6,12667,613,1263,0.04839346332991237,2.060358890701468
small,6,5,5,4,342,greedy,square,success,15,0.001202631,15,13,6,,,,,
small,6,5,5,4,342,stochastic_greedy,square,success,15,0.001303774,14,15,6,,,,,
small,6,5,5,4,342,genetic_greedy,square,success,14,0.9381414,14,14,6,12722,618,1491,0.04857726772520044,2.412621359223301
small,6,5,5,4,342,genetic_stochastic,square,success,13,0.369356537,13,13,6,12614,242,557,0.019185032503567463,2.3016528925619837
small,6,5,5,5,442,greedy,square,success,15,0.001084265,15,15,6,,,,,
small,6,5,5,5,442,stochastic_greedy,square,success,15,0.00142257,14,15,6,,,,,
small,6,5,5,5,442,genetic_greedy,square,success,13,0.516102785,13,13,6,12626,394,701,0.031205449073340726,1.7791878172588833
small,6,5,5,5,442,genetic_stochastic,square,success,13,0.401218002,13,13,6,12640,214,543,0.016930379746835443,2.5373831775700935
small,6,5,5,6,542,greedy,square,success,15,0.001048227,12,15,6,,,,,
small,6,5,5,6,542,stochastic_greedy,square,success,15,0.00122612,15,12,6,,,,,
small,6,5,5,6,542,genetic_greedy,square,success,14,0.986920902,14,14,6,12583,1381,1458,0.10975125168878645,1.055756698044895
small,6,5,5,6,542,genetic_stochastic,square,success,13,0.843119178,13,13,6,12561,523,1147,0.04163681235570416,2.1931166347992352
small,6,5,5,7,642,greedy,square,success,16,0.00126821,15,16,6,,,,,
small,6,5,5,7,642,stochastic_greedy,square,success,14,0.001219167,14,12,6,,,,,
small,6,5,5,7,642,genetic_greedy,square,success,13,0.254444965,13,13,6,12639,103,293,0.008149378906559063,2.8446601941747574
small,6,5,5,7,642,genetic_stochastic,square,success,13,0.623177712,13,13,6,12608,377,976,0.029901649746192895,2.5888594164456236
small,6,5,5,8,742,greedy,square,success,15,0.001080258,13,15,6,,,,,
small,6,5,5,8,742,stochastic_greedy,square,success,15,0.001350222,14,15,6,,,,,
small,6,5,5,8,742,genetic_greedy,square,success,14,0.383825079,14,13,6,12514,324,558,0.025891002077673007,1.7222222222222223
small,6,5,5,8,742,genetic_stochastic,square,success,13,0.707597437,13,13,6,12615,243,699,0.019262782401902497,2.876543209876543
small,6,5,5,9,842,greedy,square,success,13,0.000975699,13,13,6,,,,,
small,6,5,5,9,842,stochastic_greedy,square,success,15,0.001478112,13,15,6,,,,,
small,6,5,5,9,842,genetic_greedy,square,success,13,0.21573269,13,13,6,12619,62,151,0.0049132260876456136,2.435483870967742
small,6,5,5,9,842,genetic_stochastic,square,success,13,0.68154686,13,12,6,12650,591,1211,0.0467193675889328,2.0490693739424706
small,6,5,5,10,942,greedy,square,success,16,0.00119544,16,16,6,,,,,
small,6,5,5,10,942,stochastic_greedy,square,success,14,0.001369166,13,14,6,,,,,
small,6,5,5,10,942,genetic_greedy,square,success,13,0.283361799,13,13,6,12641,133,363,0.010521319515861088,2.7293233082706765
small,6,5,5,10,942,genetic_stochastic,square,success,13,1.242952094,13,13,6,12531,1081,2844,0.08626606017077647,2.6308973172987975
small,6,5,5,1,42,merge_greedy,square,success,14,0.048546102,14,13,6,,,,,
small,6,5,5,2,142,merge_greedy,square,success,16,0.023317763,10,16,6,,,,,
small,6,5,5,3,242,merge_greedy,square,success,15,0.026439207,15,13,6,,,,,
small,6,5,5,4,342,merge_greedy,square,success,17,0.029715094,17,10,6,,,,,
small,6,5,5,5,442,merge_greedy,square,success,15,0.023639595,15,12,6,,,,,
small,6,5,5,6,542,merge_greedy,square,success,16,0.022276101,16,11,6,,,,,
small,6,5,5,7,642,merge_greedy,square,success,16,0.034830015,9,16,6,,,,,
small,6,5,5,8,742,merge_greedy,square,success,14,0.034583187,14,13,6,,,,,
small,6,5,5,9,842,merge_greedy,square,success,13,0.026161759,13,12,6,,,,,
small,6,5,5,10,942,merge_greedy,square,success,17,0.029547365,10,17,6,,,,,
small,6,5,5,1,42,cplex,square,feasible,13,300.698541276,13,13,6,,,,,
small,6,5,5,1,42,beam_search,square,success,14,0.070410775,14,14,6,,,,,
small,6,5,5,2,142,cplex,square,feasible,13,300.774568831,13,13,6,,,,,
small,6,5,5,2,142,beam_search,square,success,14,0.079245367,14,13,6,,,,,
small,6,5,5,3,242,cplex,square,feasible,13,300.725477547,13,13,6,,,,,
small,6,5,5,3,242,beam_search,square,success,14,0.07696576,13,14,6,,,,,
small,6,5,5,4,342,cplex,square,feasible,13,300.76508989,13,13,6,,,,,
small,6,5,5,4,342,beam_search,square,success,14,0.081257687,14,13,6,,,,,
small,6,5,5,5,442,cplex,square,feasible,13,300.752055692,13,13,6,,,,,
small,6,5,5,5,442,beam_search,square,success,13,0.072209515,13,13,6,,,,,
small,6,5,5,6,542,cplex,square,feasible,13,300.719405141,13,13,6,,,,,
small,6,5,5,6,542,beam_search,square,success,13,0.068438246,13,13,6,,,,,
small,6,5,5,7,642,cplex,square,feasible,13,300.779806571,13,13,6,,,,,
small,6,5,5,7,642,beam_search,square,success,14,0.069720661,14,14,6,,,,,
small,6,5,5,8,742,cplex,square,feasible,13,300.585832384,13,13,6,,,,,
small,6,5,5,8,742,beam_search,square,success,14,0.073364336,13,14,6,,,,,
small,6,5,5,9,842,cplex,square,optimal,13,222.293827096,13,13,6,,,,,
small,6,5,5,9,842,beam_search,square,success,14,0.081145065,14,13,6,,,,,
small,6,5,5,10,942,cplex,square,feasible,13,301.203206948,13,13,6,,,,,
small,6,5,5,10,942,beam_search,square,success,14,0.069251192,12,14,6,,,,,
small,6,10,10,1,42,greedy,square,success,32,0.008288576,32,32,6,,,,,
small,6,10,10,1,42,stochastic_greedy,square,success,32,0.009307814,29,32,6,,,,,
small,6,10,10,1,42,genetic_greedy,square,success,29,7.736558999,26,29,6,12643,90,253,0.007118563632049355,2.811111111111111
small,6,10,10,1,42,genetic_stochastic,square,success,29,10.786781001,26,29,6,12602,635,1217,0.05038882717029043,1.9165354330708662
small,6,10,10,2,142,greedy,square,success,30,0.011502377,29,30,6,,,,,
small,6,10,10,2,142,stochastic_greedy,square,success,30,0.010541632,30,29,6,,,,,
small,6,10,10,2,142,genetic_greedy,square,success,29,5.285980998,29,29,6,12647,117,259,0.009251205819561951,2.213675213675214
small,6,10,10,2,142,genetic_stochastic,square,success,29,21.230898189,29,29,6,12555,2367,4374,0.18853046594982079,1.8479087452471483
small,6,10,10,3,242,greedy,square,success,32,0.008769839,32,32,6,,,,,
small,6,10,10,3,242,stochastic_greedy,square,success,30,0.008870209,30,29,6,,,,,
small,6,10,10,3,242,genetic_greedy,square,success,30,3.458201788,30,30,6,12562,37,85,0.002945390861327814,2.2972972972972974
small,6,10,10,3,242,genetic_stochastic,square,success,29,24.298305472,29,29,6,12554,3164,3895,0.25203122510753545,1.2310366624525917
small,6,10,10,4,342,greedy,square,success,32,0.007480466,29,32,6,,,,,
small,6,10,10,4,342,stochastic_greedy,square,success,30,0.008309166,29,30,6,,,,,
small,6,10,10,4,342,genetic_greedy,square,success,31,1.336377822,31,28,6,12640,74,76,0.005854430379746835,1.027027027027027
small,6,10,10,4,342,genetic_stochastic,square,success,29,12.049536887,29,29,6,12686,1421,2056,0.11201324294497872,1.446868402533427
small,6,10,10,5,442,greedy,square,success,33,0.00790304,29,33,6,,,,,
small,6,10,10,5,442,stochastic_greedy,square,success,31,0.007987522,31,29,6,,,,,
small,6,10,10,5,442,genetic_greedy,square,success,29,7.153513199,29,29,6,12620,822,912,0.06513470681458003,1.1094890510948905
small,6,10,10,5,442,genetic_stochastic,square,success,29,13.428168426,29,29,6,12511,1123,1997,0.08976101031092638,1.7782724844167408
small,6,10,10,6,542,greedy,square,success,33,0.011774316,33,33,6,,,,,
small,6,10,10,6,542,stochastic_greedy,square,success,33,0.015342963,28,33,6,,,,,
small,6,10,10,6,542,genetic_greedy,square,success,30,11.227353199,30,28,6,12673,403,820,0.03179988952891975,2.034739454094293
small,6,10,10,6,542,genetic_stochastic,square,success,29,9.226353332,29,28,6,12578,251,553,0.019955477818413104,2.2031872509960158
small,6,10,10,7,642,greedy,square,success,30,0.008019866,30,29,6,,,,,
small,6,10,10,7,642,stochastic_greedy,square,success,32,0.009021594,32,32,6,,,,,
small,6,10,10,7,642,genetic_greedy,square,success,29,5.467564047,29,29,6,12500,330,680,0.0264,2.0606060606060606
small,6,10,10,7,642,genetic_stochastic,square,success,29,24.34900987,29,29,6,12564,1995,3832,0.15878701050620822,1.9208020050125314
small,6,10,10,8,742,greedy,square,success,30,0.00807929,29,30,6,,,,,
small,6,10,10,8,742,stochastic_greedy,square,success,30,0.00712024,30,29,6,,,,,
small,6,10,10,8,742,genetic_greedy,square,success,30,4.141886752,29,30,6,12618,292,326,0.023141543826279917,1.1164383561643836
small,6,10,10,8,742,genetic_stochastic,square,success,28,11.863130278,28,28,6,12628,590,1019,0.04672157111181501,1.7271186440677966
small,6,10,10,9,842,greedy,square,success,33,0.009294673,29,33,6,,,,,
small,6,10,10,9,842,stochastic_greedy,square,success,33,0.009911961,33,29,6,,,,,
small,6,10,10,9,842,genetic_greedy,square,success,29,0.853808735,29,29,6,12651,27,42,0.0021342186388427793,1.5555555555555556
small,6,10,10,9,842,genetic_stochastic,square,success,29,10.140165848,29,29,6,12633,1341,1596,0.106150558062218,1.1901565995525727
small,6,10,10,10,942,greedy,square,success,33,0.007612004,33,33,6,,,,,
small,6,10,10,10,942,stochastic_greedy,square,success,30,0.008130403,30,29,6,,,,,
small,6,10,10,10,942,genetic_greedy,square,success,30,6.449617965,30,29,6,12517,853,995,0.06814731964528242,1.1664712778429074
small,6,10,10,10,942,genetic_stochastic,square,success,29,4.528120193,29,29,6,12660,263,473,0.020774091627172198,1.7984790874524714
small,6,10,10,1,42,merge_greedy,square,success,34,0.676192898,34,22,6,,,,,
small,6,10,10,2,142,merge_greedy,square,success,30,0.854989929,23,30,6,,,,,
small,6,10,10,3,242,merge_greedy,square,success,32,0.658664905,32,21,6,,,,,
small,6,10,10,4,342,merge_greedy,square,success,34,0.665311821,34,22,6,,,,,
small,6,10,10,5,442,merge_greedy,square,success,35,0.69407662,20,35,6,,,,,
small,6,10,10,6,542,merge_greedy,square,success,33,0.647263339,33,20,6,,,,,
small,6,10,10,7,642,merge_greedy,square,success,35,0.733593174,35,23,6,,,,,
small,6,10,10,8,742,merge_greedy,square,success,30,0.527794633,29,30,6,,,,,
small,6,10,10,9,842,merge_greedy,square,success,33,0.679032934,33,20,6,,,,,
small,6,10,10,10,942,merge_greedy,square,success,34,0.674255815,34,20,6,,,,,
small,8,5,5,1,42,greedy,square,success,15,0.001537237,15,15,8,,,,,
small,8,5,5,1,42,stochastic_greedy,square,success,17,0.002468741,16,17,8,,,,,
small,8,5,5,1,42,genetic_greedy,square,success,15,0.747831616,15,15,8,12525,281,1132,0.022435129740518964,4.02846975088968
small,8,5,5,1,42,genetic_stochastic,square,success,15,2.760940297,14,15,8,12509,827,3009,0.06611239907266768,3.6384522370012093
small,8,5,5,2,142,greedy,square,success,17,0.001525208,17,17,8,,,,,
small,8,5,5,2,142,stochastic_greedy,square,success,17,0.00185707,15,17,8,,,,,
small,8,5,5,2,142,genetic_greedy,square,success,15,1.476445833,15,15,8,12507,441,1826,0.03526025425761573,4.140589569160998
small,8,5,5,2,142,genetic_stochastic,square,success,15,7.122844252,15,14,8,12627,2452,10158,0.19418705947572662,4.142740619902121
small,8,5,5,3,242,greedy,square,success,17,0.001542696,16,17,8,,,,,
small,8,5,5,3,242,stochastic_greedy,square,success,15,0.001679711,14,15,8,,,,,
small,8,5,5,3,242,genetic_greedy,square,success,15,0.53967646,15,15,8,12601,152,575,0.012062534719466708,3.7828947368421053
small,8,5,5,3,242,genetic_stochastic,square,success,15,2.458495863,15,15,8,12626,1358,3633,0.10755583716141295,2.6752577319587627
small,8,5,5,4,342,greedy,square,success,16,0.00148731,16,16,8,,,,,
small,8,5,5,4,342,stochastic_greedy,square,success,17,0.001900336,17,17,8,,,,,
small,8,5,5,4,342,genetic_greedy,square,success,15,0.493686902,15,15,8,12552,143,405,0.011392606755895474,2.832167832167832
small,8,5,5,4,342,genetic_stochastic,square,success,15,1.236167237,15,15,8,12683,837,2056,0.06599385003548057,2.4563918757467142
small,8,5,5,5,442,greedy,square,success,16,0.001393029,15,16,8,,,,,
small,8,5,5,5,442,stochastic_greedy,square,success,16,0.001705703,16,16,8,,,,,
small,8,5,5,5,442,genetic_greedy,square,success,15,0.409613052,15,15,8,12686,55,245,0.004335487939460823,4.454545454545454
small,8,5,5,5,442,genetic_stochastic,square,success,15,1.125212584,15,15,8,12572,440,1512,0.034998409163219855,3.4363636363636365
small,8,5,5,6,542,greedy,square,success,16,0.001303359,16,15,8,,,,,
small,8,5,5,6,542,stochastic_greedy,square,success,17,0.001609752,15,17,8,,,,,
small,8,5,5,6,542,genetic_greedy,square,success,16,8.554555303,16,16,8,12664,2479,10550,0.19575173720783323,4.255748285599032
small,8,5,5,6,542,genetic_stochastic,square,success,15,4.352192127,15,15,8,12649,2192,8261,0.17329433156771287,3.7687043795620436
small,8,5,5,7,642,greedy,square,success,17,0.001503362,15,17,8,,,,,
small,8,5,5,7,642,stochastic_greedy,square,success,17,0.002239791,16,17,8,,,,,
small,8,5,5,7,642,genetic_greedy,square,success,15,1.102258568,15,15,8,12544,329,1206,0.026227678571428572,3.6656534954407296
small,8,5,5,7,642,genetic_stochastic,square,success,15,3.875429922,15,15,8,12551,2242,6085,0.17863118476615408,2.714094558429973
small,8,5,5,8,742,greedy,square,success,17,0.001619279,17,16,8,,,,,
small,8,5,5,8,742,stochastic_greedy,square,success,17,0.004686792,16,17,8,,,,,
small,8,5,5,8,742,genetic_greedy,square,success,15,1.268507039,15,15,8,12614,739,1431,0.058585698430315525,1.9364005412719891
small,8,5,5,8,742,genetic_stochastic,square,success,15,2.229630589,15,15,8,12583,2106,3471,0.16736867201780178,1.6481481481481481
small,8,5,5,9,842,greedy,square,success,16,0.001434822,15,16,8,,,,,
small,8,5,5,9,842,stochastic_greedy,square,success,16,0.001721054,16,16,8,,,,,
small,8,5,5,9,842,genetic_greedy,square,success,15,0.453543341,15,15,8,12585,123,422,0.009773539928486293,3.430894308943089
small,8,5,5,9,842,genetic_stochastic,square,success,15,1.177348003,15,15,8,12598,770,2259,0.061120812827432924,2.933766233766234
small,8,5,5,10,942,greedy,square,success,16,0.001618904,14,16,8,,,,,
small,8,5,5,10,942,stochastic_greedy,square,success,17,0.001862818,16,17,8,,,,,
small,8,5,5,10,942,genetic_greedy,square,success,15,0.56272439,15,15,8,12663,84,398,0.006633499170812604,4.738095238095238
small,8,5,5,10,942,genetic_stochastic,square,success,15,1.588872237,15,14,8,12580,748,2528,0.05945945945945946,3.379679144385027
small,8,5,5,1,42,merge_greedy,square,success,18,0.074917088,18,12,8,,,,,
small,8,5,5,2,142,merge_greedy,square,success,18,0.087920714,13,18,8,,,,,
small,8,5,5,3,242,merge_greedy,square,success,16,0.0724142,16,14,8,,,,,
small,8,5,5,4,342,merge_greedy,square,success,17,0.086822274,17,14,8,,,,,
small,8,5,5,5,442,merge_greedy,square,success,17,0.069887862,13,17,8,,,,,
small,8,5,5,6,542,merge_greedy,square,success,17,0.084707084,14,17,8,,,,,
small,8,5,5,7,642,merge_greedy,square,success,19,0.096718391,12,19,8,,,,,
small,8,5,5,8,742,merge_greedy,square,success,16,0.12315026,16,15,8,,,,,
small,8,5,5,9,842,merge_greedy,square,success,16,0.092720926,16,14,8,,,,,
small,8,5,5,10,942,merge_greedy,square,success,20,0.092849154,20,10,8,,,,,
small,8,5,5,1,42,cplex,square,feasible,14,301.315548611,14,14,8,,,,,
small,8,5,5,1,42,beam_search,square,success,15,0.17483832,15,15,8,,,,,
small,8,5,5,2,142,cplex,square,feasible,15,301.426893497,15,15,8,,,,,
small,8,5,5,2,142,beam_search,square,success,15,0.180107073,15,15,8,,,,,
small,8,5,5,3,242,cplex,square,feasible,14,305.019586691,14,14,8,,,,,
small,8,5,5,3,242,beam_search,square,success,15,0.183289637,15,15,8,,,,,
small,8,5,5,4,342,cplex,square,feasible,15,301.637348732,15,15,8,,,,,
small,8,5,5,4,342,beam_search,square,success,16,0.179505953,16,15,8,,,,,
small,8,5,5,5,442,cplex,square,feasible,15,301.266990038,15,15,8,,,,,
small,8,5,5,5,442,beam_search,square,success,15,0.177556684,15,15,8,,,,,
small,8,5,5,6,542,cplex,square,feasible,15,306.649495501,15,15,8,,,,,
small,8,5,5,6,542,beam_search,square,success,16,0.180973847,16,15,8,,,,,
small,8,5,5,7,642,cplex,square,feasible,15,301.414569774,15,15,8,,,,,
small,8,5,5,7,642,beam_search,square,success,15,0.179275413,15,15,8,,,,,
small,8,5,5,8,742,cplex,square,feasible,15,301.627388975,15,15,8,,,,,
small,8,5,5,8,742,beam_search,square,success,15,0.178912008,14,15,8,,,,,
small,8,5,5,9,842,cplex,square,feasible,14,301.340838335,14,14,8,,,,,
small,8,5,5,9,842,beam_search,square,success,15,0.178111771,15,15,8,,,,,
small,8,5,5,10,942,cplex,square,feasible,15,301.425375661,15,15,8,,,,,
small,8,5,5,10,942,beam_search,square,success,15,0.185867954,15,15,8,,,,,
small,8,10,10,1,42,greedy,square,success,34,0.038284038,34,34,8,,,,,
small,8,10,10,1,42,stochastic_greedy,square,success,34,0.018195673,32,34,8,,,,,
small,8,10,10,1,42,genetic_greedy,square,success,32,48.509815657,32,32,8,12606,813,2807,0.06449309852451214,3.4526445264452645
small,8,10,10,1,42,genetic_stochastic,square,success,30,43.822231206,30,30,8,12675,500,1949,0.03944773175542406,3.898
small,8,10,10,2,142,greedy,square,success,36,0.013604298,36,36,8,,,,,
small,8,10,10,2,142,stochastic_greedy,square,success,33,0.015525823,31,33,8,,,,,
small,8,10,10,2,142,genetic_greedy,square,success,31,44.284684714,31,31,8,12567,400,1787,0.03182939444577067,4.4675
small,8,10,10,2,142,genetic_stochastic,square,success,30,35.511602919,30,30,8,12580,461,1724,0.036645468998410174,3.7396963123644253
small,8,10,10,3,242,greedy,square,success,33,0.013067065,33,33,8,,,,,
small,8,10,10,3,242,stochastic_greedy,square,success,33,0.01340402,33,32,8,,,,,
small,8,10,10,3,242,genetic_greedy,square,success,33,20.449009944,33,33,8,12591,125,614,0.009927726153601778,4.912
small,8,10,10,3,242,genetic_stochastic,square,success,30,42.099678714,30,30,8,12645,953,2826,0.07536575721629102,2.9653725078698847
small,8,10,10,4,342,greedy,square,success,33,0.012928052,33,33,8,,,,,
small,8,10,10,4,342,stochastic_greedy,square,success,36,0.015154335,35,36,8,,,,,
small,8,10,10,4,342,genetic_greedy,square,success,32,22.965611693,32,31,8,12599,816,1351,0.06476704500357171,1.6556372549019607
small,8,10,10,4,342,genetic_stochastic,square,success,31,30.985070446,30,31,8,12592,343,1356,0.02723951715374841,3.9533527696793005
small,8,10,10,5,442,greedy,square,success,33,0.012350516,32,33,8,,,,,
small,8,10,10,5,442,stochastic_greedy,square,success,37,0.021008883,37,36,8,,,,,
small,8,10,10,5,442,genetic_greedy,square,success,31,25.121691274,31,31,8,12668,259,827,0.020445216293021786,3.193050193050193
small,8,10,10,5,442,genetic_stochastic,square,success,31,34.413182798,31,31,8,12568,395,1492,0.03142902609802673,3.777215189873418
small,8,10,10,6,542,greedy,square,success,37,0.016042826,37,34,8,,,,,
small,8,10,10,6,542,stochastic_greedy,square,success,33,0.016174245,33,33,8,,,,,
small,8,10,10,6,542,genetic_greedy,square,success,32,12.707506551,32,32,8,12712,238,719,0.018722466960352423,3.0210084033613445
small,8,10,10,6,542,genetic_stochastic,square,success,31,66.042499881,31,31,8,12652,599,2495,0.04734429339234904,4.165275459098497
small,8,10,10,7,642,greedy,square,success,34,0.015349478,34,34,8,,,,,
small,8,10,10,7,642,stochastic_greedy,square,success,33,0.016771544,33,33,8,,,,,
small,8,10,10,7,642,genetic_greedy,square,success,30,25.807678539,30,30,8,12596,881,1657,0.06994283899650683,1.8808172531214529
small,8,10,10,7,642,genetic_stochastic,square,success,31,36.561941819,31,31,8,12634,612,1936,0.04844071552952351,3.1633986928104574
small,8,10,10,8,742,greedy,square,success,34,0.015043703,34,34,8,,,,,
small,8,10,10,8,742,stochastic_greedy,square,success,35,0.018501083,35,35,8,,,,,
small,8,10,10,8,742,genetic_greedy,square,success,33,13.791239776,33,33,8,12529,300,719,0.023944448878601643,2.3966666666666665
small,8,10,10,8,742,genetic_stochastic,square,success,31,25.044877558,31,31,8,12632,305,1116,0.024145028499050033,3.6590163934426227
small,8,10,10,9,842,greedy,square,success,34,0.014350355,33,34,8,,,,,
small,8,10,10,9,842,stochastic_greedy,square,success,32,0.013869734,32,32,8,,,,,
small,8,10,10,9,842,genetic_greedy,square,success,31,19.100487519,31,31,8,12565,268,843,0.02132908873855949,3.1455223880597014
small,8,10,10,9,842,genetic_stochastic,square,success,31,37.017410488,31,31,8,12612,434,1640,0.0344116714240406,3.7788018433179724
small,8,10,10,10,942,greedy,square,success,35,0.013211797,35,35,8,,,,,
small,8,10,10,10,942,stochastic_greedy,square,success,35,0.014829625,35,32,8,,,,,
small,8,10,10,10,942,genetic_greedy,square,success,32,11.48172983,31,32,8,12637,162,549,0.012819498298646832,3.388888888888889
small,8,10,10,10,942,genetic_stochastic,square,success,30,52.736189363,30,30,8,12683,667,2505,0.052590081211069936,3.7556221889055474
small,8,10,10,1,42,merge_greedy,square,success,44,2.384764189,44,22,8,,,,,
small,8,10,10,2,142,merge_greedy,square,success,44,2.231957033,20,44,8,,,,,
small,8,10,10,3,242,merge_greedy,square,success,42,2.276064099,42,21,8,,,,,
small,8,10,10,4,342,merge_greedy,square,success,44,2.319346802,44,22,8,,,,,
small,8,10,10,5,442,merge_greedy,square,success,45,2.417964044,20,45,8,,,,,
small,8,10,10,6,542,merge_greedy,square,success,43,2.239758716,43,20,8,,,,,
small,8,10,10,7,642,merge_greedy,square,success,45,2.422109515,45,23,8,,,,,
small,8,10,10,8,742,merge_greedy,square,success,31,1.751589312,31,30,8,,,,,
small,8,10,10,9,842,merge_greedy,square,success,44,2.382601087,44,22,8,,,,,
small,8,10,10,10,942,merge_greedy,square,success,42,2.24832496,42,20,8,,,,,
small,10,5,5,1,42,greedy,square,success,18,0.004236021,18,17,10,,,,,
small,10,5,5,1,42,stochastic_greedy,square,success,19,0.009777534,19,19,10,,,,,
small,10,5,5,1,42,genetic_greedy,square,success,17,1.506747071,17,17,10,12502,153,964,0.012238041913293873,6.300653594771242
small,10,5,5,1,42,genetic_stochastic,square,success,16,2.107053186,16,16,10,12513,363,2079,0.029009829777031888,5.7272727272727275
small,10,5,5,2,142,greedy,square,success,18,0.001972431,18,17,10,,,,,
small,10,5,5,2,142,stochastic_greedy,square,success,18,0.002223173,18,16,10,,,,,
small,10,5,5,2,142,genetic_greedy,square,success,16,1.46043505,16,16,10,12583,232,1365,0.01843757450528491,5.883620689655173
small,10,5,5,2,142,genetic_stochastic,square,success,17,6.084791059,17,17,10,12712,1170,6448,0.09203901825047199,5.511111111111111
small,10,5,5,3,242,greedy,square,success,18,0.002148194,18,17,10,,,,,
small,10,5,5,3,242,stochastic_greedy,square,success,18,0.002635735,18,18,10,,,,,
small,10,5,5,3,242,genetic_greedy,square,success,16,0.604470458,16,16,10,12588,88,432,0.0069907848744836356,4.909090909090909
small,10,5,5,3,242,genetic_stochastic,square,success,17,24.281681389,17,17,10,12465,3728,23935,0.29907741676694743,6.420332618025751
small,10,5,5,4,342,greedy,square,success,19,0.002241352,19,19,10,,,,,
small,10,5,5,4,342,stochastic_greedy,square,success,18,0.00252357,17,18,10,,,,,
small,10,5,5,4,342,genetic_greedy,square,success,17,1.498527972,17,17,10,12720,123,892,0.009669811320754717,7.252032520325203
small,10,5,5,4,342,genetic_stochastic,square,success,16,2.082361599,16,16,10,12615,466,2243,0.036940150614348,4.813304721030043
small,10,5,5,5,442,greedy,square,success,17,0.002146972,17,17,10,,,,,
small,10,5,5,5,442,stochastic_greedy,square,success,18,0.00218898,17,18,10,,,,,
small,10,5,5,5,442,genetic_greedy,square,success,17,2.188108947,16,17,10,12485,342,1962,0.027392871445734882,5.7368421052631575
small,10,5,5,5,442,genetic_stochastic,square,success,17,13.930588823,17,16,10,12673,2893,14323,0.22828059654383334,4.950916004147944
small,10,5,5,6,542,greedy,square,success,18,0.001900039,17,18,10,,,,,
small,10,5,5,6,542,stochastic_greedy,square,success,18,0.002243397,16,18,10,,,,,
small,10,5,5,6,542,genetic_greedy,square,success,17,1.417943071,17,17,10,12606,297,1299,0.02356020942408377,4.373737373737374
small,10,5,5,6,542,genetic_stochastic,square,success,16,1.722437789,16,16,10,12611,396,1894,0.031401157719451275,4.782828282828283
small,10,5,5,7,642,greedy,square,success,17,0.001971479,17,17,10,,,,,
small,10,5,5,7,642,stochastic_greedy,square,success,18,0.002441235,18,18,10,,,,,
small,10,5,5,7,642,genetic_greedy,square,success,16,2.901221956,16,16,10,12636,2006,3285,0.15875276986388098,1.6375872382851446
small,10,5,5,7,642,genetic_stochastic,square,success,17,2.486324133,16,17,10,12704,507,2630,0.03990869017632242,5.187376725838265
small,10,5,5,8,742,greedy,square,success,19,0.002168621,19,19,10,,,,,
small,10,5,5,8,742,stochastic_greedy,square,success,19,0.002529536,18,19,10,,,,,
small,10,5,5,8,742,genetic_greedy,square,success,17,1.177417571,17,17,10,12636,128,786,0.010129787907565685,6.140625
small,10,5,5,8,742,genetic_stochastic,square,success,16,5.09736245,16,16,10,12530,2801,5732,0.22354349561053471,2.046411995715816
small,10,5,5,9,842,greedy,square,success,17,0.002202229,17,17,10,,,,,
small,10,5,5,9,842,stochastic_greedy,square,success,18,0.003710803,17,18,10,,,,,
small,10,5,5,9,842,genetic_greedy,square,success,17,2.748639174,16,17,10,12624,335,2235,0.02653675538656527,6.6716417910447765
small,10,5,5,9,842,genetic_stochastic,square,success,16,2.932837787,16,16,10,12653,693,3501,0.05476961985299929,5.0519480519480515
small,10,5,5,10,942,greedy,square,success,18,0.001983725,18,18,10,,,,,
small,10,5,5,10,942,stochastic_greedy,square,success,18,0.002365369,18,18,10,,,,,
small,10,5,5,10,942,genetic_greedy,square,success,17,2.356876392,16,17,10,12604,410,2179,0.032529355760076165,5.314634146341463
small,10,5,5,10,942,genetic_stochastic,square,success,17,6.191247769,15,17,10,12707,2702,7980,0.21263870307704416,2.9533678756476682
small,10,5,5,1,42,merge_greedy,square,success,22,0.201401764,22,11,10,,,,,
small,10,5,5,2,142,merge_greedy,square,success,17,0.195453252,17,17,10,,,,,
small,10,5,5,3,242,merge_greedy,square,success,17,0.192285712,16,17,10,,,,,
small,10,5,5,4,342,merge_greedy,square,success,18,0.217803692,16,18,10,,,,,
small,10,5,5,5,442,merge_greedy,square,success,21,0.154852334,12,21,10,,,,,
small,10,5,5,6,542,merge_greedy,square,success,17,0.195939468,17,17,10,,,,,
small,10,5,5,7,642,merge_greedy,square,success,19,0.204727807,19,15,10,,,,,
small,10,5,5,8,742,merge_greedy,square,success,23,0.208217367,13,23,10,,,,,
small,10,5,5,9,842,merge_greedy,square,success,16,0.186774659,16,16,10,,,,,
small,10,5,5,10,942,merge_greedy,square,success,25,0.258020373,25,11,10,,,,,
small,10,5,5,1,42,cplex,square,feasible,17,303.014111708,17,17,10,,,,,
small,10,5,5,1,42,beam_search,square,success,17,0.369396212,15,17,10,,,,,
small,10,5,5,2,142,cplex,square,feasible,16,303.00411777,16,16,10,,,,,
small,10,5,5,2,142,beam_search,square,success,16,0.380582278,16,16,10,,,,,
small,10,5,5,3,242,cplex,square,feasible,16,303.020850935,16,16,10,,,,,
small,10,5,5,3,242,beam_search,square,success,16,0.389623135,16,16,10,,,,,
small,10,5,5,4,342,cplex,square,feasible,17,303.044894793,17,17,10,,,,,
small,10,5,5,4,342,beam_search,square,success,17,0.402760685,17,17,10,,,,,
small,10,5,5,5,442,cplex,square,feasible,16,302.619061982,16,16,10,,,,,
small,10,5,5,5,442,beam_search,square,success,17,0.404928448,17,16,10,,,,,
small,10,5,5,6,542,cplex,square,feasible,16,302.989499151,16,16,10,,,,,
small,10,5,5,6,542,beam_search,square,success,17,0.395667535,17,15,10,,,,,
small,10,5,5,7,642,cplex,square,feasible,17,303.152204778,17,17,10,,,,,
small,10,5,5,7,642,beam_search,square,success,17,0.394380986,17,17,10,,,,,
small,10,5,5,8,742,cplex,square,feasible,17,302.665401508,16,17,10,,,,,
small,10,5,5,8,742,beam_search,square,success,17,0.382542161,16,17,10,,,,,
small,10,5,5,9,842,cplex,square,feasible,16,302.982938403,16,16,10,,,,,
small,10,5,5,9,842,beam_search,square,success,17,0.38779537,17,17,10,,,,,
small,10,5,5,10,942,cplex,square,feasible,17,302.99544931,17,17,10,,,,,
small,10,5,5,10,942,beam_search,square,success,17,0.403659434,17,17,10,,,,,
small,10,10,10,1,42,greedy,square,success,40,0.026203895,38,40,10,,,,,
small,10,10,10,1,42,stochastic_greedy,square,success,40,0.025484046,40,40,10,,,,,
small,10,10,10,1,42,genetic_greedy,square,success,38,140.192712573,36,38,10,12622,1933,4838,0.15314530185390587,2.502845318158303
small,10,10,10,1,42,genetic_stochastic,square,success,37,98.273797487,37,37,10,12594,616,3148,0.04891218040336668,5.1103896103896105
small,10,10,10,2,142,greedy,square,success,38,0.023225828,37,38,10,,,,,
small,10,10,10,2,142,stochastic_greedy,square,success,40,0.027873393,40,36,10,,,,,
small,10,10,10,2,142,genetic_greedy,square,success,37,30.009131633,37,37,10,12599,116,651,0.00920707992697833,5.612068965517241
small,10,10,10,2,142,genetic_stochastic,square,success,37,63.232085783,37,37,10,12540,531,2218,0.042344497607655504,4.1770244821092275
small,10,10,10,3,242,greedy,square,success,39,0.026965554,39,39,10,,,,,
small,10,10,10,3,242,stochastic_greedy,square,success,39,0.030231238,39,37,10,,,,,
small,10,10,10,3,242,genetic_greedy,square,success,37,76.754051756,37,37,10,12606,662,3083,0.05251467555132477,4.657099697885196
small,10,10,10,3,242,genetic_stochastic,square,success,37,126.664501163,37,37,10,12642,828,4213,0.06549596582819174,5.088164251207729
small,10,10,10,4,342,greedy,square,success,39,0.021189246,39,39,10,,,,,
small,10,10,10,4,342,stochastic_greedy,square,success,39,0.025394992,38,39,10,,,,,
small,10,10,10,4,342,genetic_greedy,square,success,37,55.113067517,37,37,10,12524,1591,2636,0.1270360907058448,1.6568196103079824
small,10,10,10,4,342,genetic_stochastic,square,success,37,127.364633188,36,37,10,12586,689,3807,0.05474336564436676,5.5253991291727145
small,10,10,10,5,442,greedy,square,success,39,0.026270583,39,39,10,,,,,
small,10,10,10,5,442,stochastic_greedy,square,success,39,0.026160323,39,38,10,,,,,
small,10,10,10,5,442,genetic_greedy,square,success,36,34.757036552,36,36,10,12646,286,1189,0.022615846908113236,4.1573426573426575
small,10,10,10,5,442,genetic_stochastic,square,success,37,100.344024186,37,37,10,12624,694,3365,0.05497465145754119,4.848703170028818
small,10,10,10,6,542,greedy,square,success,40,0.025647394,40,40,10,,,,,
small,10,10,10,6,542,stochastic_greedy,square,success,40,0.028355206,40,35,10,,,,,
small,10,10,10,6,542,genetic_greedy,square,success,38,35.385903264,37,38,10,12523,398,1096,0.03178152199952088,2.7537688442211055
small,10,10,10,6,542,genetic_stochastic,square,success,37,122.556375036,37,37,10,12639,895,4135,0.07081256428514913,4.620111731843576
small,10,10,10,7,642,greedy,square,success,40,0.024262143,36,40,10,,,,,
small,10,10,10,7,642,stochastic_greedy,square,success,40,0.031286635,38,40,10,,,,,
small,10,10,10,7,642,genetic_greedy,square,success,37,75.69226555,37,37,10,12474,702,2734,0.05627705627705628,3.8945868945868947
small,10,10,10,7,642,genetic_stochastic,square,success,36,65.773591036,36,36,10,12581,1061,2594,0.08433351879818775,2.4448633364750236
small,10,10,10,8,742,greedy,square,success,42,0.028334109,41,42,10,,,,,
small,10,10,10,8,742,stochastic_greedy,square,success,40,0.026659559,36,40,10,,,,,
small,10,10,10,8,742,genetic_greedy,square,success,37,68.740509829,37,37,10,12561,406,2153,0.032322267335403235,5.302955665024631
small,10,10,10,8,742,genetic_stochastic,square,success,37,202.49448759,37,37,10,12532,850,5372,0.06782636450686243,6.32
small,10,10,10,9,842,greedy,square,success,38,0.02024779,38,38,10,,,,,
small,10,10,10,9,842,stochastic_greedy,square,success,39,0.02068107,37,39,10,,,,,
small,10,10,10,9,842,genetic_greedy,square,success,37,39.508263617,37,36,10,12541,452,1770,0.03604178295191771,3.915929203539823
small,10,10,10,9,842,genetic_stochastic,square,success,37,136.343967194,37,37,10,12652,1742,4825,0.1376857413847613,2.769804822043628
small,10,10,10,10,942,greedy,square,success,41,0.021307447,41,41,10,,,,,
small,10,10,10,10,942,stochastic_greedy,square,success,39,0.029770126,39,39,10,,,,,
small,10,10,10,10,942,genetic_greedy,square,success,37,32.608333805,37,37,10,12556,175,934,0.013937559732398854,5.337142857142857
small,10,10,10,10,942,genetic_stochastic,square,success,37,76.637522076,37,37,10,12570,356,2002,0.02832140015910899,5.623595505617978
small,10,10,10,1,42,merge_greedy,square,success,54,6.370808397,54,22,10,,,,,
small,10,10,10,2,142,merge_greedy,square,success,54,5.934617715,20,54,10,,,,,
small,10,10,10,3,242,merge_greedy,square,success,39,4.764910157,39,35,10,,,,,
small,10,10,10,4,342,merge_greedy,square,success,54,6.235747887,54,22,10,,,,,
small,10,10,10,5,442,merge_greedy,square,success,55,6.375356808,20,55,10,,,,,
small,10,10,10,6,542,merge_greedy,square,success,53,6.078807559,53,20,10,,,,,
small,10,10,10,7,642,merge_greedy,square,success,55,6.362813747,55,23,10,,,,,
small,10,10,10,8,742,merge_greedy,square,success,45,4.903427972,30,45,10,,,,,
small,10,10,10,9,842,merge_greedy,square,success,54,6.361427124,54,22,10,,,,,
small,10,10,10,10,942,merge_greedy,square,success,52,5.9974525,52,25,10,,,,,
small,6,2,4,1,42,cplex,square,optimal,6,0.226695213,6,6,6,,,,,
small,6,2,4,1,42,merge_greedy,square,success,8,0.004347295,8,4,6,,,,,
small,6,2,4,1,42,greedy,square,success,7,0.000737449,7,7,6,,,,,
small,6,2,4,1,42,stochastic_greedy,square,success,7,0.000947215,7,6,6,,,,,
small,6,2,4,1,42,genetic_greedy,square,success,6,0.064146372,6,6,6,12631,106,279,0.008392051302351359,2.6320754716981134
small,6,2,4,1,42,genetic_stochastic,square,success,6,0.082702633,6,6,6,12680,705,1018,0.0555993690851735,1.4439716312056738
small,6,2,4,1,42,beam_search,square,success,6,0.016106412,6,6,6,,,,,
small,6,2,4,2,142,cplex,square,optimal,7,0.866223979,7,7,6,,,,,
small,6,2,4,2,142,merge_greedy,square,success,8,0.004491555,8,5,6,,,,,
small,6,2,4,2,142,greedy,square,success,7,0.000612331,6,7,6,,,,,
small,6,2,4,2,142,stochastic_greedy,square,success,8,0.000778037,8,8,6,,,,,
small,6,2,4,2,142,genetic_greedy,square,success,7,0.074337778,6,7,6,12579,201,407,0.015979012640114476,2.0248756218905473
small,6,2,4,2,142,genetic_stochastic,square,success,7,0.172740485,7,7,6,12583,1619,3105,0.12866566001748392,1.9178505250154416
small,6,2,4,2,142,beam_search,square,success,7,0.014588978,7,7,6,,,,,
small,6,2,4,3,242,cplex,square,optimal,6,0.644537352,6,6,6,,,,,
small,6,2,4,3,242,merge_greedy,square,success,7,0.004242084,7,5,6,,,,,
small,6,2,4,3,242,greedy,square,success,7,0.000779868,7,7,6,,,,,
small,6,2,4,3,242,stochastic_greedy,square,success,7,0.000625481,6,7,6,,,,,
small,6,2,4,3,242,genetic_greedy,square,success,7,0.095869801,7,7,6,12542,616,940,0.049114973688406956,1.525974025974026
small,6,2,4,3,242,genetic_stochastic,square,success,6,0.122139123,6,6,6,12676,1146,2304,0.09040706847585989,2.0104712041884816
small,6,2,4,3,242,beam_search,square,success,6,0.014256825,6,6,6,,,,,
small,6,2,4,4,342,cplex,square,optimal,7,0.93673771,7,7,6,,,,,
small,6,2,4,4,342,merge_greedy,square,success,9,0.004301935,9,4,6,,,,,
small,6,2,4,4,342,greedy,square,success,7,0.000773726,6,7,6,,,,,
small,6,2,4,4,342,stochastic_greedy,square,success,7,0.000646249,7,7,6,,,,,
small,6,2,4,4,342,genetic_greedy,square,success,7,0.140828886,7,7,6,12662,1896,2231,0.1497393776654557,1.1766877637130801
small,6,2,4,4,342,genetic_stochastic,square,success,7,0.183347985,6,7,6,12635,2274,3584,0.17997625643055007,1.5760773966578716
small,6,2,4,4,342,beam_search,square,success,7,0.016145961,7,5,6,,,,,
small,6,2,4,5,442,cplex,square,optimal,6,0.307418317,6,6,6,,,,,
small,6,2,4,5,442,merge_greedy,square,success,7,0.003009104,6,7,6,,,,,
small,6,2,4,5,442,greedy,square,success,7,0.000941501,6,7,6,,,,,
small,6,2,4,5,442,stochastic_greedy,square,success,7,0.000648906,7,7,6,,,,,
small,6,2,4,5,442,genetic_greedy,square,success,6,0.062710016,6,6,6,12516,285,443,0.02277085330776606,1.5543859649122806
small,6,2,4,5,442,genetic_stochastic,square,success,6,0.089779548,6,6,6,12533,1285,1702,0.10252932258836671,1.3245136186770428
small,6,2,4,5,442,beam_search,square,success,6,0.013582826,6,6,6,,,,,
small,6,2,4,6,542,cplex,square,optimal,7,0.794082717,7,7,6,,,,,
small,6,2,4,6,542,merge_greedy,square,success,10,0.006308129,10,4,6,,,,,
small,6,2,4,6,542,greedy,square,success,7,0.000629727,7,7,6,,,,,
small,6,2,4,6,542,stochastic_greedy,square,success,8,0.000598683,8,8,6,,,,,
small,6,2,4,6,542,genetic_greedy,square,success,7,0.118513742,7,7,6,12631,878,1814,0.06951151927796691,2.0660592255125283
small,6,2,4,6,542,genetic_stochastic,square,success,7,0.137617919,7,7,6,12534,1259,2913,0.10044678474549226,2.3137410643367753
small,6,2,4,6,542,beam_search,square,success,7,0.013995135,7,7,6,,,,,
small,6,2,4,7,642,cplex,square,optimal,6,0.178068231,6,6,6,,,,,
small,6,2,4,7,642,merge_greedy,square,success,9,0.006716543,9,4,6,,,,,
small,6,2,4,7,642,greedy,square,success,6,0.000698012,6,6,6,,,,,
small,6,2,4,7,642,stochastic_greedy,square,success,7,0.000817147,7,7,6,,,,,
small,6,2,4,7,642,genetic_greedy,square,success,6,0.244329192,6,6,6,12619,3763,5674,0.2982011252872652,1.5078394897688014
small,6,2,4,7,642,genetic_stochastic,square,success,6,0.109777336,6,6,6,12656,933,1631,0.07371997471554993,1.7481243301178992
small,6,2,4,7,642,beam_search,square,success,6,0.014387474,6,6,6,,,,,
small,6,2,4,8,742,cplex,square,optimal,6,0.552919081,6,6,6,,,,,
small,6,2,4,8,742,merge_greedy,square,success,7,0.004096277,7,5,6,,,,,
small,6,2,4,8,742,greedy,square,success,7,0.000788001,7,7,6,,,,,
small,6,2,4,8,742,stochastic_greedy,square,success,7,0.000805349,7,6,6,,,,,
small,6,2,4,8,742,genetic_greedy,square,success,6,0.097274018,6,6,6,12619,566,1161,0.04485299944528093,2.0512367491166077
small,6,2,4,8,742,genetic_stochastic,square,success,6,0.102816809,6,6,6,12635,1463,1758,0.11578947368421053,1.2016404647983596
small,6,2,4,8,742,beam_search,square,success,6,0.014654323,6,6,6,,,,,
small,6,2,4,9,842,cplex,square,optimal,7,0.763021505,7,7,6,,,,,
small,6,2,4,9,842,merge_greedy,square,success,8,0.004632785,8,5,6,,,,,
small,6,2,4,9,842,greedy,square,success,7,0.000798972,7,7,6,,,,,
small,6,2,4,9,842,stochastic_greedy,square,success,7,0.000942263,7,7,6,,,,,
small,6,2,4,9,842,genetic_greedy,square,success,7,0.290933702,7,7,6,12704,3320,6765,0.26133501259445846,2.0376506024096384
small,6,2,4,9,842,genetic_stochastic,square,success,7,0.189486461,7,7,6,12544,1807,3733,0.14405293367346939,2.0658550083010514
small,6,2,4,9,842,beam_search,square,success,7,0.01479346,7,6,6,,,,,
small,6,2,4,10,942,cplex,square,optimal,6,0.261364042,6,6,6,,,,,
small,6,2,4,10,942,merge_greedy,square,success,10,0.003852938,10,3,6,,,,,
small,6,2,4,10,942,greedy,square,success,7,0.000735596,7,7,6,,,,,
small,6,2,4,10,942,stochastic_greedy,square,success,7,0.000650672,6,7,6,,,,,
small,6,2,4,10,942,genetic_greedy,square,success,6,0.118719044,6,6,6,12549,1840,1886,0.14662522910192047,1.025
small,6,2,4,10,942,genetic_stochastic,square,success,6,0.069050917,6,6,6,12446,236,355,0.01896191547485136,1.5042372881355932
small,6,2,4,10,942,beam_search,square,success,6,0.014017107,6,6,6,,,,,
small,6,4,6,1,42,cplex,square,optimal,12,19.35012528,12,12,6,,,,,
small,6,4,6,1,42,merge_greedy,square,success,14,0.037017013,11,14,6,,,,,
small,6,4,6,1,42,greedy,square,success,14,0.001449793,14,14,6,,,,,
small,6,4,6,1,42,stochastic_greedy,square,success,15,0.001222298,15,14,6,,,,,
small,6,4,6,1,42,genetic_greedy,square,success,13,0.403370726,13,13,6,12589,197,500,0.01564858209548018,2.5380710659898478
small,6,4,6,1,42,genetic_stochastic,square,success,13,1.006064273,13,13,6,12606,1049,2507,0.08321434237664604,2.389895138226883
small,6,4,6,1,42,beam_search,square,success,13,0.067015512,13,13,6,,,,,
small,6,4,6,2,142,cplex,square,optimal,12,18.519528243,12,12,6,,,,,
small,6,4,6,2,142,merge_greedy,square,success,19,0.036881178,19,8,6,,,,,
small,6,4,6,2,142,greedy,square,success,14,0.001541176,14,14,6,,,,,
small,6,4,6,2,142,stochastic_greedy,square,success,13,0.001173089,13,13,6,,,,,
small,6,4,6,2,142,genetic_greedy,square,success,13,0.252046742,13,13,6,12583,98,251,0.007788285782404832,2.561224489795918
small,6,4,6,2,142,genetic_stochastic,square,success,12,0.354586171,12,12,6,12641,338,676,0.02673839095008306,2.0
small,6,4,6,2,142,beam_search,square,success,13,0.065662175,13,11,6,,,,,
small,6,4,6,3,242,cplex,square,optimal,12,20.893727075,12,12,6,,,,,
small,6,4,6,3,242,merge_greedy,square,success,19,0.033399469,19,9,6,,,,,
small,6,4,6,3,242,greedy,square,success,14,0.001256843,14,14,6,,,,,
small,6,4,6,3,242,stochastic_greedy,square,success,14,0.001486036,14,14,6,,,,,
small,6,4,6,3,242,genetic_greedy,square,success,13,0.261850104,13,13,6,12634,199,276,0.01575114769669147,1.3869346733668342
small,6,4,6,3,242,genetic_stochastic,square,success,13,1.479790898,13,13,6,12510,3180,4166,0.2541966426858513,1.310062893081761
small,6,4,6,3,242,beam_search,square,success,14,0.067656587,14,14,6,,,,,
small,6,4,6,4,342,cplex,square,optimal,12,24.258129213,12,12,6,,,,,
small,6,4,6,4,342,merge_greedy,square,success,14,0.029263639,12,14,6,,,,,
small,6,4,6,4,342,greedy,square,success,15,0.001450457,14,15,6,,,,,
small,6,4,6,4,342,stochastic_greedy,square,success,14,0.001395943,14,14,6,,,,,
small,6,4,6,4,342,genetic_greedy,square,success,13,0.210296217,12,13,6,12697,54,145,0.004252973143262188,2.685185185185185
small,6,4,6,4,342,genetic_stochastic,square,success,13,0.309290585,13,13,6,12549,194,441,0.015459399155311181,2.2731958762886597
small,6,4,6,4,342,beam_search,square,success,13,0.071187766,13,13,6,,,,,
small,6,4,6,5,442,cplex,square,optimal,12,23.190159791,12,12,6,,,,,
small,6,4,6,5,442,merge_greedy,square,success,15,0.034166699,15,11,6,,,,,
small,6,4,6,5,442,greedy,square,success,15,0.001795352,15,15,6,,,,,
small,6,4,6,5,442,stochastic_greedy,square,success,14,0.001720624,14,14,6,,,,,
small,6,4,6,5,442,genetic_greedy,square,success,13,0.318451425,13,12,6,12778,112,282,0.008765064955392081,2.517857142857143
small,6,4,6,5,442,genetic_stochastic,square,success,12,0.46388109,12,12,6,12612,361,869,0.028623533143038376,2.407202216066482
small,6,4,6,5,442,beam_search,square,success,13,0.068163681,13,13,6,,,,,
small,6,4,6,6,542,cplex,square,optimal,12,17.97266767,12,12,6,,,,,
small,6,4,6,6,542,merge_greedy,square,success,18,0.031633719,18,8,6,,,,,
small,6,4,6,6,542,greedy,square,success,14,0.001366049,14,14,6,,,,,
small,6,4,6,6,542,stochastic_greedy,square,success,14,0.001262356,14,14,6,,,,,
small,6,4,6,6,542,genetic_greedy,square,success,13,0.327447152,13,13,6,12608,121,316,0.009597081218274111,2.6115702479338845
small,6,4,6,6,542,genetic_stochastic,square,success,12,0.366553912,12,12,6,12536,319,661,0.025446713465220167,2.072100313479624
small,6,4,6,6,542,beam_search,square,success,12,0.072764388,12,12,6,,,,,
small,6,4,6,7,642,cplex,square,optimal,12,21.141326879,12,12,6,,,,,
small,6,4,6,7,642,merge_greedy,square,success,13,0.032677226,12,13,6,,,,,
small,6,4,6,7,642,greedy,square,success,14,0.001490898,14,12,6,,,,,
small,6,4,6,7,642,stochastic_greedy,square,success,14,0.001227406,12,14,6,,,,,
small,6,4,6,7,642,genetic_greedy,square,success,13,0.39906017,12,13,6,12557,189,525,0.015051365772079318,2.7777777777777777
small,6,4,6,7,642,genetic_stochastic,square,success,12,0.410123603,12,12,6,12584,294,698,0.02336300063572791,2.3741496598639458
small,6,4,6,7,642,beam_search,square,success,13,0.069638001,13,12,6,,,,,
small,6,4,6,8,742,cplex,square,optimal,12,19.941152317,12,12,6,,,,,
small,6,4,6,8,742,merge_greedy,square,success,21,0.042443832,21,8,6,,,,,
small,6,4,6,8,742,greedy,square,success,15,0.001641655,13,15,6,,,,,
small,6,4,6,8,742,stochastic_greedy,square,success,15,0.001329942,15,15,6,,,,,
small,6,4,6,8,742,genetic_greedy,square,success,14,0.762066799,14,14,6,12678,532,1170,0.041962454645843195,2.199248120300752
small,6,4,6,8,742,genetic_stochastic,square,success,13,0.626776989,13,13,6,12601,538,1255,0.04269502420442822,2.33271375464684
small,6,4,6,8,742,beam_search,square,success,13,0.070608827,13,13,6,,,,,
small,6,4,6,9,842,cplex,square,optimal,12,18.970487616,12,12,6,,,,,
small,6,4,6,9,842,merge_greedy,square,success,13,0.044896753,13,12,6,,,,,
small,6,4,6,9,842,greedy,square,success,14,0.001737119,14,14,6,,,,,
small,6,4,6,9,842,stochastic_greedy,square,success,13,0.001370893,13,13,6,,,,,
small,6,4,6,9,842,genetic_greedy,square,success,13,0.51795962,13,13,6,12534,442,671,0.035264081697782036,1.5180995475113122
small,6,4,6,9,842,genetic_stochastic,square,success,12,0.369918728,12,12,6,12605,240,666,0.019040063466878223,2.775
small,6,4,6,9,842,beam_search,square,success,13,0.068956059,13,13,6,,,,,
small,6,4,6,10,942,cplex,square,optimal,12,32.683802775,12,12,6,,,,,
small,6,4,6,10,942,merge_greedy,square,success,12,0.028397954,12,12,6,,,,,
small,6,4,6,10,942,greedy,square,success,15,0.001633966,14,15,6,,,,,
small,6,4,6,10,942,stochastic_greedy,square,success,15,0.002205989,15,14,6,,,,,
small,6,4,6,10,942,genetic_greedy,square,success,13,0.548831161,13,13,6,12515,346,1166,0.027646823811426288,3.3699421965317917
small,6,4,6,10,942,genetic_stochastic,square,success,12,0.325232303,12,12,6,12599,213,481,0.016906103659020556,2.2582159624413145
small,6,4,6,10,942,beam_search,square,success,12,0.071694777,12,12,6,,,,,
small,8,2,4,1,42,cplex,square,optimal,7,2.758759327,7,7,8,,,,,
small,8,2,4,1,42,merge_greedy,square,success,13,0.010785099,13,4,8,,,,,
small,8,2,4,1,42,greedy,square,success,8,0.001016539,8,8,8,,,,,
small,8,2,4,1,42,stochastic_greedy,square,success,8,0.000961645,8,8,8,,,,,
small,8,2,4,1,42,genetic_greedy,square,success,7,0.113535735,7,7,8,12475,185,584,0.014829659318637275,3.156756756756757
small,8,2,4,1,42,genetic_stochastic,square,success,7,0.388260073,7,7,8,12638,2212,7592,0.17502769425542017,3.4321880650994574
small,8,2,4,1,42,beam_search,square,success,7,0.039543109,7,7,8,,,,,
small,8,2,4,2,142,cplex,square,optimal,7,2.009146999,7,7,8,,,,,
small,8,2,4,2,142,merge_greedy,square,success,8,0.010772765,8,6,8,,,,,
small,8,2,4,2,142,greedy,square,success,8,0.000838802,7,8,8,,,,,
small,8,2,4,2,142,stochastic_greedy,square,success,7,0.000828372,7,7,8,,,,,
small,8,2,4,2,142,genetic_greedy,square,success,7,0.132380265,7,7,8,12695,498,1063,0.03922804253643167,2.1345381526104417
small,8,2,4,2,142,genetic_stochastic,square,success,7,0.239251523,6,7,8,12627,3385,5386,0.26807634434149047,1.5911373707533234
small,8,2,4,2,142,beam_search,square,success,7,0.040740569,7,7,8,,,,,
small,8,2,4,3,242,cplex,square,optimal,7,6.33654876,7,7,8,,,,,
small,8,2,4,3,242,merge_greedy,square,success,10,0.012166179,10,5,8,,,,,
small,8,2,4,3,242,greedy,square,success,8,0.000976703,8,8,8,,,,,
small,8,2,4,3,242,stochastic_greedy,square,success,8,0.000908725,8,8,8,,,,,
small,8,2,4,3,242,genetic_greedy,square,success,7,0.158112247,7,7,8,12669,1045,1423,0.08248480543057858,1.3617224880382774
small,8,2,4,3,242,genetic_stochastic,square,success,7,0.207539241,7,7,8,12670,1726,4438,0.1362273086029992,2.571263035921205
small,8,2,4,3,242,beam_search,square,success,7,0.039981472,7,7,8,,,,,
small,8,2,4,4,342,cplex,square,optimal,7,1.924465781,7,7,8,,,,,
small,8,2,4,4,342,merge_greedy,square,success,7,0.010018821,7,7,8,,,,,
small,8,2,4,4,342,greedy,square,success,7,0.00084933,7,7,8,,,,,
small,8,2,4,4,342,stochastic_greedy,square,success,8,0.000950036,8,8,8,,,,,
small,8,2,4,4,342,genetic_greedy,square,success,7,0.117935668,7,7,8,12606,54,216,0.004283674440742504,4.0
small,8,2,4,4,342,genetic_stochastic,square,success,7,0.145035305,7,7,8,12572,737,2070,0.058622335348393256,2.8086838534599727
small,8,2,4,4,342,beam_search,square,success,7,0.037861863,7,7,8,,,,,
small,8,2,4,5,442,cplex,square,optimal,7,6.646313396,7,7,8,,,,,
small,8,2,4,5,442,merge_greedy,square,success,9,0.00990244,9,6,8,,,,,
small,8,2,4,5,442,greedy,square,success,8,0.000926152,7,8,8,,,,,
small,8,2,4,5,442,stochastic_greedy,square,success,8,0.001183151,8,8,8,,,,,
small,8,2,4,5,442,genetic_greedy,square,success,7,0.116732978,7,7,8,12714,105,316,0.00825861255309108,3.0095238095238095
small,8,2,4,5,442,genetic_stochastic,square,success,7,0.211378832,7,7,8,12499,1218,3554,0.09744779582366589,2.9178981937602626
small,8,2,4,5,442,beam_search,square,success,7,0.035911055,7,7,8,,,,,
small,8,2,4,6,542,cplex,square,optimal,7,1.586907711,7,7,8,,,,,
small,8,2,4,6,542,merge_greedy,square,success,11,0.012016611,11,5,8,,,,,
small,8,2,4,6,542,greedy,square,success,8,0.000848691,8,8,8,,,,,
small,8,2,4,6,542,stochastic_greedy,square,success,8,0.000922869,8,8,8,,,,,
small,8,2,4,6,542,genetic_greedy,square,success,8,0.378290597,8,8,8,12578,1869,5590,0.14859278104627127,2.990904226859283
small,8,2,4,6,542,genetic_stochastic,square,success,7,0.189855481,7,7,8,12546,1778,2882,0.1417184760082895,1.6209223847019123
small,8,2,4,6,542,beam_search,square,success,8,0.037125997,7,8,8,,,,,
small,8,2,4,7,642,cplex,square,optimal,7,2.251144675,7,7,8,,,,,
small,8,2,4,7,642,merge_greedy,square,success,12,0.010507255,12,4,8,,,,,
small,8,2,4,7,642,greedy,square,success,8,0.001186983,8,8,8,,,,,
small,8,2,4,7,642,stochastic_greedy,square,success,8,0.001635443,8,8,8,,,,,
small,8,2,4,7,642,genetic_greedy,square,success,7,0.388484421,7,7,8,12555,4340,10930,0.345679012345679,2.5184331797235022
small,8,2,4,7,642,genetic_stochastic,square,success,7,0.151391001,7,7,8,12667,735,1741,0.058024788821346804,2.368707482993197
small,8,2,4,7,642,beam_search,square,success,7,0.038795126,7,7,8,,,,,
small,8,2,4,8,742,cplex,square,optimal,7,2.228199607,7,7,8,,,,,
small,8,2,4,8,742,merge_greedy,square,success,9,0.012920415,9,6,8,,,,,
small,8,2,4,8,742,greedy,square,success,8,0.000980982,8,8,8,,,,,
small,8,2,4,8,742,stochastic_greedy,square,success,8,0.000989613,8,8,8,,,,,
small,8,2,4,8,742,genetic_greedy,square,success,8,0.278946328,8,8,8,12598,1555,4609,0.12343229083981584,2.9639871382636658
small,8,2,4,8,742,genetic_stochastic,square,success,7,0.23647845,7,7,8,12697,1575,5147,0.12404505001181382,3.267936507936508
small,8,2,4,8,742,beam_search,square,success,8,0.037644118,8,8,8,,,,,
small,8,2,4,9,842,cplex,square,optimal,7,2.435932909,7,7,8,,,,,
small,8,2,4,9,842,merge_greedy,square,success,11,0.01277572,11,4,8,,,,,
small,8,2,4,9,842,greedy,square,success,8,0.000848355,7,8,8,,,,,
small,8,2,4,9,842,stochastic_greedy,square,success,9,0.001037301,9,9,8,,,,,
small,8,2,4,9,842,genetic_greedy,square,success,7,0.110540436,7,7,8,12603,110,355,0.008728080615726415,3.227272727272727
small,8,2,4,9,842,genetic_stochastic,square,success,7,0.350238228,7,7,8,12593,3530,10045,0.280314460414516,2.8456090651558075
small,8,2,4,9,842,beam_search,square,success,7,0.036706742,7,7,8,,,,,
small,8,2,4,10,942,cplex,square,optimal,7,4.524881964,7,7,8,,,,,
small,8,2,4,10,942,merge_greedy,square,success,10,0.011601265,10,4,8,,,,,
small,8,2,4,10,942,greedy,square,success,8,0.000955446,8,8,8,,,,,
small,8,2,4,10,942,stochastic_greedy,square,success,8,0.001473122,8,8,8,,,,,
small,8,2,4,10,942,genetic_greedy,square,success,7,0.146153113,7,7,8,12530,529,1718,0.04221867517956904,3.2476370510396975
small,8,2,4,10,942,genetic_stochastic,square,success,7,0.125164802,7,7,8,12655,522,886,0.041248518372184906,1.6973180076628354
small,8,2,4,10,942,beam_search,square,success,7,0.038962445,7,7,8,,,,,
small,8,4,6,1,42,cplex,square,feasible,15,301.431114695,15,15,8,,,,,
small,8,4,6,1,42,merge_greedy,square,success,25,0.120619592,25,8,8,,,,,
small,8,4,6,1,42,greedy,square,success,16,0.002007018,15,16,8,,,,,
small,8,4,6,1,42,stochastic_greedy,square,success,16,0.002315912,15,16,8,,,,,
small,8,4,6,1,42,genetic_greedy,square,success,15,0.356176422,15,15,8,12496,47,183,0.003761203585147247,3.893617021276596
small,8,4,6,1,42,genetic_stochastic,square,success,14,0.952966825,14,14,8,12595,373,1268,0.029614926558158,3.3994638069705094
small,8,4,6,1,42,beam_search,square,success,15,0.183998958,14,15,8,,,,,
small,8,4,6,2,142,cplex,square,feasible,14,301.554550935,14,14,8,,,,,
small,8,4,6,2,142,merge_greedy,square,success,18,0.106680872,18,12,8,,,,,
small,8,4,6,2,142,greedy,square,success,16,0.002191755,16,16,8,,,,,
small,8,4,6,2,142,stochastic_greedy,square,success,16,0.002608443,15,16,8,,,,,
small,8,4,6,2,142,genetic_greedy,square,success,15,0.377989403,15,15,8,12728,42,173,0.003299811439346323,4.119047619047619
small,8,4,6,2,142,genetic_stochastic,square,success,14,1.25835254,14,14,8,12554,390,1630,0.031065795762306836,4.17948717948718
small,8,4,6,2,142,beam_search,square,success,15,0.172568911,14,15,8,,,,,
small,8,4,6,3,242,cplex,square,feasible,14,301.587785863,14,14,8,,,,,
small,8,4,6,3,242,merge_greedy,square,success,23,0.120248772,23,9,8,,,,,
small,8,4,6,3,242,greedy,square,success,18,0.002575434,17,18,8,,,,,
small,8,4,6,3,242,stochastic_greedy,square,success,17,0.002003216,17,16,8,,,,,
small,8,4,6,3,242,genetic_greedy,square,success,15,1.57743913,15,15,8,12685,2030,3006,0.16003153330705558,1.4807881773399014
small,8,4,6,3,242,genetic_stochastic,square,success,15,1.399144949,15,15,8,12686,467,1754,0.03681223395869462,3.7558886509635974
small,8,4,6,3,242,beam_search,square,success,16,0.176715935,16,16,8,,,,,
small,8,4,6,4,342,cplex,square,feasible,14,301.533196572,14,14,8,,,,,
small,8,4,6,4,342,merge_greedy,square,success,19,0.092732069,19,10,8,,,,,
small,8,4,6,4,342,greedy,square,success,16,0.002376536,16,15,8,,,,,
small,8,4,6,4,342,stochastic_greedy,square,success,16,0.002116578,16,16,8,,,,,
small,8,4,6,4,342,genetic_greedy,square,success,15,1.743403395,15,15,8,12617,716,2330,0.05674883094237933,3.2541899441340782
small,8,4,6,4,342,genetic_stochastic,square,success,15,4.582852411,15,14,8,12582,2770,8465,0.22015577809569226,3.055956678700361
small,8,4,6,4,342,beam_search,square,success,16,0.173590087,16,14,8,,,,,
small,8,4,6,5,442,cplex,square,feasible,15,305.908912059,15,15,8,,,,,
small,8,4,6,5,442,merge_greedy,square,success,17,0.08451047,12,17,8,,,,,
small,8,4,6,5,442,greedy,square,success,17,0.002202961,15,17,8,,,,,
small,8,4,6,5,442,stochastic_greedy,square,success,17,0.002147681,16,17,8,,,,,
small,8,4,6,5,442,genetic_greedy,square,success,15,0.930797344,15,15,8,12704,156,930,0.012279596977329974,5.961538461538462
small,8,4,6,5,442,genetic_stochastic,square,success,15,1.693569717,15,15,8,12564,786,2457,0.06255969436485195,3.1259541984732824
small,8,4,6,5,442,beam_search,square,success,15,0.174489312,15,15,8,,,,,
small,8,4,6,6,542,cplex,square,feasible,15,301.868310381,15,15,8,,,,,
small,8,4,6,6,542,merge_greedy,square,success,18,0.073040113,18,13,8,,,,,
small,8,4,6,6,542,greedy,square,success,15,0.002247757,15,15,8,,,,,
small,8,4,6,6,542,stochastic_greedy,square,success,16,0.001822679,16,16,8,,,,,
small,8,4,6,6,542,genetic_greedy,square,success,14,0.935050031,14,14,8,12583,921,1225,0.073193991893825,1.3300760043431052
small,8,4,6,6,542,genetic_stochastic,square,success,15,1.293099795,15,15,8,12711,504,1748,0.03965069624734482,3.4682539682539684
small,8,4,6,6,542,beam_search,square,success,15,0.176718049,14,15,8,,,,,
small,8,4,6,7,642,cplex,square,feasible,15,301.398724796,15,15,8,,,,,
small,8,4,6,7,642,merge_greedy,square,success,16,0.09069992,14,16,8,,,,,
small,8,4,6,7,642,greedy,square,success,15,0.00201244,15,15,8,,,,,
small,8,4,6,7,642,stochastic_greedy,square,success,17,0.001921009,17,15,8,,,,,
small,8,4,6,7,642,genetic_greedy,square,success,15,0.680674419,14,15,8,12630,168,658,0.01330166270783848,3.9166666666666665
small,8,4,6,7,642,genetic_stochastic,square,success,15,2.285158117,15,15,8,12565,972,3255,0.07735773975328293,3.3487654320987654
small,8,4,6,7,642,beam_search,square,success,15,0.173679505,15,15,8,,,,,
small,8,4,6,8,742,cplex,square,feasible,14,304.163926691,14,14,8,,,,,
small,8,4,6,8,742,merge_greedy,square,success,21,0.1172491,21,10,8,,,,,
small,8,4,6,8,742,greedy,square,success,17,0.002439208,17,17,8,,,,,
small,8,4,6,8,742,stochastic_greedy,square,success,17,0.00177367,16,17,8,,,,,
small,8,4,6,8,742,genetic_greedy,square,success,15,2.748963046,15,15,8,12583,3213,6780,0.25534451243741557,2.1101774042950514
small,8,4,6,8,742,genetic_stochastic,square,success,15,2.909651354,15,15,8,12649,771,3433,0.06095343505415448,4.4526588845654995
small,8,4,6,8,742,beam_search,square,success,15,0.174035537,15,15,8,,,,,
small,8,4,6,9,842,cplex,square,feasible,14,302.533532834,14,14,8,,,,,
small,8,4,6,9,842,merge_greedy,square,success,23,0.102390789,23,8,8,,,,,
small,8,4,6,9,842,greedy,square,success,15,0.001917839,14,15,8,,,,,
small,8,4,6,9,842,stochastic_greedy,square,success,15,0.002382143,15,15,8,,,,,
small,8,4,6,9,842,genetic_greedy,square,success,15,0.522626517,15,15,8,12617,71,351,0.0056273282079733694,4.943661971830986
small,8,4,6,9,842,genetic_stochastic,square,success,14,1.052102848,14,14,8,12570,619,1614,0.0492442322991249,2.607431340872375
small,8,4,6,9,842,beam_search,square,success,15,0.179868406,14,15,8,,,,,
small,8,4,6,10,942,cplex,square,feasible,14,301.186169656,14,14,8,,,,,
small,8,4,6,10,942,merge_greedy,square,success,15,0.085038541,13,15,8,,,,,
small,8,4,6,10,942,greedy,square,success,15,0.001913598,15,15,8,,,,,
small,8,4,6,10,942,stochastic_greedy,square,success,15,0.001690492,15,15,8,,,,,
small,8,4,6,10,942,genetic_greedy,square,success,15,1.118736166,15,15,8,12609,349,1368,0.027678642239670075,3.9197707736389686
small,8,4,6,10,942,genetic_stochastic,square,success,15,2.19175978,15,15,8,12640,1081,3567,0.08552215189873418,3.299722479185939
small,8,4,6,10,942,beam_search,square,success,15,0.174581701,15,15,8,,,,,
small,10,2,4,1,42,cplex,square,optimal,8,62.702794839,8,8,10,,,,,
small,10,2,4,1,42,merge_greedy,square,success,13,0.023674584,13,4,10,,,,,
small,10,2,4,1,42,greedy,square,success,8,0.001148902,8,8,10,,,,,
small,10,2,4,1,42,stochastic_greedy,square,success,8,0.001374947,8,8,10,,,,,
small,10,2,4,1,42,genetic_greedy,square,success,8,0.132633624,8,8,10,12612,160,445,0.012686330478908976,2.78125
small,10,2,4,1,42,genetic_stochastic,square,success,8,0.248217197,8,8,10,12525,986,3466,0.07872255489021956,3.5152129817444218
small,10,2,4,1,42,beam_search,square,success,8,0.072981722,8,8,10,,,,,
small,10,2,4,2,142,cplex,square,optimal,7,14.585016812,7,7,10,,,,,
small,10,2,4,2,142,merge_greedy,square,success,8,0.01619203,8,7,10,,,,,
small,10,2,4,2,142,greedy,square,success,9,0.001126677,8,9,10,,,,,
small,10,2,4,2,142,stochastic_greedy,square,success,8,0.000958749,8,8,10,,,,,
small,10,2,4,2,142,genetic_greedy,square,success,8,0.315439214,8,8,10,12565,1144,4430,0.09104655789892559,3.8723776223776225
small,10,2,4,2,142,genetic_stochastic,square,success,8,0.586360917,8,8,10,12583,4542,14502,0.3609632043232933,3.1928665785997357
small,10,2,4,2,142,beam_search,square,success,8,0.074835878,8,8,10,,,,,
small,10,2,4,3,242,cplex,square,optimal,7,14.44932348,7,7,10,,,,,
small,10,2,4,3,242,merge_greedy,square,success,12,0.031108618,12,5,10,,,,,
small,10,2,4,3,242,greedy,square,success,9,0.001250294,9,9,10,,,,,
small,10,2,4,3,242,stochastic_greedy,square,success,9,0.000976555,9,9,10,,,,,
small,10,2,4,3,242,genetic_greedy,square,success,7,0.172825325,7,7,10,12591,747,1848,0.059328091493924234,2.4738955823293174
small,10,2,4,3,242,genetic_stochastic,square,success,7,0.127391683,7,7,10,12682,300,1076,0.02365557483046838,3.5866666666666664
small,10,2,4,3,242,beam_search,square,success,8,0.075026017,8,7,10,,,,,
small,10,2,4,4,342,cplex,square,optimal,7,17.751612631,7,7,10,,,,,
small,10,2,4,4,342,merge_greedy,square,success,10,0.025238121,10,7,10,,,,,
small,10,2,4,4,342,greedy,square,success,9,0.001174452,9,9,10,,,,,
small,10,2,4,4,342,stochastic_greedy,square,success,9,0.000990638,8,9,10,,,,,
small,10,2,4,4,342,genetic_greedy,square,success,8,0.392757386,8,8,10,12725,3134,8240,0.24628683693516698,2.629227823867262
small,10,2,4,4,342,genetic_stochastic,square,success,7,0.148790239,7,7,10,12698,320,1131,0.025200819026618367,3.534375
small,10,2,4,4,342,beam_search,square,success,8,0.078731488,8,8,10,,,,,
small,10,2,4,5,442,cplex,square,optimal,8,63.431060847,8,8,10,,,,,
small,10,2,4,5,442,merge_greedy,square,success,10,0.017848693,10,6,10,,,,,
small,10,2,4,5,442,greedy,square,success,9,0.00112982,9,9,10,,,,,
small,10,2,4,5,442,stochastic_greedy,square,success,8,0.001028972,8,8,10,,,,,
small,10,2,4,5,442,genetic_greedy,square,success,8,0.254200509,8,8,10,12581,1284,3824,0.10205865988395199,2.9781931464174454
small,10,2,4,5,442,genetic_stochastic,square,success,8,0.326633533,8,8,10,12559,1792,6404,0.14268651962735887,3.5736607142857144
small,10,2,4,5,442,beam_search,square,success,8,0.071674074,8,8,10,,,,,
small,10,2,4,6,542,cplex,square,optimal,8,86.277486906,8,8,10,,,,,
small,10,2,4,6,542,merge_greedy,square,success,15,0.022833535,15,4,10,,,,,
small,10,2,4,6,542,greedy,square,success,9,0.001006109,9,9,10,,,,,
small,10,2,4,6,542,stochastic_greedy,square,success,10,0.001224604,10,9,10,,,,,
small,10,2,4,6,542,genetic_greedy,square,success,8,0.377779977,8,8,10,12609,2162,5517,0.17146482671107938,2.5518038852913967
small,10,2,4,6,542,genetic_stochastic,square,success,8,0.36681407,8,8,10,12739,2989,7019,0.23463380171128032,2.3482770157243227
small,10,2,4,6,542,beam_search,square,success,8,0.076659685,8,8,10,,,,,
small,10,2,4,7,642,cplex,square,optimal,7,17.161382975,7,7,10,,,,,
small,10,2,4,7,642,merge_greedy,square,success,11,0.026181916,11,6,10,,,,,
small,10,2,4,7,642,greedy,square,success,8,0.001189977,7,8,10,,,,,
small,10,2,4,7,642,stochastic_greedy,square,success,9,0.001165991,9,9,10,,,,,
small,10,2,4,7,642,genetic_greedy,square,success,8,0.370027677,7,8,10,12536,1383,5111,0.11032227185705169,3.695589298626175
small,10,2,4,7,642,genetic_stochastic,square,success,7,0.176875235,7,7,10,12685,525,1311,0.041387465510445406,2.4971428571428573
small,10,2,4,7,642,beam_search,square,success,7,0.077549163,7,7,10,,,,,
small,10,2,4,8,742,cplex,square,optimal,8,94.218108557,8,8,10,,,,,
small,10,2,4,8,742,merge_greedy,square,success,10,0.019658096,10,6,10,,,,,
small,10,2,4,8,742,greedy,square,success,9,0.001256902,8,9,10,,,,,
small,10,2,4,8,742,stochastic_greedy,square,success,9,0.001092506,9,8,10,,,,,
small,10,2,4,8,742,genetic_greedy,square,success,8,0.217170357,8,8,10,12607,259,1039,0.020544142143253747,4.011583011583012
small,10,2,4,8,742,genetic_stochastic,square,success,8,0.93945262,8,8,10,12508,5515,18677,0.44091781259993607,3.386582048957389
small,10,2,4,8,742,beam_search,square,success,8,0.076134982,8,8,10,,,,,
small,10,2,4,9,842,cplex,square,optimal,7,5.085029696,7,7,10,,,,,
small,10,2,4,9,842,merge_greedy,square,success,11,0.019790007,11,5,10,,,,,
small,10,2,4,9,842,greedy,square,success,8,0.001317467,8,8,10,,,,,
small,10,2,4,9,842,stochastic_greedy,square,success,9,0.001032239,9,8,10,,,,,
small,10,2,4,9,842,genetic_greedy,square,success,7,0.115214043,7,7,10,12568,136,662,0.010821133036282623,4.867647058823529
small,10,2,4,9,842,genetic_stochastic,square,success,7,0.14724152,7,7,10,12463,429,1737,0.03442188879082083,4.048951048951049
small,10,2,4,9,842,beam_search,square,success,8,0.075541401,8,7,10,,,,,
small,10,2,4,10,942,cplex,square,optimal,7,5.259567177,7,7,10,,,,,
small,10,2,4,10,942,merge_greedy,square,success,10,0.023866841,10,5,10,,,,,
small,10,2,4,10,942,greedy,square,success,9,0.001272412,9,9,10,,,,,
small,10,2,4,10,942,stochastic_greedy,square,success,9,0.000987666,9,9,10,,,,,
small,10,2,4,10,942,genetic_greedy,square,success,7,0.130006667,7,7,10,12642,149,730,0.011786109792754311,4.899328859060403
small,10,2,4,10,942,genetic_stochastic,square,success,7,0.327340438,7,7,10,12663,4957,8126,0.39145542130616756,1.6392979624773047
small,10,2,4,10,942,beam_search,square,success,7,0.076849064,7,7,10,,,,,
small,10,4,6,1,42,cplex,square,feasible,17,302.510828597,17,17,10,,,,,
small,10,4,6,1,42,merge_greedy,square,success,31,0.353612708,31,8,10,,,,,
small,10,4,6,1,42,greedy,square,success,17,0.002185801,17,17,10,,,,,
small,10,4,6,1,42,stochastic_greedy,square,success,19,0.002240785,18,19,10,,,,,
small,10,4,6,1,42,genetic_greedy,square,success,16,1.715312968,16,16,10,12545,509,2152,0.040573933838182544,4.227897838899803
small,10,4,6,1,42,genetic_stochastic,square,success,16,2.304270874,16,15,10,12570,484,2523,0.038504375497215595,5.212809917355372
small,10,4,6,1,42,beam_search,square,success,16,0.385609744,16,16,10,,,,,
small,10,4,6,2,142,cplex,square,feasible,16,303.305281391,16,16,10,,,,,
small,10,4,6,2,142,merge_greedy,square,success,25,0.235290461,25,11,10,,,,,
small,10,4,6,2,142,greedy,square,success,18,0.001916178,18,18,10,,,,,
small,10,4,6,2,142,stochastic_greedy,square,success,17,0.002113409,17,17,10,,,,,
small,10,4,6,2,142,genetic_greedy,square,success,17,1.843601364,17,17,10,12607,460,2068,0.036487665582612835,4.495652173913044
small,10,4,6,2,142,genetic_stochastic,square,success,16,1.843326369,16,16,10,12554,392,2078,0.03122510753544687,5.301020408163265
small,10,4,6,2,142,beam_search,square,success,17,0.370751117,16,17,10,,,,,
small,10,4,6,3,242,cplex,square,feasible,17,306.616550656,17,17,10,,,,,
small,10,4,6,3,242,merge_greedy,square,success,27,0.320018519,27,9,10,,,,,
small,10,4,6,3,242,greedy,square,success,18,0.002810009,18,18,10,,,,,
small,10,4,6,3,242,stochastic_greedy,square,success,19,0.002400732,19,17,10,,,,,
small,10,4,6,3,242,genetic_greedy,square,success,16,1.810234023,16,16,10,12650,382,2197,0.030197628458498025,5.7513089005235605
small,10,4,6,3,242,genetic_stochastic,square,success,17,11.054377976,17,17,10,12576,2033,11687,0.16165712468193386,5.748647319232661
small,10,4,6,3,242,beam_search,square,success,17,0.380293123,17,16,10,,,,,
small,10,4,6,4,342,cplex,square,feasible,16,302.882644073,16,16,10,,,,,
small,10,4,6,4,342,merge_greedy,square,success,23,0.236330279,23,11,10,,,,,
small,10,4,6,4,342,greedy,square,success,18,0.002236966,16,18,10,,,,,
small,10,4,6,4,342,stochastic_greedy,square,success,17,0.002177733,17,17,10,,,,,
small,10,4,6,4,342,genetic_greedy,square,success,16,0.863695363,16,16,10,12656,260,1002,0.02054361567635904,3.853846153846154
small,10,4,6,4,342,genetic_stochastic,square,success,16,3.51354647,16,16,10,12698,702,4066,0.05528429673964404,5.7920227920227925
small,10,4,6,4,342,beam_search,square,success,16,0.371422582,16,16,10,,,,,
small,10,4,6,5,442,merge_greedy,square,success,25,0.232060569,25,9,10,,,,,
small,10,4,6,5,442,greedy,square,success,17,0.002497008,16,17,10,,,,,
small,10,4,6,5,442,stochastic_greedy,square,success,18,0.002138591,18,18,10,,,,,
small,10,4,6,5,442,genetic_greedy,square,success,17,1.656358868,17,17,10,12617,266,1727,0.021082666243956567,6.492481203007519
small,10,4,6,5,442,genetic_stochastic,square,success,16,2.235143304,16,15,10,12614,621,2598,0.04923101315998098,4.183574879227053
small,10,4,6,5,442,beam_search,square,success,16,0.370726147,16,16,10,,,,,
small,10,4,6,6,542,cplex,square,feasible,16,302.806916127,16,16,10,,,,,
small,10,4,6,6,542,merge_greedy,square,success,20,0.196952457,12,20,10,,,,,
small,10,4,6,6,542,greedy,square,success,18,0.002603943,16,18,10,,,,,
small,10,4,6,6,542,stochastic_greedy,square,success,19,0.002185035,19,17,10,,,,,
small,10,4,6,6,542,genetic_greedy,square,success,17,2.559136475,17,17,10,12546,692,3161,0.05515702215845688,4.567919075144508
small,10,4,6,6,542,genetic_stochastic,square,success,16,1.776417937,16,16,10,12619,474,2182,0.03756240589587131,4.60337552742616
small,10,4,6,6,542,beam_search,square,success,17,0.406420231,17,16,10,,,,,
small,10,4,6,7,642,cplex,square,feasible,17,303.21531906,17,17,10,,,,,
small,10,4,6,7,642,merge_greedy,square,success,20,0.196712441,20,14,10,,,,,
small,10,4,6,7,642,greedy,square,success,17,0.002408879,17,17,10,,,,,
small,10,4,6,7,642,stochastic_greedy,square,success,18,0.001963382,16,18,10,,,,,
small,10,4,6,7,642,genetic_greedy,square,success,17,2.078642778,16,17,10,12561,485,2308,0.03861157551150386,4.758762886597938
small,10,4,6,7,642,genetic_stochastic,square,success,16,1.751926438,16,16,10,12593,429,1966,0.0340665449059001,4.582750582750583
small,10,4,6,7,642,beam_search,square,success,17,0.370398882,17,16,10,,,,,
small,10,4,6,8,742,cplex,square,feasible,17,302.871185374,17,17,10,,,,,
small,10,4,6,8,742,merge_greedy,square,success,23,0.274061768,23,12,10,,,,,
small,10,4,6,8,742,greedy,square,success,18,0.002384776,15,18,10,,,,,
small,10,4,6,8,742,stochastic_greedy,square,success,18,0.002536936,18,17,10,,,,,
small,10,4,6,8,742,genetic_greedy,square,success,17,1.109143285,17,17,10,12590,100,704,0.007942811755361398,7.04
small,10,4,6,8,742,genetic_stochastic,square,success,16,3.734260682,15,16,10,12508,3759,7016,0.3005276622961305,1.8664538441074754
small,10,4,6,8,742,beam_search,square,success,17,0.376489228,17,16,10,,,,,
small,10,4,6,9,842,cplex,square,feasible,18,302.833571691,18,18,10,,,,,
small,10,4,6,9,842,merge_greedy,square,success,26,0.248484461,26,8,10,,,,,
small,10,4,6,9,842,greedy,square,success,17,0.002514309,17,17,10,,,,,
small,10,4,6,9,842,stochastic_greedy,square,success,17,0.00202212,17,17,10,,,,,
small,10,4,6,9,842,genetic_greedy,square,success,16,1.334566393,16,16,10,12653,868,2313,0.06860033193709002,2.664746543778802
small,10,4,6,9,842,genetic_stochastic,square,success,16,4.951492763,16,16,10,12573,1442,6152,0.11469020917839816,4.26629680998613
small,10,4,6,9,842,beam_search,square,success,16,0.366203066,16,16,10,,,,,
small,10,4,6,10,942,cplex,square,feasible,16,302.896509097,16,16,10,,,,,
small,10,4,6,10,942,merge_greedy,square,success,25,0.19593617,25,10,10,,,,,
small,10,4,6,10,942,greedy,square,success,16,0.002105306,16,16,10,,,,,
small,10,4,6,10,942,stochastic_greedy,square,success,18,0.002176227,18,18,10,,,,,
small,10,4,6,10,942,genetic_greedy,square,success,16,1.398441702,16,16,10,12596,370,1641,0.029374404572880278,4.435135135135135
small,10,4,6,10,942,genetic_stochastic,square,success,16,3.097572116,16,16,10,12478,989,3954,0.07925949671421702,3.9979777553083924
small,10,4,6,10,942,beam_search,square,success,17,0.363507904,17,16,10,,,,,
medium,20,3,3,1,42,greedy,square,success,11,0.001374875,11,11,20,,,,,
medium,20,3,3,1,42,stochastic_greedy,square,success,13,0.001521777,12,13,20,,,,,
medium,20,3,3,1,42,genetic_greedy,square,success,10,1.126670302,10,10,20,28371,791,8809,0.02788058228472736,11.13653603034134
medium,20,3,3,1,42,genetic_stochastic,square,success,10,1.208625031,10,10,20,28391,1736,10851,0.061146137860589624,6.250576036866359
medium,20,3,3,2,142,greedy,square,success,11,0.001406133,11,11,20,,,,,
medium,20,3,3,2,142,stochastic_greedy,square,success,12,0.00165985,12,12,20,,,,,
medium,20,3,3,2,142,genetic_greedy,square,success,11,2.027972433,11,11,20,28403,7793,21715,0.27437242544801604,2.7864750417040933
medium,20,3,3,2,142,genetic_stochastic,square,success,10,1.545128435,10,10,20,28382,1787,14826,0.06296244098372207,8.29658645775042
medium,20,3,3,3,242,greedy,square,success,11,0.001682473,11,11,20,,,,,
medium,20,3,3,3,242,stochastic_greedy,square,success,13,0.001845247,13,12,20,,,,,
medium,20,3,3,3,242,genetic_greedy,square,success,11,1.062244969,11,11,20,28340,431,6106,0.015208186309103741,14.167053364269142
medium,20,3,3,3,242,genetic_stochastic,square,success,10,1.266200206,10,10,20,28425,1732,13093,0.06093227792436236,7.559468822170901
medium,20,3,3,4,342,greedy,square,success,12,0.001529823,11,12,20,,,,,
medium,20,3,3,4,342,stochastic_greedy,square,success,12,0.001334053,12,12,20,,,,,
medium,20,3,3,4,342,genetic_greedy,square,success,10,0.869081683,10,10,20,28346,292,4082,0.01030127707613067,13.979452054794521
medium,20,3,3,4,342,genetic_stochastic,square,success,10,1.423313201,10,10,20,28373,1289,13769,0.045430514926162194,10.681923972071374
medium,20,3,3,5,442,greedy,square,success,12,0.001712861,11,12,20,,,,,
medium,20,3,3,5,442,stochastic_greedy,square,success,12,0.001559496,12,12,20,,,,,
medium,20,3,3,5,442,genetic_greedy,square,success,11,2.540216204,10,11,20,28290,8961,31949,0.31675503711558856,3.5653386898783617
medium,20,3,3,5,442,genetic_stochastic,square,success,11,2.630367249,11,11,20,28422,6500,33760,0.22869608050102033,5.193846153846154
medium,20,3,3,6,542,greedy,square,success,12,0.001498191,11,12,20,,,,,
medium,20,3,3,6,542,stochastic_greedy,square,success,11,0.001421744,11,11,20,,,,,
medium,20,3,3,6,542,genetic_greedy,square,success,10,0.598665866,10,10,20,28321,124,1652,0.004378376469757424,13.32258064516129
medium,20,3,3,6,542,genetic_stochastic,square,success,10,3.130540652,10,10,20,28305,4609,37988,0.16283342165695106,8.242134953352137
medium,20,3,3,7,642,greedy,square,success,11,0.001445791,10,11,20,,,,,
medium,20,3,3,7,642,stochastic_greedy,square,success,12,0.001414751,11,12,20,,,,,
medium,20,3,3,7,642,genetic_greedy,square,success,10,1.28406241,10,10,20,28470,3323,11169,0.11671935370565507,3.36111947035811
medium,20,3,3,7,642,genetic_stochastic,square,success,10,1.033373253,10,10,20,28268,665,8022,0.02352483373425782,12.063157894736841
medium,20,3,3,8,742,greedy,square,success,11,0.001694013,10,11,20,,,,,
medium,20,3,3,8,742,stochastic_greedy,square,success,11,0.00146472,11,11,20,,,,,
medium,20,3,3,8,742,genetic_greedy,square,success,10,0.711966619,10,10,20,28502,421,2982,0.014770893270647675,7.0831353919239906
medium,20,3,3,8,742,genetic_stochastic,square,success,10,1.114845725,10,10,20,28379,852,9856,0.030022199513724937,11.568075117370892
medium,20,3,3,9,842,greedy,square,success,12,0.001760485,11,12,20,,,,,
medium,20,3,3,9,842,stochastic_greedy,square,success,11,0.00155629,11,11,20,,,,,
medium,20,3,3,9,842,genetic_greedy,square,success,10,0.70715668,10,10,20,28484,236,3167,0.008285353180733044,13.419491525423728
medium,20,3,3,9,842,genetic_stochastic,square,success,10,2.111642098,10,10,20,28352,1582,17942,0.05579853273137698,11.341340075853351
medium,20,3,3,10,942,greedy,square,success,11,0.001490108,10,11,20,,,,,
medium,20,3,3,10,942,stochastic_greedy,square,success,11,0.001316204,11,11,20,,,,,
medium,20,3,3,10,942,genetic_greedy,square,success,10,0.778044503,10,10,20,28478,247,3561,0.00867336189339139,14.417004048582996
medium,20,3,3,10,942,genetic_stochastic,square,success,10,1.045500493,10,10,20,28272,609,7443,0.021540747028862477,12.22167487684729
medium,20,3,3,11,1042,greedy,square,success,12,0.001637723,12,12,20,,,,,
medium,20,3,3,11,1042,stochastic_greedy,square,success,11,0.001521695,11,11,20,,,,,
medium,20,3,3,11,1042,genetic_greedy,square,success,10,0.66098932,10,10,20,28361,199,2340,0.007016677832234406,11.758793969849247
medium,20,3,3,11,1042,genetic_stochastic,square,success,11,9.842393188,11,11,20,28339,7088,95145,0.2501146829457638,13.42339164785553
medium,20,3,3,12,1142,greedy,square,success,11,0.001727398,11,11,20,,,,,
medium,20,3,3,12,1142,stochastic_greedy,square,success,12,0.001568065,11,12,20,,,,,
medium,20,3,3,12,1142,genetic_greedy,square,success,10,1.229620801,10,10,20,28407,932,11067,0.032808814728764034,11.874463519313304
medium,20,3,3,12,1142,genetic_stochastic,square,success,10,1.41539585,10,10,20,28364,1234,13945,0.04350585248907065,11.30064829821718
medium,20,3,3,13,1242,greedy,square,success,11,0.001609744,10,11,20,,,,,
medium,20,3,3,13,1242,stochastic_greedy,square,success,12,0.001543418,12,10,20,,,,,
medium,20,3,3,13,1242,genetic_greedy,square,success,10,1.0901983,10,10,20,28427,1007,7658,0.03542406866711225,7.604766633565045
medium,20,3,3,13,1242,genetic_stochastic,square,success,10,2.26899454,10,10,20,28285,2669,24416,0.0943609687113311,9.147995503934057
medium,20,3,3,14,1342,greedy,square,success,11,0.001766846,10,11,20,,,,,
medium,20,3,3,14,1342,stochastic_greedy,square,success,12,0.001325726,11,12,20,,,,,
medium,20,3,3,14,1342,genetic_greedy,square,success,10,0.911098412,10,10,20,28263,431,5669,0.015249619644057601,13.153132250580047
medium,20,3,3,14,1342,genetic_stochastic,square,success,10,1.228858176,10,10,20,28324,1539,11373,0.054335545826860614,7.389863547758285
medium,20,3,3,15,1442,greedy,square,success,11,0.001344105,11,11,20,,,,,
medium,20,3,3,15,1442,stochastic_greedy,square,success,11,0.001582763,11,11,20,,,,,
medium,20,3,3,15,1442,genetic_greedy,square,success,11,1.898489232,10,11,20,28254,4567,18702,0.16164082961704537,4.0950295598861395
medium,20,3,3,15,1442,genetic_stochastic,square,success,11,6.193184385,11,11,20,28371,5957,62806,0.20996792499383174,10.543226456269934
medium,20,3,3,16,1542,greedy,square,success,11,0.001550087,11,11,20,,,,,
medium,20,3,3,16,1542,stochastic_greedy,square,success,11,0.001359723,11,11,20,,,,,
medium,20,3,3,16,1542,genetic_greedy,square,success,10,0.72621449,10,10,20,28263,187,2967,0.006616424300321976,15.866310160427808
medium,20,3,3,16,1542,genetic_stochastic,square,success,10,6.594132132,10,10,20,28294,6534,78492,0.23093235314907753,12.01285583103765
medium,20,3,3,17,1642,greedy,square,success,11,0.001695426,11,11,20,,,,,
medium,20,3,3,17,1642,stochastic_greedy,square,success,12,0.001744791,12,11,20,,,,,
medium,20,3,3,17,1642,genetic_greedy,square,success,10,1.022926832,10,10,20,28283,956,8532,0.03380122334971538,8.92468619246862
medium,20,3,3,17,1642,genetic_stochastic,square,success,10,1.430926927,10,10,20,28491,4316,18161,0.15148643431258993,4.207831325301205
medium,20,3,3,18,1742,greedy,square,success,12,0.001799933,11,12,20,,,,,
medium,20,3,3,18,1742,stochastic_greedy,square,success,12,0.00200972,11,12,20,,,,,
medium,20,3,3,18,1742,genetic_greedy,square,success,10,0.861328912,10,10,20,28361,475,5394,0.01674835160960474,11.35578947368421
medium,20,3,3,18,1742,genetic_stochastic,square,success,10,2.380136242,10,10,20,28476,13617,41848,0.4781921618204804,3.073217301902034
medium,20,3,3,19,1842,greedy,square,success,12,0.001791856,10,12,20,,,,,
medium,20,3,3,19,1842,stochastic_greedy,square,success,12,0.00166558,11,12,20,,,,,
medium,20,3,3,19,1842,genetic_greedy,square,success,10,1.170408839,10,10,20,28447,1872,9844,0.06580658768938728,5.2585470085470085
medium,20,3,3,19,1842,genetic_stochastic,square,success,10,1.185583092,10,10,20,28452,846,10549,0.02973428932939688,12.469267139479905
medium,20,3,3,20,1942,greedy,square,success,11,0.001850505,11,10,20,,,,,
medium,20,3,3,20,1942,stochastic_greedy,square,success,12,0.00184595,11,12,20,,,,,
medium,20,3,3,20,1942,genetic_greedy,square,success,10,0.576450447,10,10,20,28389,117,1526,0.004121314593680651,13.042735042735043
medium,20,3,3,20,1942,genetic_stochastic,square,success,10,1.352833958,10,10,20,28421,1392,14517,0.048977868477534214,10.428879310344827
medium,20,3,3,21,2042,greedy,square,success,11,0.001603635,11,10,20,,,,,
medium,20,3,3,21,2042,stochastic_greedy,square,success,12,0.001564948,12,12,20,,,,,
medium,20,3,3,21,2042,genetic_greedy,square,success,10,0.840060509,10,10,20,28251,664,4929,0.023503592793175463,7.423192771084337
medium,20,3,3,21,2042,genetic_stochastic,square,success,10,1.366980172,10,10,20,28263,1191,12268,0.04213990022290627,10.300587741393787
medium,20,3,3,22,2142,greedy,square,success,11,0.001634873,11,10,20,,,,,
medium,20,3,3,22,2142,stochastic_greedy,square,success,12,0.001828498,11,12,20,,,,,
medium,20,3,3,22,2142,genetic_greedy,square,success,11,3.657518885,11,11,20,28296,4303,44317,0.15207096409386486,10.299093655589123
medium,20,3,3,22,2142,genetic_stochastic,square,success,10,2.656468722,10,10,20,28408,6043,33973,0.212721768515911,5.621876551381764
medium,20,3,3,23,2242,greedy,square,success,12,0.001806235,12,12,20,,,,,
medium,20,3,3,23,2242,stochastic_greedy,square,success,12,0.001424673,12,12,20,,,,,
medium,20,3,3,23,2242,genetic_greedy,square,success,11,3.460029014,11,11,20,28285,14744,48485,0.5212656885274881,3.28845632121541
medium,20,3,3,23,2242,genetic_stochastic,square,success,10,1.179952002,10,10,20,28340,767,10040,0.02706422018348624,13.089960886571056
medium,20,3,3,24,2342,greedy,square,success,11,0.00172593,11,10,20,,,,,
medium,20,3,3,24,2342,stochastic_greedy,square,success,11,0.001665765,11,11,20,,,,,
medium,20,3,3,24,2342,genetic_greedy,square,success,11,1.127935789,11,11,20,28373,734,8949,0.02586966482219011,12.192098092643052
medium,20,3,3,24,2342,genetic_stochastic,square,success,11,4.829257148,11,11,20,28330,4707,46956,0.16614895870102364,9.975780752071383
medium,20,3,3,25,2442,greedy,square,success,12,0.001823958,10,12,20,,,,,
medium,20,3,3,25,2442,stochastic_greedy,square,success,12,0.001626157,12,11,20,,,,,
medium,20,3,3,25,2442,genetic_greedy,square,success,10,1.608744574,10,10,20,28337,2693,18905,0.09503476020750255,7.020051986632009
medium,20,3,3,25,2442,genetic_stochastic,square,success,10,1.033047753,10,10,20,28521,781,8046,0.02738333158023912,10.302176696542894
medium,20,3,3,26,2542,greedy,square,success,11,0.0019726,11,11,20,,,,,
medium,20,3,3,26,2542,stochastic_greedy,square,success,12,0.001560087,12,11,20,,,,,
medium,20,3,3,26,2542,genetic_greedy,square,success,10,1.41178528,10,10,20,28321,886,11533,0.03128420606616998,13.016930022573364
medium,20,3,3,26,2542,genetic_stochastic,square,success,10,1.124874975,10,10,20,28560,846,8482,0.029621848739495797,10.026004728132389
medium,20,3,3,27,2642,greedy,square,success,11,0.001691841,11,11,20,,,,,
medium,20,3,3,27,2642,stochastic_greedy,square,success,11,0.00142442,11,11,20,,,,,
medium,20,3,3,27,2642,genetic_greedy,square,success,10,0.907933784,10,10,20,28235,597,6665,0.0211439702496901,11.164154103852596
medium,20,3,3,27,2642,genetic_stochastic,square,success,10,1.103399507,10,10,20,28423,685,8553,0.024100200541814727,12.486131386861313
medium,20,3,3,28,2742,greedy,square,success,12,0.00166227,11,12,20,,,,,
medium,20,3,3,28,2742,stochastic_greedy,square,success,12,0.001470937,12,12,20,,,,,
medium,20,3,3,28,2742,genetic_greedy,square,success,10,0.942198515,10,10,20,28317,2163,6586,0.07638521029770103,3.0448451225150253
medium,20,3,3,28,2742,genetic_stochastic,square,success,10,1.531787915,10,10,20,28330,1193,15284,0.04211083656900812,12.811399832355406
medium,20,3,3,29,2842,greedy,square,success,11,0.001741391,11,11,20,,,,,
medium,20,3,3,29,2842,stochastic_greedy,square,success,12,0.001832001,12,12,20,,,,,
medium,20,3,3,29,2842,genetic_greedy,square,success,10,0.769870535,10,10,20,28323,261,3617,0.009215125516364792,13.85823754789272
medium,20,3,3,29,2842,genetic_stochastic,square,success,10,1.585849989,10,10,20,28351,1586,14581,0.055941589361927266,9.193568726355611
medium,20,3,3,30,2942,greedy,square,success,11,0.001644314,11,11,20,,,,,
medium,20,3,3,30,2942,stochastic_greedy,square,success,12,0.001503176,11,12,20,,,,,
medium,20,3,3,30,2942,genetic_greedy,square,success,11,1.815388141,11,11,20,28439,1400,15822,0.04922817257990787,11.301428571428572
medium,20,3,3,30,2942,genetic_stochastic,square,success,10,2.622796664,10,10,20,28465,3290,30744,0.11558053750219568,9.34468085106383
medium,20,3,3,1,42,merge_greedy,square,success,12,0.125078231,12,10,20,,,,,
medium,20,3,3,2,142,merge_greedy,square,success,13,0.116575083,13,10,20,,,,,
medium,20,3,3,3,242,merge_greedy,square,success,11,0.12068683,11,10,20,,,,,
medium,20,3,3,4,342,merge_greedy,square,success,12,0.119212566,8,12,20,,,,,
medium,20,3,3,5,442,merge_greedy,square,success,13,0.138841864,13,9,20,,,,,
medium,20,3,3,6,542,merge_greedy,square,success,11,0.129858655,11,11,20,,,,,
medium,20,3,3,7,642,merge_greedy,square,success,11,0.130901025,11,10,20,,,,,
medium,20,3,3,8,742,merge_greedy,square,success,12,0.164214612,12,10,20,,,,,
medium,20,3,3,9,842,merge_greedy,square,success,12,0.111434993,10,12,20,,,,,
medium,20,3,3,10,942,merge_greedy,square,success,11,0.110836774,10,11,20,,,,,
medium,20,3,3,1,42,beam_search,square,success,11,1.04151706,11,11,20,,,,,
medium,20,3,3,2,142,beam_search,square,success,10,1.097143584,10,10,20,,,,,
medium,20,3,3,3,242,beam_search,square,success,11,1.093169138,10,11,20,,,,,
medium,20,3,3,4,342,beam_search,square,success,10,1.036901279,10,10,20,,,,,
medium,20,3,3,5,442,beam_search,square,success,11,1.025381265,11,11,20,,,,,
medium,20,3,3,6,542,beam_search,square,success,11,1.018063546,11,10,20,,,,,
medium,20,3,3,7,642,beam_search,square,success,11,1.031665265,11,11,20,,,,,
medium,20,3,3,8,742,beam_search,square,success,10,1.051444988,10,10,20,,,,,
medium,20,3,3,9,842,beam_search,square,success,10,1.036856012,10,10,20,,,,,
medium,20,3,3,10,942,beam_search,square,success,11,1.039764878,11,10,20,,,,,
medium,30,3,3,1,42,greedy,square,success,13,0.002823844,13,13,30,,,,,
medium,30,3,3,1,42,stochastic_greedy,square,success,13,0.010961895,13,13,30,,,,,
medium,30,3,3,1,42,genetic_greedy,square,success,12,3.819405963,12,12,30,28282,3749,26174,0.13255781062159677,6.9815950920245395
medium,30,3,3,1,42,genetic_stochastic,square,success,12,4.464688899,12,12,30,28322,2482,32890,0.08763505402160865,13.251410153102336
medium,30,3,3,2,142,greedy,square,success,12,0.002265787,12,12,30,,,,,
medium,30,3,3,2,142,stochastic_greedy,square,success,13,0.002560212,13,13,30,,,,,
medium,30,3,3,2,142,genetic_greedy,square,success,12,2.992958199,12,12,30,28376,891,18167,0.03139977445728785,20.389450056116722
medium,30,3,3,2,142,genetic_stochastic,square,success,12,11.31881792,12,12,30,28439,4487,83870,0.15777629311860472,18.69177624247827
medium,30,3,3,3,242,greedy,square,success,14,0.002358595,14,14,30,,,,,
medium,30,3,3,3,242,stochastic_greedy,square,success,13,0.002622027,12,13,30,,,,,
medium,30,3,3,3,242,genetic_greedy,square,success,13,6.779482299,13,13,30,28229,3105,44096,0.10999326933295547,14.201610305958132
medium,30,3,3,3,242,genetic_stochastic,square,success,12,3.793554573,12,12,30,28360,1253,24428,0.04418194640338505,19.49561053471668
medium,30,3,3,4,342,greedy,square,success,13,0.002138466,11,13,30,,,,,
medium,30,3,3,4,342,stochastic_greedy,square,success,14,0.00253081,13,14,30,,,,,
medium,30,3,3,4,342,genetic_greedy,square,success,12,2.659917363,12,12,30,28351,521,12865,0.018376776833268667,24.69289827255278
medium,30,3,3,4,342,genetic_stochastic,square,success,12,5.268045119,12,12,30,28251,2319,40437,0.08208558989062334,17.4372574385511
medium,30,3,3,5,442,greedy,square,success,13,0.002365808,12,13,30,,,,,
medium,30,3,3,5,442,stochastic_greedy,square,success,14,0.003033438,14,14,30,,,,,
medium,30,3,3,5,442,genetic_greedy,square,success,12,2.216895157,12,12,30,28384,435,10025,0.01532553551296505,23.04597701149425
medium,30,3,3,5,442,genetic_stochastic,square,success,12,4.347847565,12,12,30,28262,1361,29013,0.04815653527705046,21.31741366642175
medium,30,3,3,6,542,greedy,square,success,13,0.00225315,13,13,30,,,,,
medium,30,3,3,6,542,stochastic_greedy,square,success,14,0.002622365,14,14,30,,,,,
medium,30,3,3,6,542,genetic_greedy,square,success,12,5.691303755,12,12,30,28174,1489,32307,0.052850145524242206,21.69711215580927
medium,30,3,3,6,542,genetic_stochastic,square,success,12,5.278487198,12,11,30,28361,3578,45026,0.12615916222982265,12.58412520961431
medium,30,3,3,7,642,greedy,square,success,12,0.002432538,12,12,30,,,,,
medium,30,3,3,7,642,stochastic_greedy,square,success,13,0.002240413,13,12,30,,,,,
medium,30,3,3,7,642,genetic_greedy,square,success,11,1.874420478,11,11,30,28259,465,9224,0.016454934711065503,19.836559139784946
medium,30,3,3,7,642,genetic_stochastic,square,success,11,2.605017572,11,11,30,28407,901,16334,0.03171753441053261,18.128745837957826
medium,30,3,3,8,742,greedy,square,success,12,0.002242243,12,12,30,,,,,
medium,30,3,3,8,742,stochastic_greedy,square,success,13,0.010081681,13,13,30,,,,,
medium,30,3,3,8,742,genetic_greedy,square,success,12,3.268508864,12,11,30,28160,723,16523,0.025674715909090907,22.853388658367912
medium,30,3,3,8,742,genetic_stochastic,square,success,12,4.499779813,12,12,30,28320,9259,47315,0.3269420903954802,5.110163084566368
medium,30,3,3,9,842,greedy,square,success,13,0.002243063,13,13,30,,,,,
medium,30,3,3,9,842,stochastic_greedy,square,success,14,0.002350623,13,14,30,,,,,
medium,30,3,3,9,842,genetic_greedy,square,success,12,2.847340503,12,12,30,28248,4349,17304,0.1539578023222883,3.9788457116578524
medium,30,3,3,9,842,genetic_stochastic,square,success,12,3.096863151,12,12,30,28308,914,19746,0.03228769252508125,21.603938730853393
medium,30,3,3,10,942,greedy,square,success,13,0.002619988,13,13,30,,,,,
medium,30,3,3,10,942,stochastic_greedy,square,success,14,0.002641949,14,13,30,,,,,
medium,30,3,3,10,942,genetic_greedy,square,success,12,2.027405801,12,12,30,28293,307,7671,0.010850740465839608,24.98697068403909
medium,30,3,3,10,942,genetic_stochastic,square,success,12,5.140882838,12,12,30,28314,5896,43975,0.20823620823620823,7.4584464043419265
medium,30,3,3,11,1042,greedy,square,success,12,0.002577827,12,12,30,,,,,
medium,30,3,3,11,1042,stochastic_greedy,square,success,14,0.002266707,14,14,30,,,,,
medium,30,3,3,11,1042,genetic_greedy,square,success,12,2.253195251,12,12,30,28475,508,11064,0.01784021071115013,21.77952755905512
medium,30,3,3,11,1042,genetic_stochastic,square,success,12,2.998925074,12,12,30,28525,838,17437,0.029377738825591585,20.807875894988065
medium,30,3,3,12,1142,greedy,square,success,13,0.002465122,13,13,30,,,,,
medium,30,3,3,12,1142,stochastic_greedy,square,success,14,0.002293202,14,12,30,,,,,
medium,30,3,3,12,1142,genetic_greedy,square,success,12,2.107376571,12,12,30,28398,479,10205,0.016867385027114587,21.304801670146137
medium,30,3,3,12,1142,genetic_stochastic,square,success,12,4.318057874,12,12,30,28326,1270,27085,0.0448351337993363,21.326771653543307
medium,30,3,3,13,1242,greedy,square,success,13,0.002602291,12,13,30,,,,,
medium,30,3,3,13,1242,stochastic_greedy,square,success,14,0.003039907,14,14,30,,,,,
medium,30,3,3,13,1242,genetic_greedy,square,success,12,1.894266563,11,12,30,28424,278,6730,0.009780467210807768,24.20863309352518
medium,30,3,3,13,1242,genetic_stochastic,square,success,12,3.479657951,12,12,30,28409,1537,24065,0.05410257312823401,15.657124268054652
medium,30,3,3,14,1342,greedy,square,success,13,0.003575137,12,13,30,,,,,
medium,30,3,3,14,1342,stochastic_greedy,square,success,14,0.002687342,13,14,30,,,,,
medium,30,3,3,14,1342,genetic_greedy,square,success,12,1.97478034,12,12,30,28089,5556,9802,0.197799850475275,1.7642188624910007
medium,30,3,3,14,1342,genetic_stochastic,square,success,12,6.595199416,12,12,30,28378,2647,41022,0.09327648178166185,15.49754438987533
medium,30,3,3,15,1442,greedy,square,success,13,0.002565083,12,13,30,,,,,
medium,30,3,3,15,1442,stochastic_greedy,square,success,14,0.00320873,14,14,30,,,,,
medium,30,3,3,15,1442,genetic_greedy,square,success,12,6.844370706,12,12,30,28431,3700,50170,0.13013963631247583,13.55945945945946
medium,30,3,3,15,1442,genetic_stochastic,square,success,12,2.345613099,12,12,30,28408,500,10721,0.017600675865953253,21.442
medium,30,3,3,16,1542,greedy,square,success,12,0.002537262,12,12,30,,,,,
medium,30,3,3,16,1542,stochastic_greedy,square,success,13,0.002695648,13,13,30,,,,,
medium,30,3,3,16,1542,genetic_greedy,square,success,12,1.466999752,12,12,30,28431,201,4932,0.007069747810488552,24.53731343283582
medium,30,3,3,16,1542,genetic_stochastic,square,success,12,3.097479812,12,12,30,28278,1261,18800,0.0445929697998444,14.908802537668517
medium,30,3,3,17,1642,greedy,square,success,13,0.003036919,12,13,30,,,,,
medium,30,3,3,17,1642,stochastic_greedy,square,success,14,0.003837526,14,13,30,,,,,
medium,30,3,3,17,1642,genetic_greedy,square,success,12,3.144511915,12,12,30,28447,823,15663,0.0289309944809646,19.031591737545565
medium,30,3,3,17,1642,genetic_stochastic,square,success,12,35.072301343,12,12,30,28332,10953,243553,0.3865946632782719,22.23619099790012
medium,30,3,3,18,1742,greedy,square,success,13,0.010154127,13,13,30,,,,,
medium,30,3,3,18,1742,stochastic_greedy,square,success,13,0.005263273,13,13,30,,,,,
medium,30,3,3,18,1742,genetic_greedy,square,success,12,2.957006699,12,12,30,28294,626,14249,0.022124832119884075,22.761980830670925
medium,30,3,3,18,1742,genetic_stochastic,square,success,12,3.98131702,12,12,30,28380,2921,26553,0.1029245947850599,9.09038000684697
medium,30,3,3,19,1842,greedy,square,success,13,0.002306877,13,13,30,,,,,
medium,30,3,3,19,1842,stochastic_greedy,square,success,14,0.003092113,14,14,30,,,,,
medium,30,3,3,19,1842,genetic_greedy,square,success,12,2.123863393,12,12,30,28352,361,8090,0.012732787810383747,22.409972299168974
medium,30,3,3,19,1842,genetic_stochastic,square,success,12,3.823951941,12,12,30,28417,993,22003,0.03494387162613928,22.158106747230615
medium,30,3,3,20,1942,greedy,square,success,13,0.002275925,12,13,30,,,,,
medium,30,3,3,20,1942,stochastic_greedy,square,success,14,0.002463129,13,14,30,,,,,
medium,30,3,3,20,1942,genetic_greedy,square,success,11,3.166670956,11,11,30,28378,869,17747,0.03062231305941222,20.422324510932107
medium,30,3,3,20,1942,genetic_stochastic,square,success,11,2.596797655,11,11,30,28279,1406,15928,0.04971887266169242,11.328591749644382
medium,30,3,3,21,2042,greedy,square,success,12,0.00275589,12,12,30,,,,,
medium,30,3,3,21,2042,stochastic_greedy,square,success,13,0.00221894,13,13,30,,,,,
medium,30,3,3,21,2042,genetic_greedy,square,success,11,1.841537766,11,11,30,28223,283,6412,0.010027282712681147,22.657243816254418
medium,30,3,3,21,2042,genetic_stochastic,square,success,11,2.2028476,11,11,30,28357,589,11583,0.020770885495644813,19.66553480475382
medium,30,3,3,22,2142,greedy,square,success,13,0.002563271,13,13,30,,,,,
medium,30,3,3,22,2142,stochastic_greedy,square,success,14,0.002773583,14,13,30,,,,,
medium,30,3,3,22,2142,genetic_greedy,square,success,12,2.149039494,12,12,30,28367,683,9760,0.024077272887510135,14.289897510980966
medium,30,3,3,22,2142,genetic_stochastic,square,success,12,4.369689347,12,12,30,28405,1285,27950,0.045238514346065836,21.750972762645915
medium,30,3,3,23,2242,greedy,square,success,13,0.002353122,12,13,30,,,,,
medium,30,3,3,23,2242,stochastic_greedy,square,success,14,0.002931391,13,14,30,,,,,
medium,30,3,3,23,2242,genetic_greedy,square,success,12,2.15313279,12,11,30,28360,405,9306,0.014280677009873061,22.977777777777778
medium,30,3,3,23,2242,genetic_stochastic,square,success,12,3.064327974,12,12,30,28211,912,17770,0.032327815391159476,19.484649122807017
medium,30,3,3,24,2342,greedy,square,success,12,0.00329018,12,12,30,,,,,
medium,30,3,3,24,2342,stochastic_greedy,square,success,14,0.004098289,14,14,30,,,,,
medium,30,3,3,24,2342,genetic_greedy,square,success,12,4.086039867,12,12,30,28211,938,21306,0.033249441707135514,22.714285714285715
medium,30,3,3,24,2342,genetic_stochastic,square,success,12,3.745048191,12,12,30,28412,1315,23043,0.04628326059411516,17.52319391634981
medium,30,3,3,25,2442,greedy,square,success,13,0.001913134,12,13,30,,,,,
medium,30,3,3,25,2442,stochastic_greedy,square,success,14,0.002642989,14,14,30,,,,,
medium,30,3,3,25,2442,genetic_greedy,square,success,12,2.210150747,12,12,30,28427,448,9881,0.015759665107116475,22.055803571428573
medium,30,3,3,25,2442,genetic_stochastic,square,success,12,3.727102873,12,12,30,28399,1168,23458,0.041128208739744355,20.083904109589042
medium,30,3,3,26,2542,greedy,square,success,13,0.003869534,13,13,30,,,,,
medium,30,3,3,26,2542,stochastic_greedy,square,success,13,0.00257687,13,13,30,,,,,
medium,30,3,3,26,2542,genetic_greedy,square,success,12,1.765191487,12,12,30,28278,162,4199,0.005728835136855506,25.919753086419753
medium,30,3,3,26,2542,genetic_stochastic,square,success,12,2.761057279,12,12,30,28254,4788,18732,0.16946273094075176,3.912280701754386
medium,30,3,3,27,2642,greedy,square,success,14,0.002810146,14,14,30,,,,,
medium,30,3,3,27,2642,stochastic_greedy,square,success,12,0.003533061,12,12,30,,,,,
medium,30,3,3,27,2642,genetic_greedy,square,success,12,2.469285727,12,12,30,28335,3658,15236,0.12909828833598025,4.1651175505740845
medium,30,3,3,27,2642,genetic_stochastic,square,success,12,2.88901561,12,12,30,28568,2192,17162,0.07672920750490059,7.829379562043796
medium,30,3,3,28,2742,greedy,square,success,13,0.003101183,13,13,30,,,,,
medium,30,3,3,28,2742,stochastic_greedy,square,success,14,0.002876492,14,13,30,,,,,
medium,30,3,3,28,2742,genetic_greedy,square,success,12,2.511495939,12,12,30,28375,551,12305,0.01941850220264317,22.33212341197822
medium,30,3,3,28,2742,genetic_stochastic,square,success,12,4.838960981,12,12,30,28336,1545,31874,0.05452428006775833,20.63042071197411
medium,30,3,3,29,2842,greedy,square,success,13,0.002573747,13,13,30,,,,,
medium,30,3,3,29,2842,stochastic_greedy,square,success,13,0.004448661,13,13,30,,,,,
medium,30,3,3,29,2842,genetic_greedy,square,success,12,3.973678449,12,11,30,28317,2241,24602,0.07913973937917153,10.978134761267292
medium,30,3,3,29,2842,genetic_stochastic,square,success,12,3.109763685,12,12,30,28396,871,17563,0.030673334272432736,20.16417910447761
medium,30,3,3,30,2942,greedy,square,success,13,0.002485068,13,13,30,,,,,
medium,30,3,3,30,2942,stochastic_greedy,square,success,13,0.003184505,13,13,30,,,,,
medium,30,3,3,30,2942,genetic_greedy,square,success,12,1.627649706,11,12,30,28350,331,4683,0.011675485008818343,14.148036253776436
medium,30,3,3,30,2942,genetic_stochastic,square,success,12,3.719764993,12,12,30,28347,4817,28768,0.16992979856774967,5.972181855926926
medium,30,3,3,1,42,merge_greedy,square,success,14,0.4359654,14,10,30,,,,,
medium,30,3,3,2,142,merge_greedy,square,success,12,0.370042292,11,12,30,,,,,
medium,30,3,3,3,242,merge_greedy,square,success,12,0.408337932,12,11,30,,,,,
medium,30,3,3,4,342,merge_greedy,square,success,16,0.341061472,10,16,30,,,,,
medium,30,3,3,5,442,merge_greedy,square,success,14,0.380233099,10,14,30,,,,,
medium,30,3,3,6,542,merge_greedy,square,success,12,0.404511421,12,11,30,,,,,
medium,30,3,3,7,642,merge_greedy,square,success,17,0.349113864,9,17,30,,,,,
medium,30,3,3,8,742,merge_greedy,square,success,14,0.439907913,12,14,30,,,,,
medium,30,3,3,9,842,merge_greedy,square,success,15,0.383812508,15,11,30,,,,,
medium,30,3,3,10,942,merge_greedy,square,success,12,0.392931748,12,11,30,,,,,
medium,30,3,3,1,42,beam_search,square,success,12,4.018173656,12,12,30,,,,,
medium,30,3,3,2,142,beam_search,square,success,12,4.384674915,12,11,30,,,,,
medium,30,3,3,3,242,beam_search,square,success,12,4.084495152,12,12,30,,,,,
medium,30,3,3,4,342,beam_search,square,success,12,4.191394207,12,12,30,,,,,
medium,30,3,3,5,442,beam_search,square,success,12,4.107794197,12,12,30,,,,,
medium,30,3,3,6,542,beam_search,square,success,12,4.119703369,11,12,30,,,,,
medium,30,3,3,7,642,beam_search,square,success,12,4.239077322,12,12,30,,,,,
medium,30,3,3,8,742,beam_search,square,success,12,3.919303507,12,12,30,,,,,
medium,30,3,3,9,842,beam_search,square,success,12,4.178667127,12,12,30,,,,,
medium,30,3,3,10,942,beam_search,square,success,12,4.156636007,12,12,30,,,,,
medium,50,3,3,1,42,greedy,square,success,15,0.005565498,15,15,50,,,,,
medium,50,3,3,1,42,stochastic_greedy,square,success,17,0.006394262,16,17,50,,,,,
medium,50,3,3,1,42,genetic_greedy,square,success,14,14.162447647,14,14,50,28507,1044,42970,0.03662258392675483,41.15900383141762
medium,50,3,3,1,42,genetic_stochastic,square,success,14,22.864055335,14,14,50,28337,2462,84666,0.08688287398101423,34.38911454102356
medium,50,3,3,2,142,greedy,square,success,15,0.007326893,14,15,50,,,,,
medium,50,3,3,2,142,stochastic_greedy,square,success,15,0.007589597,15,15,50,,,,,
medium,50,3,3,2,142,genetic_greedy,square,success,14,8.09051486,14,14,50,28473,458,19294,0.01608541425209848,42.12663755458515
medium,50,3,3,2,142,genetic_stochastic,square,success,14,14.242385619,14,14,50,28218,1229,48356,0.04355376001134028,39.34580960130187
medium,50,3,3,3,242,greedy,square,success,15,0.005630344,15,15,50,,,,,
medium,50,3,3,3,242,stochastic_greedy,square,success,16,0.008965491,16,16,50,,,,,
medium,50,3,3,3,242,genetic_greedy,square,success,14,6.771724024,13,14,50,28598,716,17581,0.025036715854255542,24.554469273743017
medium,50,3,3,3,242,genetic_stochastic,square,success,14,12.406772947,14,14,50,28341,1017,39456,0.03588440774849158,38.796460176991154
medium,50,3,3,4,342,greedy,square,success,15,0.005639152,15,15,50,,,,,
medium,50,3,3,4,342,stochastic_greedy,square,success,15,0.009786765,15,15,50,,,,,
medium,50,3,3,4,342,genetic_greedy,square,success,14,9.834332145,14,14,50,28453,772,30006,0.027132464063543388,38.86787564766839
medium,50,3,3,4,342,genetic_stochastic,square,success,14,17.125207028,14,14,50,28240,1720,63926,0.060906515580736544,37.16627906976744
medium,50,3,3,5,442,greedy,square,success,14,0.005886992,14,14,50,,,,,
medium,50,3,3,5,442,stochastic_greedy,square,success,15,0.005801299,15,15,50,,,,,
medium,50,3,3,5,442,genetic_greedy,square,success,14,10.404768646,14,14,50,28390,784,31555,0.02761535752025361,40.24872448979592
medium,50,3,3,5,442,genetic_stochastic,square,success,14,14.855165072,14,14,50,28336,3336,57759,0.11773009599096555,17.31384892086331
medium,50,3,3,6,542,greedy,square,success,15,0.005668602,15,15,50,,,,,
medium,50,3,3,6,542,stochastic_greedy,square,success,16,0.009161842,16,16,50,,,,,
medium,50,3,3,6,542,genetic_greedy,square,success,14,8.650677438,14,14,50,28233,593,24421,0.021003789891261997,41.18212478920742
medium,50,3,3,6,542,genetic_stochastic,square,success,14,12.01461238,14,14,50,28414,853,35076,0.030020412472724713,41.12075029308323
medium,50,3,3,7,642,greedy,square,success,14,0.005553821,14,14,50,,,,,
medium,50,3,3,7,642,stochastic_greedy,square,success,14,0.006893169,14,14,50,,,,,
medium,50,3,3,7,642,genetic_greedy,square,success,14,7.624735881,13,14,50,28417,592,23032,0.02083260020410318,38.9054054054054
medium,50,3,3,7,642,genetic_stochastic,square,success,14,49.941352728,14,14,50,28447,4204,174753,0.14778359756740606,41.56826831588963
medium,50,3,3,8,742,greedy,square,success,16,0.006092871,15,16,50,,,,,
medium,50,3,3,8,742,stochastic_greedy,square,success,15,0.006704574,15,15,50,,,,,
medium,50,3,3,8,742,genetic_greedy,square,success,14,6.540032962,14,14,50,28259,386,15793,0.01365936515800276,40.91450777202073
medium,50,3,3,8,742,genetic_stochastic,square,success,14,18.243736594,14,14,50,28413,1876,60597,0.06602611480660261,32.30117270788912
medium,50,3,3,9,842,greedy,square,success,15,0.004204638,15,15,50,,,,,
medium,50,3,3,9,842,stochastic_greedy,square,success,16,0.006311561,16,16,50,,,,,
medium,50,3,3,9,842,genetic_greedy,square,success,14,9.007744514,12,14,50,28290,540,22784,0.019088016967126194,42.19259259259259
medium,50,3,3,9,842,genetic_stochastic,square,success,14,20.484942942,14,14,50,28368,1913,72044,0.06743513818386915,37.66021955044433
medium,50,3,3,10,942,greedy,square,success,15,0.004227221,14,15,50,,,,,
medium,50,3,3,10,942,stochastic_greedy,square,success,16,0.006242517,16,16,50,,,,,
medium,50,3,3,10,942,genetic_greedy,square,success,14,7.778775043,14,14,50,28345,501,19815,0.017675074969130358,39.550898203592816
medium,50,3,3,10,942,genetic_stochastic,square,success,14,14.636135475,14,14,50,28401,1282,49645,0.04513925566001197,38.72464898595944
medium,50,3,3,11,1042,greedy,square,success,15,0.005969847,15,14,50,,,,,
medium,50,3,3,11,1042,stochastic_greedy,square,success,17,0.008038804,17,16,50,,,,,
medium,50,3,3,11,1042,genetic_greedy,square,success,14,8.808038368,14,14,50,28364,624,25195,0.021999717952333943,40.37660256410256
medium,50,3,3,11,1042,genetic_stochastic,square,success,15,23.908439688,15,15,50,28318,2101,83587,0.0741930927325376,39.784388386482625
medium,50,3,3,12,1142,greedy,square,success,15,0.005457934,15,15,50,,,,,
medium,50,3,3,12,1142,stochastic_greedy,square,success,16,0.007012433,16,16,50,,,,,
medium,50,3,3,12,1142,genetic_greedy,square,success,15,23.261653062,15,15,50,28417,1955,78376,0.06879684695780694,40.09002557544757
medium,50,3,3,12,1142,genetic_stochastic,square,success,15,24.898844236,15,15,50,28324,2843,96455,0.10037424092642282,33.927189588462895
medium,50,3,3,13,1242,greedy,square,success,15,0.006623883,15,15,50,,,,,
medium,50,3,3,13,1242,stochastic_greedy,square,success,15,0.007235592,15,15,50,,,,,
medium,50,3,3,13,1242,genetic_greedy,square,success,14,11.006205576,13,14,50,28373,839,33848,0.029570366193211857,40.343265792610254
medium,50,3,3,13,1242,genetic_stochastic,square,success,14,15.390815197,14,14,50,28628,1258,50157,0.043942992874109264,39.870429252782195
medium,50,3,3,14,1342,greedy,square,success,15,0.005025214,15,15,50,,,,,
medium,50,3,3,14,1342,stochastic_greedy,square,success,16,0.007514741,16,16,50,,,,,
medium,50,3,3,14,1342,genetic_greedy,square,success,15,26.348857018,15,15,50,28441,2683,85730,0.09433564220667347,31.95303764442788
medium,50,3,3,14,1342,genetic_stochastic,square,success,14,10.837355152,14,14,50,28449,855,33569,0.03005378044922493,39.26198830409357
medium,50,3,3,15,1442,greedy,square,success,15,0.004734552,15,15,50,,,,,
medium,50,3,3,15,1442,stochastic_greedy,square,success,16,0.006163339,15,16,50,,,,,
medium,50,3,3,15,1442,genetic_greedy,square,success,14,6.673052438,14,14,50,28337,381,15885,0.013445318841091153,41.69291338582677
medium,50,3,3,15,1442,genetic_stochastic,square,success,15,9.439383076,15,15,50,28374,609,25360,0.02146331148234299,41.64203612479474
medium,50,3,3,16,1542,greedy,square,success,15,0.005000972,15,15,50,,,,,
medium,50,3,3,16,1542,stochastic_greedy,square,success,16,0.007033116,16,15,50,,,,,
medium,50,3,3,16,1542,genetic_greedy,square,success,14,10.276541168,14,14,50,28364,744,30166,0.026230432943167396,40.545698924731184
medium,50,3,3,16,1542,genetic_stochastic,square,success,14,13.927730753,14,14,50,28242,1159,47378,0.04103817010126762,40.87834339948231
medium,50,3,3,17,1642,greedy,square,success,16,0.006302783,14,16,50,,,,,
medium,50,3,3,17,1642,stochastic_greedy,square,success,16,0.007612379,15,16,50,,,,,
medium,50,3,3,17,1642,genetic_greedy,square,success,14,8.139000652,14,14,50,28288,525,20777,0.01855910633484163,39.57523809523809
medium,50,3,3,17,1642,genetic_stochastic,square,success,14,11.800172494,14,14,50,28443,994,38373,0.03494708715676968,38.6046277665996
medium,50,3,3,18,1742,greedy,square,success,15,0.004650013,15,15,50,,,,,
medium,50,3,3,18,1742,stochastic_greedy,square,success,17,0.007818038,15,17,50,,,,,
medium,50,3,3,18,1742,genetic_greedy,square,success,14,6.419848499,14,14,50,28377,382,15543,0.013461606230397858,40.68848167539267
medium,50,3,3,18,1742,genetic_stochastic,square,success,14,12.379561681,14,14,50,28295,978,39373,0.03456441067326383,40.258691206543965
medium,50,3,3,19,1842,greedy,square,success,15,0.005300009,14,15,50,,,,,
medium,50,3,3,19,1842,stochastic_greedy,square,success,17,0.008475525,17,16,50,,,,,
medium,50,3,3,19,1842,genetic_greedy,square,success,15,12.738787081,15,14,50,28412,979,38796,0.03445727157539068,39.628192032686414
medium,50,3,3,19,1842,genetic_stochastic,square,success,15,24.046400291,15,15,50,28548,2025,78895,0.07093316519546028,38.96049382716049
medium,50,3,3,20,1942,greedy,square,success,14,0.00562021,14,14,50,,,,,
medium,50,3,3,20,1942,stochastic_greedy,square,success,16,0.007327069,16,16,50,,,,,
medium,50,3,3,20,1942,genetic_greedy,square,success,14,18.130236945,14,14,50,28251,9536,96344,0.33754557360801385,10.103187919463087
medium,50,3,3,20,1942,genetic_stochastic,square,success,13,11.573884674,13,13,50,28313,1692,43143,0.059760534030304104,25.49822695035461
medium,50,3,3,21,2042,greedy,square,success,14,0.006114191,14,14,50,,,,,
medium,50,3,3,21,2042,stochastic_greedy,square,success,14,0.007292686,14,14,50,,,,,
medium,50,3,3,21,2042,genetic_greedy,square,success,14,17.432152238,14,14,50,28265,1429,58421,0.05055722625154785,40.882435269419176
medium,50,3,3,21,2042,genetic_stochastic,square,success,14,10.810473187,14,14,50,28340,7331,41545,0.2586803105151729,5.667030418769609
medium,50,3,3,22,2142,greedy,square,success,15,0.006735425,15,15,50,,,,,
medium,50,3,3,22,2142,stochastic_greedy,square,success,16,0.007840563,16,16,50,,,,,
medium,50,3,3,22,2142,genetic_greedy,square,success,14,8.461212672,14,14,50,28274,521,20958,0.01842682322982245,40.226487523992326
medium,50,3,3,22,2142,genetic_stochastic,square,success,14,14.909013261,14,14,50,28312,1403,52896,0.049554959027974,37.70206699928724
medium,50,3,3,23,2242,greedy,square,success,16,0.006365913,16,16,50,,,,,
medium,50,3,3,23,2242,stochastic_greedy,square,success,16,0.008466655,15,16,50,,,,,
medium,50,3,3,23,2242,genetic_greedy,square,success,14,8.26491809,14,14,50,28300,493,21168,0.017420494699646644,42.93711967545639
medium,50,3,3,23,2242,genetic_stochastic,square,success,14,12.218420481,14,14,50,28395,886,36555,0.03120267652755767,41.25846501128668
medium,50,3,3,24,2342,greedy,square,success,15,0.006085787,15,15,50,,,,,
medium,50,3,3,24,2342,stochastic_greedy,square,success,16,0.007734394,16,16,50,,,,,
medium,50,3,3,24,2342,genetic_greedy,square,success,14,15.378635346,14,14,50,28320,1183,48612,0.0417725988700565,41.09213863060017
medium,50,3,3,24,2342,genetic_stochastic,square,success,15,14.174205697,15,15,50,28352,1107,44245,0.03904486455981941,39.968383017163504
medium,50,3,3,25,2442,greedy,square,success,15,0.005864103,14,15,50,,,,,
medium,50,3,3,25,2442,stochastic_greedy,square,success,16,0.007796728,16,16,50,,,,,
medium,50,3,3,25,2442,genetic_greedy,square,success,14,22.704771087,14,14,50,28383,2462,85491,0.08674206391149632,34.72420796100731
medium,50,3,3,25,2442,genetic_stochastic,square,success,14,13.229210249,14,14,50,28388,1039,40474,0.03659997181907848,38.95476419634264
medium,50,3,3,26,2542,greedy,square,success,15,0.00541204,15,15,50,,,,,
medium,50,3,3,26,2542,stochastic_greedy,square,success,16,0.008106405,15,16,50,,,,,
medium,50,3,3,26,2542,genetic_greedy,square,success,14,9.333614077,14,14,50,28573,600,24451,0.020998845063521506,40.751666666666665
medium,50,3,3,26,2542,genetic_stochastic,square,success,14,12.237127217,14,14,50,28238,1076,39864,0.038104681634676674,37.048327137546465
medium,50,3,3,27,2642,greedy,square,success,15,0.006333319,14,15,50,,,,,
medium,50,3,3,27,2642,stochastic_greedy,square,success,14,0.006722095,14,14,50,,,,,
medium,50,3,3,27,2642,genetic_greedy,square,success,14,17.363630854,14,14,50,28416,1302,55538,0.04581925675675676,42.655913978494624
medium,50,3,3,27,2642,genetic_stochastic,square,success,14,12.053056532,14,14,50,28370,996,38998,0.03510750793091293,39.15461847389558
medium,50,3,3,28,2742,greedy,square,success,15,0.007221096,15,15,50,,,,,
medium,50,3,3,28,2742,stochastic_greedy,square,success,16,0.008133259,16,16,50,,,,,
medium,50,3,3,28,2742,genetic_greedy,square,success,14,13.671300164,14,14,50,28297,3182,57741,0.1124500830476729,18.146134506599623
medium,50,3,3,28,2742,genetic_stochastic,square,success,15,16.044080849,15,15,50,28410,1448,47222,0.0509679690249912,32.61187845303867
medium,50,3,3,29,2842,greedy,square,success,15,0.004479656,15,15,50,,,,,
medium,50,3,3,29,2842,stochastic_greedy,square,success,16,0.006014497,15,16,50,,,,,
medium,50,3,3,29,2842,genetic_greedy,square,success,14,9.486211866,14,14,50,28358,611,24955,0.02154594823330277,40.84288052373159
medium,50,3,3,29,2842,genetic_stochastic,square,success,14,17.251978269,14,14,50,28366,7175,79208,0.2529436649509977,11.0394425087108
medium,50,3,3,30,2942,greedy,square,success,16,0.007621182,15,16,50,,,,,
medium,50,3,3,30,2942,stochastic_greedy,square,success,16,0.012286241,16,16,50,,,,,
medium,50,3,3,30,2942,genetic_greedy,square,success,15,23.471182831,15,15,50,28351,1997,77447,0.07043843250678988,38.781672508763144
medium,50,3,3,30,2942,genetic_stochastic,square,success,15,76.265905287,15,15,50,28355,5216,218208,0.18395344736378064,41.83435582822086
medium,50,3,3,1,42,merge_greedy,square,success,17,1.754405344,12,17,50,,,,,
medium,50,3,3,2,142,merge_greedy,square,success,16,1.652624928,15,16,50,,,,,
medium,50,3,3,3,242,merge_greedy,square,success,18,1.683175832,11,18,50,,,,,
medium,50,3,3,4,342,merge_greedy,square,success,17,1.648607608,13,17,50,,,,,
medium,50,3,3,5,442,merge_greedy,square,success,17,1.785965758,17,13,50,,,,,
medium,50,3,3,6,542,merge_greedy,square,success,17,1.948247525,13,17,50,,,,,
medium,50,3,3,7,642,merge_greedy,square,success,15,1.636666674,15,13,50,,,,,
medium,50,3,3,8,742,merge_greedy,square,success,14,1.710120555,14,14,50,,,,,
medium,50,3,3,9,842,merge_greedy,square,success,15,2.330093435,14,15,50,,,,,
medium,50,3,3,10,942,merge_greedy,square,success,17,1.782520005,17,13,50,,,,,
medium,50,3,3,1,42,beam_search,square,success,15,25.530848403,15,15,50,,,,,
medium,50,3,3,2,142,beam_search,square,success,15,24.914272866,14,15,50,,,,,
medium,50,3,3,3,242,beam_search,square,success,14,23.840577016,14,14,50,,,,,
medium,50,3,3,4,342,beam_search,square,success,14,25.564613481,14,14,50,,,,,
medium,50,3,3,5,442,beam_search,square,success,14,24.171202397,14,13,50,,,,,
medium,50,3,3,6,542,beam_search,square,success,14,23.470934518,14,14,50,,,,,
medium,50,3,3,7,642,beam_search,square,success,13,23.456641366,13,13,50,,,,,
medium,50,3,3,8,742,beam_search,square,success,14,22.959389638,14,14,50,,,,,
medium,50,3,3,9,842,beam_search,square,success,14,24.583011768,14,14,50,,,,,
medium,50,3,3,10,942,beam_search,square,success,14,24.825919947,14,14,50,,,,,
medium,20,5,5,1,42,greedy,square,success,25,0.00883461,25,23,20,,,,,
medium,20,5,5,1,42,stochastic_greedy,square,success,25,0.010552292,23,25,20,,,,,
medium,20,5,5,1,42,genetic_greedy,square,success,22,15.765475991,22,22,20,28413,488,6999,0.01717523668743181,14.342213114754099
medium,20,5,5,1,42,genetic_stochastic,square,success,23,27.156233183,23,23,20,28389,1013,13903,0.03568283490084188,13.724580454096742
medium,20,5,5,2,142,greedy,square,success,24,0.007273075,24,23,20,,,,,
medium,20,5,5,2,142,stochastic_greedy,square,success,24,0.009849869,24,24,20,,,,,
medium,20,5,5,2,142,genetic_greedy,square,success,23,29.03547923,23,23,20,28524,1420,16717,0.049782639181040526,11.772535211267606
medium,20,5,5,2,142,genetic_stochastic,square,success,22,22.878179387,22,22,20,28320,876,12044,0.03093220338983051,13.748858447488585
medium,20,5,5,3,242,greedy,square,success,24,0.007413847,24,24,20,,,,,
medium,20,5,5,3,242,stochastic_greedy,square,success,25,0.010615358,23,25,20,,,,,
medium,20,5,5,3,242,genetic_greedy,square,success,23,24.587545452,23,23,20,28405,784,11186,0.02760077451152966,14.267857142857142
medium,20,5,5,3,242,genetic_stochastic,square,success,23,26.202898742,23,23,20,28324,1067,14093,0.03767123287671233,13.208059981255857
medium,20,5,5,4,342,greedy,square,success,24,0.008352393,23,24,20,,,,,
medium,20,5,5,4,342,stochastic_greedy,square,success,24,0.012892973,24,24,20,,,,,
medium,20,5,5,4,342,genetic_greedy,square,success,23,11.409440875,23,23,20,28370,344,4861,0.012125484666901656,14.130813953488373
medium,20,5,5,4,342,genetic_stochastic,square,success,23,29.91664941,23,23,20,28218,1142,14983,0.04047062158905663,13.119964973730298
medium,20,5,5,5,442,greedy,square,success,24,0.006438086,24,23,20,,,,,
medium,20,5,5,5,442,stochastic_greedy,square,success,24,0.010185797,23,24,20,,,,,
medium,20,5,5,5,442,genetic_greedy,square,success,22,10.745256717,22,22,20,28362,287,4213,0.010119173542063323,14.679442508710801
medium,20,5,5,5,442,genetic_stochastic,square,success,23,29.075293388,23,23,20,28585,1145,14655,0.040055973412629,12.799126637554584
medium,20,5,5,6,542,greedy,square,success,24,0.00836159,24,23,20,,,,,
medium,20,5,5,6,542,stochastic_greedy,square,success,25,0.008241946,24,25,20,,,,,
medium,20,5,5,6,542,genetic_greedy,square,success,23,27.920026707,21,23,20,28329,854,12389,0.030145787002718062,14.507025761124122
medium,20,5,5,6,542,genetic_stochastic,square,success,22,22.335311754,22,22,20,28306,840,11489,0.029675687133469936,13.677380952380952
medium,20,5,5,7,642,greedy,square,success,24,0.007182616,23,24,20,,,,,
medium,20,5,5,7,642,stochastic_greedy,square,success,23,0.009762884,23,23,20,,,,,
medium,20,5,5,7,642,genetic_greedy,square,success,22,11.283568014,22,22,20,28297,288,4368,0.010177757359437396,15.166666666666666
medium,20,5,5,7,642,genetic_stochastic,square,success,23,27.308670264,23,23,20,28461,980,12919,0.03443308386915428,13.18265306122449
medium,20,5,5,8,742,greedy,square,success,24,0.006908344,24,24,20,,,,,
medium,20,5,5,8,742,stochastic_greedy,square,success,23,0.009310911,23,23,20,,,,,
medium,20,5,5,8,742,genetic_greedy,square,success,22,11.129555088,22,22,20,28507,375,4973,0.01315466376679412,13.261333333333333
medium,20,5,5,8,742,genetic_stochastic,square,success,23,19.693706612,23,23,20,28575,635,9013,0.022222222222222223,14.193700787401575
medium,20,5,5,9,842,greedy,square,success,23,0.006933348,23,23,20,,,,,
medium,20,5,5,9,842,stochastic_greedy,square,success,24,0.011396489,23,24,20,,,,,
medium,20,5,5,9,842,genetic_greedy,square,success,23,9.962919254,23,23,20,28380,228,3413,0.008033826638477801,14.969298245614034
medium,20,5,5,9,842,genetic_stochastic,square,success,23,39.061971531,23,23,20,28286,1277,18102,0.045146008626175495,14.17541111981206
medium,20,5,5,10,942,greedy,square,success,24,0.008494291,24,23,20,,,,,
medium,20,5,5,10,942,stochastic_greedy,square,success,23,0.008699133,23,22,20,,,,,
medium,20,5,5,10,942,genetic_greedy,square,success,23,16.289980259,23,23,20,28378,1351,7717,0.04760730143068574,5.712065136935603
medium,20,5,5,10,942,genetic_stochastic,square,success,23,35.311625587,23,22,20,28523,1362,17942,0.047750937839638186,13.173274596182084
medium,20,5,5,1,42,merge_greedy,square,success,26,2.874934627,26,20,20,,,,,
medium,20,5,5,2,142,merge_greedy,square,success,23,2.748580069,22,23,20,,,,,
medium,20,5,5,3,242,merge_greedy,square,success,31,3.64298283,16,31,20,,,,,
medium,20,5,5,4,342,merge_greedy,square,success,23,3.701675846,23,23,20,,,,,
medium,20,5,5,5,442,merge_greedy,square,success,27,3.681562762,20,27,20,,,,,
medium,20,5,5,6,542,merge_greedy,square,success,31,4.093301254,18,31,20,,,,,
medium,20,5,5,7,642,merge_greedy,square,success,23,2.918397932,23,22,20,,,,,
medium,20,5,5,8,742,merge_greedy,square,success,31,3.67567228,31,16,20,,,,,
medium,20,5,5,9,842,merge_greedy,square,success,23,2.784362449,22,23,20,,,,,
medium,20,5,5,10,942,merge_greedy,square,success,26,3.190263396,20,26,20,,,,,
medium,20,5,5,1,42,beam_search,square,success,23,6.511374144,23,23,20,,,,,
medium,20,5,5,2,142,beam_search,square,success,24,6.92687276,24,22,20,,,,,
medium,20,5,5,3,242,beam_search,square,success,23,7.036916323,23,23,20,,,,,
medium,20,5,5,4,342,beam_search,square,success,23,6.713406379,23,23,20,,,,,
medium,20,5,5,5,442,beam_search,square,success,24,6.905797403,24,22,20,,,,,
medium,20,5,5,6,542,beam_search,square,success,23,6.601606953,23,22,20,,,,,
medium,20,5,5,7,642,beam_search,square,success,22,6.934939184,22,22,20,,,,,
medium,20,5,5,8,742,beam_search,square,success,23,6.926877598,23,22,20,,,,,
medium,20,5,5,9,842,beam_search,square,success,23,6.772362273,23,23,20,,,,,
medium,20,5,5,10,942,beam_search,square,success,23,6.846780231,23,22,20,,,,,
medium,20,10,10,1,42,greedy,square,success,54,0.118544148,54,51,20,,,,,
medium,20,10,10,1,42,stochastic_greedy,square,success,54,0.14254504,54,54,20,,,,,
medium,20,10,10,1,42,genetic_greedy,square,success,50,716.211128781,50,50,20,28466,876,9510,0.030773554415794283,10.856164383561644
medium,20,10,10,1,42,genetic_stochastic,square,success,50,1919.40764357,50,50,20,28552,1389,20336,0.04864808069487251,14.640748740100792
medium,20,10,10,2,142,greedy,square,success,53,0.108321603,53,51,20,,,,,
medium,20,10,10,2,142,stochastic_greedy,square,success,54,0.129092765,53,54,20,,,,,
medium,20,10,10,2,142,genetic_greedy,square,success,50,617.173322354,50,50,20,28220,507,7225,0.017965981573352233,14.250493096646943
medium,20,10,10,2,142,genetic_stochastic,square,success,50,861.334796109,50,50,20,28273,913,12531,0.032292293000389063,13.725082146768894
medium,20,10,10,3,242,greedy,square,success,55,0.117779777,55,55,20,,,,,
medium,20,10,10,3,242,stochastic_greedy,square,success,54,0.136285813,54,53,20,,,,,
medium,20,10,10,3,242,genetic_greedy,square,success,50,977.698269345,50,50,20,28307,1054,13870,0.03723460628113188,13.159392789373815
medium,20,10,10,3,242,genetic_stochastic,square,success,50,1214.113008141,50,50,20,28255,1054,15151,0.0373031321889931,14.374762808349146
medium,20,10,10,4,342,greedy,square,success,53,0.116941346,53,52,20,,,,,
medium,20,10,10,4,342,stochastic_greedy,square,success,53,0.156176196,51,53,20,,,,,
medium,20,10,10,4,342,genetic_greedy,square,success,51,728.852452901,51,51,20,28382,741,9621,0.026108096680994997,12.983805668016194
medium,20,10,10,4,342,genetic_stochastic,square,success,50,1057.83406176,50,50,20,28247,1077,14492,0.03812794279038482,13.455896007428041
medium,20,10,10,5,442,greedy,square,success,54,0.118055807,54,54,20,,,,,
medium,20,10,10,5,442,stochastic_greedy,square,success,52,0.142118733,52,52,20,,,,,
medium,20,10,10,5,442,genetic_greedy,square,success,51,819.037683623,51,51,20,28415,745,9441,0.0262185465423192,12.67248322147651
medium,20,10,10,5,442,genetic_stochastic,square,success,50,986.0927645,49,50,20,28325,2193,13745,0.07742277140335392,6.267669858641131
medium,20,10,10,6,542,greedy,square,success,56,0.115763149,56,56,20,,,,,
medium,20,10,10,6,542,stochastic_greedy,square,success,52,0.10758847,52,51,20,,,,,
medium,20,10,10,6,542,genetic_greedy,square,success,51,467.346239765,50,51,20,28300,599,6961,0.0211660777385159,11.621035058430717
medium,20,10,10,6,542,genetic_stochastic,square,success,50,1443.174805475,50,50,20,28345,1527,20167,0.053871935085553005,13.20694171578258
medium,20,10,10,7,642,greedy,square,success,53,0.108244505,53,53,20,,,,,
medium,20,10,10,7,642,stochastic_greedy,square,success,53,0.141318898,52,53,20,,,,,
medium,20,10,10,7,642,genetic_greedy,square,success,50,722.47215528,50,50,20,28347,604,8661,0.021307369386531202,14.339403973509933
medium,20,10,10,7,642,genetic_stochastic,square,success,50,655.205458545,50,50,20,28294,519,7866,0.018343111613769704,15.15606936416185
medium,20,10,10,8,742,greedy,square,success,52,0.112858721,51,52,20,,,,,
medium,20,10,10,8,742,stochastic_greedy,square,success,53,0.14391362,52,53,20,,,,,
medium,20,10,10,8,742,genetic_greedy,square,success,50,899.676140926,50,50,20,28379,948,11845,0.03340498255752493,12.494725738396625
medium,20,10,10,8,742,genetic_stochastic,square,success,50,1195.823544018,50,49,20,28490,1173,16190,0.04117234117234117,13.802216538789429
medium,20,10,10,9,842,greedy,square,success,53,0.103960615,53,53,20,,,,,
medium,20,10,10,9,842,stochastic_greedy,square,success,54,0.120715928,54,52,20,,,,,
medium,20,10,10,9,842,genetic_greedy,square,success,51,308.254051487,51,51,20,28400,256,3667,0.009014084507042254,14.32421875
medium,20,10,10,9,842,genetic_stochastic,square,success,50,717.979332803,50,49,20,28184,622,9064,0.02206925915413,14.572347266881028
medium,20,10,10,10,942,greedy,square,success,53,0.11398109,53,53,20,,,,,
medium,20,10,10,10,942,stochastic_greedy,square,success,55,0.133321229,55,55,20,,,,,
medium,20,10,10,10,942,genetic_greedy,square,success,49,1140.941135084,49,49,20,28423,1294,16200,0.045526510220596,12.519319938176197
medium,20,10,10,10,942,genetic_stochastic,square,success,50,830.667045779,50,49,20,28161,1374,11515,0.0487908810056461,8.380640465793304
medium,20,10,10,1,42,merge_greedy,square,success,103,142.779702867,20,103,20,,,,,
medium,20,10,10,2,142,merge_greedy,square,success,108,115.238065679,20,108,20,,,,,
medium,30,5,5,1,42,greedy,square,success,29,0.031149518,29,29,30,,,,,
medium,30,5,5,1,42,stochastic_greedy,square,success,29,0.056818101,29,28,30,,,,,
medium,30,5,5,1,42,genetic_greedy,square,success,27,44.147649658,27,27,30,28126,457,11079,0.01624831117115836,24.24288840262582
medium,30,5,5,1,42,genetic_stochastic,square,success,28,105.152727187,28,28,30,28452,1623,34965,0.05704344158582876,21.54343807763401
medium,30,5,5,2,142,greedy,square,success,29,0.020029789,27,29,30,,,,,
medium,30,5,5,2,142,stochastic_greedy,square,success,28,0.029321493,28,28,30,,,,,
medium,30,5,5,2,142,genetic_greedy,square,success,27,86.155117886,27,26,30,28368,977,23747,0.034440214326001126,24.30603889457523
medium,30,5,5,2,142,genetic_stochastic,square,success,27,70.549193738,27,27,30,28368,971,21521,0.03422870840383531,22.163748712667353
medium,30,5,5,3,242,greedy,square,success,28,0.016663148,28,28,30,,,,,
medium,30,5,5,3,242,stochastic_greedy,square,success,29,0.029072701,29,29,30,,,,,
medium,30,5,5,3,242,genetic_greedy,square,success,27,294.543818521,27,27,30,28561,2678,66242,0.09376422394173874,24.73562359970127
medium,30,5,5,3,242,genetic_stochastic,square,success,27,79.115901274,27,27,30,28240,1123,25075,0.03976628895184136,22.328584149599287
medium,30,5,5,4,342,greedy,square,success,31,0.017065191,29,31,30,,,,,
medium,30,5,5,4,342,stochastic_greedy,square,success,30,0.023043343,28,30,30,,,,,
medium,30,5,5,4,342,genetic_greedy,square,success,27,56.433395685,27,27,30,28477,645,14901,0.022649857779962777,23.10232558139535
medium,30,5,5,4,342,genetic_stochastic,square,success,28,151.675599675,28,28,30,28307,1432,35724,0.05058819373299891,24.946927374301676
medium,30,5,5,5,442,greedy,square,success,27,0.019283945,27,26,30,,,,,
medium,30,5,5,5,442,stochastic_greedy,square,success,28,0.027286505,28,28,30,,,,,
medium,30,5,5,5,442,genetic_greedy,square,success,27,56.399290175,27,27,30,28336,670,15650,0.023644833427442124,23.35820895522388
medium,30,5,5,5,442,genetic_stochastic,square,success,27,139.863403322,27,27,30,28248,1716,40469,0.06074766355140187,23.583333333333332
medium,30,5,5,6,542,greedy,square,success,29,0.018166318,27,29,30,,,,,
medium,30,5,5,6,542,stochastic_greedy,square,success,29,0.024546805,29,29,30,,,,,
medium,30,5,5,6,542,genetic_greedy,square,success,27,45.42985225,27,27,30,28235,435,10623,0.015406410483442537,24.420689655172414
medium,30,5,5,6,542,genetic_stochastic,square,success,27,96.682939582,27,27,30,28374,1316,29014,0.04638048918023543,22.04711246200608
medium,30,5,5,7,642,greedy,square,success,28,0.017986014,28,27,30,,,,,
medium,30,5,5,7,642,stochastic_greedy,square,success,30,0.028816118,29,30,30,,,,,
medium,30,5,5,7,642,genetic_greedy,square,success,27,48.994799941,27,27,30,28055,543,13088,0.01935483870967742,24.103130755064456
medium,30,5,5,7,642,genetic_stochastic,square,success,28,209.718883669,28,28,30,28327,2106,50198,0.07434603028912345,23.83570750237417
medium,30,5,5,8,742,greedy,square,success,29,0.014686039,27,29,30,,,,,
medium,30,5,5,8,742,stochastic_greedy,square,success,29,0.02560017,29,29,30,,,,,
medium,30,5,5,8,742,genetic_greedy,square,success,27,37.16808105,27,27,30,28540,357,8942,0.01250875963559916,25.047619047619047
medium,30,5,5,8,742,genetic_stochastic,square,success,27,101.852607876,27,27,30,28491,1539,31591,0.05401705801832157,20.52696556205328
medium,30,5,5,9,842,greedy,square,success,28,0.016091448,27,28,30,,,,,
medium,30,5,5,9,842,stochastic_greedy,square,success,30,0.024739073,30,29,30,,,,,
medium,30,5,5,9,842,genetic_greedy,square,success,28,51.460576647,28,28,30,28457,627,14100,0.022033243138770777,22.48803827751196
medium,30,5,5,9,842,genetic_stochastic,square,success,27,59.132355491,27,27,30,28171,741,17085,0.026303645592985696,23.05668016194332
medium,30,5,5,10,942,greedy,square,success,29,0.017689665,29,29,30,,,,,
medium,30,5,5,10,942,stochastic_greedy,square,success,29,0.028506864,29,29,30,,,,,
medium,30,5,5,10,942,genetic_greedy,square,success,27,32.993796421,27,27,30,28119,287,7218,0.010206621857107294,25.149825783972126
medium,30,5,5,10,942,genetic_stochastic,square,success,28,71.383180599,28,28,30,28484,829,19150,0.02910405841876141,23.10012062726176
medium,30,5,5,1,42,merge_greedy,square,success,31,12.600334198,31,24,30,,,,,
medium,30,5,5,2,142,merge_greedy,square,success,30,16.478576328,30,24,30,,,,,
medium,30,5,5,3,242,merge_greedy,square,success,27,12.325066256,27,25,30,,,,,
medium,30,5,5,4,342,merge_greedy,square,success,31,12.477807217,31,25,30,,,,,
medium,30,5,5,5,442,merge_greedy,square,success,38,17.177541579,38,21,30,,,,,
medium,30,5,5,6,542,merge_greedy,square,success,31,13.10227409,23,31,30,,,,,
medium,30,5,5,7,642,merge_greedy,square,success,29,14.536126452,29,26,30,,,,,
medium,30,5,5,8,742,merge_greedy,square,success,31,22.781832265,24,31,30,,,,,
medium,30,5,5,9,842,merge_greedy,square,success,29,12.435889542,26,29,30,,,,,
medium,30,5,5,10,942,merge_greedy,square,success,29,16.650214696,29,27,30,,,,,
medium,30,5,5,1,42,beam_search,square,success,27,28.656600048,26,27,30,,,,,
medium,30,5,5,2,142,beam_search,square,success,27,29.057767893,27,27,30,,,,,
medium,30,5,5,3,242,beam_search,square,success,28,29.257714247,28,28,30,,,,,
medium,30,5,5,4,342,beam_search,square,success,27,29.412323341,27,27,30,,,,,
medium,30,5,5,5,442,beam_search,square,success,27,28.978117751,27,27,30,,,,,
medium,30,5,5,6,542,beam_search,square,success,27,29.294969672,27,27,30,,,,,
medium,30,5,5,7,642,beam_search,square,success,27,28.816573124,27,27,30,,,,,
medium,30,5,5,8,742,beam_search,square,success,28,29.792294275,28,27,30,,,,,
medium,30,5,5,9,842,beam_search,square,success,28,29.191366267,27,28,30,,,,,
medium,30,5,5,10,942,beam_search,square,success,27,29.469581361,27,27,30,,,,,
medium,30,10,10,1,42,greedy,square,success,63,0.322495539,63,63,30,,,,,
medium,30,10,10,1,42,stochastic_greedy,square,success,64,0.341691372,64,62,30,,,,,
medium,30,10,10,1,42,genetic_greedy,square,success,60,3539.702409169,60,60,30,28287,1008,23786,0.035634743875278395,23.59722222222222
medium,30,10,10,1,42,genetic_stochastic,square,success,61,3501.659320974,61,61,30,28405,1099,25243,0.03869037141348354,22.969062784349408
medium,30,10,10,2,142,greedy,square,success,63,0.282736267,62,63,30,,,,,
medium,30,10,10,2,142,stochastic_greedy,square,success,65,0.345204848,65,65,30,,,,,
medium,30,10,10,2,142,genetic_greedy,square,success,61,2912.69180726,61,61,30,28315,714,17461,0.025216316440049444,24.455182072829132
medium,30,10,10,2,142,genetic_stochastic,square,success,62,4603.080075206,62,61,30,28280,1358,31724,0.04801980198019802,23.36082474226804
medium,30,10,10,3,242,greedy,square,success,63,0.300155451,62,63,30,,,,,
medium,30,10,10,3,242,stochastic_greedy,square,success,66,0.332311147,64,66,30,,,,,
medium,30,10,10,3,242,genetic_greedy,square,success,62,1854.061659817,62,62,30,28248,487,11736,0.01724015859529878,24.098562628336754
medium,30,10,10,3,242,genetic_stochastic,square,success,62,3238.894969011,62,61,30,28162,874,20822,0.031034727647184148,23.823798627002287
medium,30,10,10,4,342,greedy,square,success,67,0.353152025,67,66,30,,,,,
medium,30,10,10,4,342,stochastic_greedy,square,success,64,0.357074448,63,64,30,,,,,
medium,30,10,10,4,342,genetic_greedy,square,success,62,1460.834037291,62,62,30,28275,383,9293,0.01354553492484527,24.263707571801568
medium,30,10,10,4,342,genetic_stochastic,square,success,61,3474.093539972,61,60,30,28427,974,23061,0.0342632004784184,23.67659137577002
medium,30,10,10,5,442,greedy,square,success,65,0.301444129,61,65,30,,,,,
medium,30,10,10,5,442,stochastic_greedy,square,success,65,0.347359929,63,65,30,,,,,
medium,30,10,10,5,442,genetic_greedy,square,success,61,2172.631708949,61,61,30,28405,707,16174,0.02488998415771871,22.876944837340876
medium,30,10,10,5,442,genetic_stochastic,square,success,61,3816.95194096,61,60,30,28170,1004,23866,0.03564075257365992,23.770916334661354
medium,30,10,10,6,542,greedy,square,success,66,0.354121914,66,62,30,,,,,
medium,30,10,10,6,542,stochastic_greedy,square,success,64,0.389401742,64,63,30,,,,,
medium,30,10,10,6,542,genetic_greedy,square,success,61,2450.574191977,61,61,30,28391,586,13595,0.020640343770913318,23.199658703071673
medium,30,10,10,6,542,genetic_stochastic,square,success,61,3556.24215631,61,61,30,28302,1106,25644,0.03907851035262526,23.18625678119349
medium,30,10,10,7,642,greedy,square,success,65,0.341378991,65,64,30,,,,,
medium,30,10,10,7,642,stochastic_greedy,square,success,65,0.315143559,63,65,30,,,,,
medium,30,10,10,7,642,genetic_greedy,square,success,62,1966.375598378,62,59,30,28293,496,11544,0.017530838016470505,23.274193548387096
medium,30,10,10,7,642,genetic_stochastic,square,success,61,2034.030346363,61,61,30,28411,541,13473,0.019041920382950266,24.90388170055453
medium,30,10,10,8,742,greedy,square,success,64,0.338813426,62,64,30,,,,,
medium,30,10,10,8,742,stochastic_greedy,square,success,65,0.386609834,65,62,30,,,,,
medium,30,10,10,8,742,genetic_greedy,square,success,62,1539.605160166,62,62,30,28220,413,9893,0.014635010630758328,23.953995157384988
medium,30,10,10,8,742,genetic_stochastic,square,success,61,3357.382634306,61,60,30,28323,864,20934,0.030505243088655862,24.229166666666668
medium,30,10,10,9,842,greedy,square,success,64,0.317608305,64,64,30,,,,,
medium,30,10,10,9,842,stochastic_greedy,square,success,64,0.357595563,63,64,30,,,,,
medium,50,5,5,1,42,merge_greedy,square,success,35,95.560469814,35,34,50,,,,,
medium,50,5,5,1,42,greedy,square,success,35,0.052995441,35,35,50,,,,,
medium,50,5,5,1,42,stochastic_greedy,square,success,36,0.073461371,35,36,50,,,,,
medium,50,5,5,1,42,genetic_greedy,square,success,33,232.417575038,33,33,50,28365,732,30974,0.025806451612903226,42.314207650273225
medium,50,5,5,1,42,genetic_stochastic,square,success,35,358.765059227,35,35,50,28389,1247,51590,0.04392546408820318,41.371291098636725
medium,50,5,5,2,142,merge_greedy,square,success,36,123.501172545,32,36,50,,,,,
medium,50,5,5,2,142,greedy,square,success,35,0.057172457,35,35,50,,,,,
medium,50,5,5,2,142,stochastic_greedy,square,success,36,0.079254399,36,35,50,,,,,
medium,50,5,5,2,142,genetic_greedy,square,success,34,239.970822426,34,34,50,28548,745,32488,0.026096399047218718,43.60805369127517
medium,50,5,5,2,142,genetic_stochastic,square,success,34,269.659504715,34,34,50,28465,866,37095,0.030423326892675216,42.83487297921478
medium,50,5,5,3,242,merge_greedy,square,success,36,92.535501885,36,33,50,,,,,
medium,50,5,5,3,242,greedy,square,success,34,0.055539086,34,34,50,,,,,
medium,50,5,5,3,242,stochastic_greedy,square,success,36,0.093848298,36,36,50,,,,,
medium,50,5,5,3,242,genetic_greedy,square,success,34,220.108832456,34,34,50,28323,582,26125,0.02054867069166402,44.88831615120275
medium,50,5,5,3,242,genetic_stochastic,square,success,34,228.999319876,34,34,50,28273,760,31567,0.02688076963887808,41.535526315789475
medium,50,5,5,4,342,merge_greedy,square,success,42,109.577691275,42,29,50,,,,,
medium,50,5,5,4,342,greedy,square,success,35,0.052307242,34,35,50,,,,,
medium,50,5,5,4,342,stochastic_greedy,square,success,37,0.093919579,37,37,50,,,,,
medium,50,5,5,4,342,genetic_greedy,square,success,34,242.377847314,34,34,50,28376,692,30164,0.02438680575133916,43.589595375722546
medium,50,5,5,4,342,genetic_stochastic,square,success,35,321.544476344,35,35,50,28155,1053,43365,0.03740010655301012,41.18233618233618
medium,50,5,5,5,442,merge_greedy,square,success,42,143.592126439,42,26,50,,,,,
medium,50,5,5,5,442,greedy,square,success,35,0.05817822,35,35,50,,,,,
medium,50,5,5,5,442,stochastic_greedy,square,success,35,0.072425919,35,35,50,,,,,
medium,50,5,5,5,442,genetic_greedy,square,success,34,283.569568675,34,34,50,28265,801,36056,0.028338935078719263,45.013732833957555
medium,50,5,5,5,442,genetic_stochastic,square,success,34,382.570515989,34,34,50,28253,1214,53078,0.042968888259653844,43.72158154859967
medium,50,5,5,6,542,merge_greedy,square,success,46,121.513759467,46,26,50,,,,,
medium,50,5,5,6,542,greedy,square,success,36,0.059439438,36,36,50,,,,,
medium,50,5,5,6,542,stochastic_greedy,square,success,36,0.078570675,35,36,50,,,,,
medium,50,5,5,6,542,genetic_greedy,square,success,34,290.581648962,34,34,50,28370,859,37673,0.030278463165315475,43.85681024447032
medium,50,5,5,6,542,genetic_stochastic,square,success,34,238.699512197,34,33,50,28351,738,31859,0.026030827836760608,43.169376693766935
medium,50,5,5,7,642,merge_greedy,square,success,38,103.234385196,38,31,50,,,,,
medium,50,5,5,7,642,greedy,square,success,36,0.058574417,35,36,50,,,,,
medium,50,5,5,7,642,stochastic_greedy,square,success,37,0.072990928,37,35,50,,,,,
medium,50,5,5,7,642,genetic_greedy,square,success,34,269.795865851,34,34,50,28302,880,37585,0.03109320896049749,42.71022727272727
medium,50,5,5,7,642,genetic_stochastic,square,success,35,259.165568907,34,35,50,28451,797,34133,0.028013075111595374,42.82685069008783
medium,50,5,5,8,742,merge_greedy,square,success,39,108.622880503,39,30,50,,,,,
medium,50,5,5,8,742,greedy,square,success,35,0.066767556,35,35,50,,,,,
medium,50,5,5,8,742,stochastic_greedy,square,success,36,0.092715645,35,36,50,,,,,
medium,50,5,5,8,742,genetic_greedy,square,success,34,284.634066066,34,34,50,28369,919,38917,0.03239451513976524,42.34711643090316
medium,50,5,5,8,742,genetic_stochastic,square,success,34,362.140788324,34,34,50,28364,1235,51875,0.0435411084473276,42.00404858299595
medium,50,5,5,9,842,merge_greedy,square,success,35,98.364060451,35,32,50,,,,,
medium,50,5,5,9,842,greedy,square,success,34,0.058409818,34,34,50,,,,,
medium,50,5,5,9,842,stochastic_greedy,square,success,37,0.072909785,34,37,50,,,,,
medium,50,5,5,9,842,genetic_greedy,square,success,34,238.73463409,34,34,50,28219,730,31978,0.025869095290407172,43.8054794520548
medium,50,5,5,9,842,genetic_stochastic,square,success,35,340.103998744,35,34,50,28338,1194,49775,0.042134236713953,41.687604690117254
medium,50,5,5,10,942,merge_greedy,square,success,38,91.311770261,38,31,50,,,,,
medium,50,5,5,10,942,greedy,square,success,35,0.048168483,35,35,50,,,,,
medium,50,5,5,10,942,stochastic_greedy,square,success,36,0.080834543,35,36,50,,,,,
medium,50,5,5,10,942,genetic_greedy,square,success,34,227.19165153,34,33,50,28611,728,31118,0.02544475900877285,42.744505494505496
medium,50,5,5,10,942,genetic_stochastic,square,success,34,300.793249632,34,34,50,28392,941,39849,0.03314313891236968,42.34750265674814
medium,50,5,5,1,42,beam_search,square,success,34,172.90116781,34,34,50,,,,,
medium,50,5,5,2,142,beam_search,square,success,35,176.696971749,34,35,50,,,,,
medium,50,5,5,3,242,beam_search,square,success,34,176.050580356,34,34,50,,,,,
medium,50,5,5,4,342,beam_search,square,success,34,184.073289053,34,34,50,,,,,
medium,50,5,5,5,442,beam_search,square,success,34,169.752412243,34,33,50,,,,,
medium,50,5,5,6,542,beam_search,square,success,34,180.213485767,33,34,50,,,,,
medium,50,5,5,7,642,beam_search,square,success,35,180.882780844,35,34,50,,,,,
medium,50,5,5,8,742,beam_search,square,success,35,174.498289207,35,34,50,,,,,
medium,50,5,5,9,842,beam_search,square,success,34,179.987257245,34,34,50,,,,,
medium,50,5,5,10,942,beam_search,square,success,35,177.577740118,35,35,50,,,,,
medium,20,2,4,1,42,merge_greedy,square,success,14,0.154231234,14,7,20,,,,,
medium,20,2,4,1,42,greedy,square,success,10,0.001389933,10,10,20,,,,,
medium,20,2,4,1,42,stochastic_greedy,square,success,11,0.00139386,10,11,20,,,,,
medium,20,2,4,1,42,genetic_greedy,square,success,10,1.483418419,10,10,20,28371,5503,25124,0.1939656691692221,4.565509721969835
medium,20,2,4,1,42,genetic_stochastic,square,success,10,3.838735609,10,10,20,28260,4762,56364,0.16850672328379335,11.836203275934482
medium,20,2,4,1,42,beam_search,square,success,9,0.999312492,9,9,20,,,,,
medium,20,2,4,2,142,merge_greedy,square,success,15,0.136839816,15,6,20,,,,,
medium,20,2,4,2,142,greedy,square,success,10,0.001849527,9,10,20,,,,,
medium,20,2,4,2,142,stochastic_greedy,square,success,11,0.001275817,11,11,20,,,,,
medium,20,2,4,2,142,genetic_greedy,square,success,9,0.741406892,9,9,20,28394,721,6777,0.02539268859618229,9.399445214979195
medium,20,2,4,2,142,genetic_stochastic,square,success,9,0.749497974,9,9,20,28203,688,7735,0.024394567953763786,11.242732558139535
medium,20,2,4,2,142,beam_search,square,success,10,1.027896566,10,10,20,,,,,
medium,20,2,4,3,242,merge_greedy,square,success,16,0.146651772,16,6,20,,,,,
medium,20,2,4,3,242,greedy,square,success,12,0.001821335,12,12,20,,,,,
medium,20,2,4,3,242,stochastic_greedy,square,success,11,0.001496339,10,11,20,,,,,
medium,20,2,4,3,242,genetic_greedy,square,success,10,2.293191781,10,10,20,28348,3788,41003,0.1336249470862142,10.824445617740233
medium,20,2,4,3,242,genetic_stochastic,square,success,10,0.855547107,10,10,20,28384,1107,8344,0.03900084554678692,7.537488708220415
medium,20,2,4,3,242,beam_search,square,success,10,1.024323282,10,10,20,,,,,
medium,20,2,4,4,342,merge_greedy,square,success,16,0.14462617,16,6,20,,,,,
medium,20,2,4,4,342,greedy,square,success,10,0.00192727,9,10,20,,,,,
medium,20,2,4,4,342,stochastic_greedy,square,success,11,0.001425092,11,11,20,,,,,
medium,20,2,4,4,342,genetic_greedy,square,success,9,1.110555554,9,9,20,28371,2215,17795,0.07807267984914174,8.033860045146726
medium,20,2,4,4,342,genetic_stochastic,square,success,9,0.750930639,9,9,20,28294,924,9125,0.0326571004453241,9.875541125541126
medium,20,2,4,4,342,beam_search,square,success,9,1.068305201,9,9,20,,,,,
medium,20,2,4,5,442,merge_greedy,square,success,13,0.144007745,13,8,20,,,,,
medium,20,2,4,5,442,greedy,square,success,10,0.001627376,10,10,20,,,,,
medium,20,2,4,5,442,stochastic_greedy,square,success,10,0.002055959,10,10,20,,,,,
medium,20,2,4,5,442,genetic_greedy,square,success,10,1.40903193,10,10,20,28495,4669,24226,0.16385330759782418,5.188691368601414
medium,20,2,4,5,442,genetic_stochastic,square,success,9,1.045714086,9,9,20,28381,3410,13570,0.1201508051160988,3.9794721407624634
medium,20,2,4,5,442,beam_search,square,success,10,1.000659204,10,10,20,,,,,
medium,20,2,4,6,542,merge_greedy,square,success,15,0.157627853,15,6,20,,,,,
medium,20,2,4,6,542,greedy,square,success,10,0.001990121,10,10,20,,,,,
medium,20,2,4,6,542,stochastic_greedy,square,success,11,0.001322172,11,11,20,,,,,
medium,20,2,4,6,542,genetic_greedy,square,success,10,1.538107882,10,9,20,28423,11752,27490,0.41346796608380537,2.3391763104152483
medium,20,2,4,6,542,genetic_stochastic,square,success,10,1.838580077,10,10,20,28310,5461,34389,0.19290003532320735,6.297198315326863
medium,20,2,4,6,542,beam_search,square,success,10,1.005718711,10,10,20,,,,,
medium,20,2,4,7,642,merge_greedy,square,success,10,0.135413734,10,8,20,,,,,
medium,20,2,4,7,642,greedy,square,success,10,0.001685944,10,10,20,,,,,
medium,20,2,4,7,642,stochastic_greedy,square,success,12,0.001434009,12,12,20,,,,,
medium,20,2,4,7,642,genetic_greedy,square,success,9,0.798489642,9,9,20,28295,708,8521,0.02502208870825234,12.035310734463277
medium,20,2,4,7,642,genetic_stochastic,square,success,9,0.806345107,9,9,20,28472,1109,10687,0.03895054790671537,9.636609558160504
medium,20,2,4,7,642,beam_search,square,success,9,1.05217031,9,9,20,,,,,
medium,20,2,4,8,742,merge_greedy,square,success,19,0.156349628,19,5,20,,,,,
medium,20,2,4,8,742,greedy,square,success,10,0.00152337,10,10,20,,,,,
medium,20,2,4,8,742,stochastic_greedy,square,success,11,0.001135613,10,11,20,,,,,
medium,20,2,4,8,742,genetic_greedy,square,success,9,1.10326555,9,9,20,28431,2616,17976,0.09201224016038831,6.871559633027523
medium,20,2,4,8,742,genetic_stochastic,square,success,9,0.823519576,9,9,20,28397,1242,10127,0.04373701447335986,8.15378421900161
medium,20,2,4,8,742,beam_search,square,success,9,1.085297777,9,9,20,,,,,
medium,20,2,4,9,842,merge_greedy,square,success,16,0.153140251,16,6,20,,,,,
medium,20,2,4,9,842,greedy,square,success,10,0.002002711,9,10,20,,,,,
medium,20,2,4,9,842,stochastic_greedy,square,success,11,0.001411926,11,11,20,,,,,
medium,20,2,4,9,842,genetic_greedy,square,success,9,0.782779961,9,9,20,28397,1276,9301,0.04493432404831496,7.289184952978056
medium,20,2,4,9,842,genetic_stochastic,square,success,9,0.950723137,9,9,20,28290,1690,14344,0.05973842347119123,8.487573964497042
medium,20,2,4,9,842,beam_search,square,success,9,0.982082085,9,9,20,,,,,
medium,20,2,4,10,942,merge_greedy,square,success,14,0.142091903,14,7,20,,,,,
medium,20,2,4,10,942,greedy,square,success,11,0.001837243,11,10,20,,,,,
medium,20,2,4,10,942,stochastic_greedy,square,success,11,0.001445231,11,11,20,,,,,
medium,20,2,4,10,942,genetic_greedy,square,success,9,0.886562437,9,9,20,28356,1641,10136,0.057871349978840456,6.176721511273613
medium,20,2,4,10,942,genetic_stochastic,square,success,9,0.965007774,9,9,20,28153,1369,14257,0.04862714453166625,10.414170927684442
medium,20,2,4,10,942,beam_search,square,success,10,1.003745468,9,10,20,,,,,
medium,20,4,6,1,42,merge_greedy,square,success,32,4.986384714,32,15,20,,,,,
medium,20,4,6,1,42,greedy,square,success,24,0.006073524,24,23,20,,,,,
medium,20,4,6,1,42,stochastic_greedy,square,success,24,0.006730775,24,23,20,,,,,
medium,20,4,6,1,42,genetic_greedy,square,success,23,21.122257182,23,23,20,28375,611,9049,0.021533039647577093,14.810147299509001
medium,20,4,6,1,42,genetic_stochastic,square,success,22,20.358494733,22,22,20,28254,1093,13174,0.03868478799462023,12.05306495882891
medium,20,4,6,1,42,beam_search,square,success,22,6.753337137,22,22,20,,,,,
medium,20,4,6,2,142,merge_greedy,square,success,32,3.974741424,32,16,20,,,,,
medium,20,4,6,2,142,greedy,square,success,25,0.006786884,25,25,20,,,,,
medium,20,4,6,2,142,stochastic_greedy,square,success,23,0.00704177,23,22,20,,,,,
medium,20,4,6,2,142,genetic_greedy,square,success,22,6.613894429,22,22,20,28433,206,2752,0.007245102521717723,13.359223300970873
medium,20,4,6,2,142,genetic_stochastic,square,success,22,14.632971713,22,22,20,28267,595,7862,0.021049280079244347,13.21344537815126
medium,20,4,6,2,142,beam_search,square,success,22,6.292144653,22,21,20,,,,,
medium,20,4,6,3,242,merge_greedy,square,success,34,5.216522911,34,15,20,,,,,
medium,20,4,6,3,242,greedy,square,success,24,0.005820134,24,24,20,,,,,
medium,20,4,6,3,242,stochastic_greedy,square,success,23,0.007897149,23,23,20,,,,,
medium,20,4,6,3,242,genetic_greedy,square,success,22,18.56825017,22,22,20,28263,549,8385,0.019424689523405158,15.273224043715848
medium,20,4,6,3,242,genetic_stochastic,square,success,22,23.937608812,22,22,20,28464,1104,14566,0.0387858347386172,13.193840579710145
medium,20,4,6,3,242,beam_search,square,success,22,6.372517293,22,22,20,,,,,
medium,20,4,6,4,342,merge_greedy,square,success,32,3.933186202,32,16,20,,,,,
medium,20,4,6,4,342,greedy,square,success,24,0.006627031,21,24,20,,,,,
medium,20,4,6,4,342,stochastic_greedy,square,success,25,0.007342746,25,25,20,,,,,
medium,20,4,6,4,342,genetic_greedy,square,success,22,23.428056344,22,22,20,28357,1062,15134,0.03745107028246994,14.250470809792844
medium,20,4,6,4,342,genetic_stochastic,square,success,22,16.081544749,22,22,20,28407,715,9642,0.025169852501144084,13.485314685314686
medium,20,4,6,4,342,beam_search,square,success,22,6.328541456,22,22,20,,,,,
medium,20,4,6,5,442,merge_greedy,square,success,25,2.893049728,25,18,20,,,,,
medium,20,4,6,5,442,greedy,square,success,24,0.006409374,22,24,20,,,,,
medium,20,4,6,5,442,stochastic_greedy,square,success,23,0.006244327,22,23,20,,,,,
medium,20,4,6,5,442,genetic_greedy,square,success,22,10.224427526,22,22,20,28308,367,5261,0.012964532994206584,14.335149863760218
medium,20,4,6,5,442,genetic_stochastic,square,success,22,18.812869763,22,22,20,28363,720,10400,0.02538518492402073,14.444444444444445
medium,20,4,6,5,442,beam_search,square,success,22,6.321831017,22,22,20,,,,,
medium,20,4,6,6,542,merge_greedy,square,success,23,3.198532323,23,20,20,,,,,
medium,20,4,6,6,542,greedy,square,success,24,0.005875,24,23,20,,,,,
medium,20,4,6,6,542,stochastic_greedy,square,success,24,0.006694402,24,24,20,,,,,
medium,20,4,6,6,542,genetic_greedy,square,success,22,9.962929024,22,22,20,28456,328,4868,0.011526567332021367,14.841463414634147
medium,20,4,6,6,542,genetic_stochastic,square,success,22,24.201958929,22,22,20,28169,1030,13359,0.03656501828250914,12.96990291262136
medium,20,4,6,6,542,beam_search,square,success,23,6.718777533,22,23,20,,,,,
medium,20,4,6,7,642,merge_greedy,square,success,30,5.025402478,30,18,20,,,,,
medium,20,4,6,7,642,greedy,square,success,23,0.006475441,23,22,20,,,,,
medium,20,4,6,7,642,stochastic_greedy,square,success,24,0.006774065,24,23,20,,,,,
medium,20,4,6,7,642,genetic_greedy,square,success,22,15.102556514,22,22,20,28195,550,7846,0.019507004788082993,14.265454545454546
medium,20,4,6,7,642,genetic_stochastic,square,success,22,32.744703211,22,22,20,28240,1593,19641,0.05640934844192635,12.329566854990583
medium,20,4,6,7,642,beam_search,square,success,23,6.609056589,23,23,20,,,,,
medium,20,4,6,8,742,merge_greedy,square,success,33,4.058414552,33,14,20,,,,,
medium,20,4,6,8,742,greedy,square,success,24,0.006369298,24,24,20,,,,,
medium,20,4,6,8,742,stochastic_greedy,square,success,25,0.006478034,23,25,20,,,,,
medium,20,4,6,8,742,genetic_greedy,square,success,22,6.806860979,21,22,20,28347,222,3173,0.007831516562599217,14.292792792792794
medium,20,4,6,8,742,genetic_stochastic,square,success,22,18.974845252,22,22,20,28489,715,10267,0.02509740601635719,14.359440559440559
medium,20,4,6,8,742,beam_search,square,success,23,6.336700144,23,23,20,,,,,
medium,20,4,6,9,842,merge_greedy,square,success,24,3.375090533,24,19,20,,,,,
medium,20,4,6,9,842,greedy,square,success,24,0.007167595,23,24,20,,,,,
medium,20,4,6,9,842,stochastic_greedy,square,success,25,0.006915663,23,25,20,,,,,
medium,20,4,6,9,842,genetic_greedy,square,success,22,13.381824579,20,22,20,28412,457,6059,0.01608475292130086,13.258205689277899
medium,20,4,6,9,842,genetic_stochastic,square,success,22,19.656895231,22,22,20,28423,815,11677,0.028673961228582488,14.32760736196319
medium,20,4,6,9,842,beam_search,square,success,22,6.367527075,22,21,20,,,,,
medium,20,4,6,10,942,merge_greedy,square,success,32,3.26633263,32,14,20,,,,,
medium,20,4,6,10,942,greedy,square,success,24,0.006682228,23,24,20,,,,,
medium,20,4,6,10,942,stochastic_greedy,square,success,24,0.007392895,24,23,20,,,,,
medium,20,4,6,10,942,genetic_greedy,square,success,22,8.752815588,22,22,20,28218,232,3520,0.008221702459423063,15.172413793103448
medium,20,4,6,10,942,genetic_stochastic,square,success,22,18.201150169,22,22,20,28368,753,10439,0.02654399323181049,13.863213811420982
medium,20,4,6,10,942,beam_search,square,success,22,6.589063765,22,22,20,,,,,
medium,30,2,4,1,42,merge_greedy,square,success,14,0.47162474,14,8,30,,,,,
medium,30,2,4,1,42,greedy,square,success,12,0.002081176,11,12,30,,,,,
medium,30,2,4,1,42,stochastic_greedy,square,success,11,0.001858875,11,11,30,,,,,
medium,30,2,4,1,42,genetic_greedy,square,success,11,3.513561657,11,11,30,28129,8232,36214,0.2926517117565502,4.399173955296404
medium,30,2,4,1,42,genetic_stochastic,square,success,11,7.297507894,11,11,30,28154,7488,131300,0.26596575974994674,17.53472222222222
medium,30,2,4,1,42,beam_search,square,success,11,4.094865,11,11,30,,,,,
medium,30,2,4,2,142,merge_greedy,square,success,16,0.454288923,16,8,30,,,,,
medium,30,2,4,2,142,greedy,square,success,12,0.002470842,11,12,30,,,,,
medium,30,2,4,2,142,stochastic_greedy,square,success,13,0.00230931,13,13,30,,,,,
medium,30,2,4,2,142,genetic_greedy,square,success,10,2.160340844,10,10,30,28328,4118,22184,0.14536853996046314,5.387081107333657
medium,30,2,4,2,142,genetic_stochastic,square,success,11,2.364367103,11,11,30,28309,11000,25728,0.38856900632307745,2.338909090909091
medium,30,2,4,2,142,beam_search,square,success,11,4.124780079,11,11,30,,,,,
medium,30,2,4,3,242,merge_greedy,square,success,20,0.46439399,20,6,30,,,,,
medium,30,2,4,3,242,greedy,square,success,13,0.002044718,12,13,30,,,,,
medium,30,2,4,3,242,stochastic_greedy,square,success,13,0.002198063,13,12,30,,,,,
medium,30,2,4,3,242,genetic_greedy,square,success,11,1.784309667,11,11,30,28419,563,11965,0.019810690031317076,21.25222024866785
medium,30,2,4,3,242,genetic_stochastic,square,success,11,2.808872745,11,11,30,28332,1431,27291,0.050508259212198224,19.071278825995808
medium,30,2,4,3,242,beam_search,square,success,11,4.231344312,11,11,30,,,,,
medium,30,2,4,4,342,merge_greedy,square,success,21,0.504918374,21,5,30,,,,,
medium,30,2,4,4,342,greedy,square,success,11,0.002122381,10,11,30,,,,,
medium,30,2,4,4,342,stochastic_greedy,square,success,11,0.001796997,11,11,30,,,,,
medium,30,2,4,4,342,genetic_greedy,square,success,11,2.800860248,11,11,30,28218,5629,41884,0.19948259975901905,7.440753242138923
medium,30,2,4,4,342,genetic_stochastic,square,success,10,1.977622818,10,10,30,28376,1075,16846,0.037884127431632365,15.670697674418605
medium,30,2,4,4,342,beam_search,square,success,11,4.067635409,11,11,30,,,,,
medium,30,2,4,5,442,merge_greedy,square,success,23,0.66501861,23,6,30,,,,,
medium,30,2,4,5,442,greedy,square,success,12,0.002358402,12,12,30,,,,,
medium,30,2,4,5,442,stochastic_greedy,square,success,13,0.002292328,13,13,30,,,,,
medium,30,2,4,5,442,genetic_greedy,square,success,12,2.305396527,12,12,30,28380,862,18438,0.03037350246652572,21.389791183294662
medium,30,2,4,5,442,genetic_stochastic,square,success,12,11.438800215,12,12,30,28474,3809,90897,0.13377115965442157,23.863743764767655
medium,30,2,4,5,442,beam_search,square,success,11,3.923030027,11,11,30,,,,,
medium,30,2,4,6,542,merge_greedy,square,success,14,0.559426357,14,8,30,,,,,
medium,30,2,4,6,542,greedy,square,success,12,0.002088121,12,12,30,,,,,
medium,30,2,4,6,542,stochastic_greedy,square,success,12,0.00210743,11,12,30,,,,,
medium,30,2,4,6,542,genetic_greedy,square,success,11,2.751726752,11,10,30,28372,1764,28194,0.062173974340899475,15.982993197278912
medium,30,2,4,6,542,genetic_stochastic,square,success,11,3.020667175,11,11,30,28501,1337,27136,0.046910634714571416,20.29618548990277
medium,30,2,4,6,542,beam_search,square,success,11,3.963538235,11,11,30,,,,,
medium,30,2,4,7,642,merge_greedy,square,success,17,0.477457964,17,6,30,,,,,
medium,30,2,4,7,642,greedy,square,success,12,0.002220378,10,12,30,,,,,
medium,30,2,4,7,642,stochastic_greedy,square,success,12,0.0021198,12,12,30,,,,,
medium,30,2,4,7,642,genetic_greedy,square,success,11,3.110862685,11,11,30,28393,3908,45431,0.13763955904624378,11.62512794268168
medium,30,2,4,7,642,genetic_stochastic,square,success,10,1.643737449,10,10,30,28223,691,13401,0.024483577224249726,19.393632416787266
medium,30,2,4,7,642,beam_search,square,success,11,4.027335569,11,11,30,,,,,
medium,30,2,4,8,742,merge_greedy,square,success,17,0.521318975,17,7,30,,,,,
medium,30,2,4,8,742,greedy,square,success,12,0.001975177,11,12,30,,,,,
medium,30,2,4,8,742,stochastic_greedy,square,success,12,0.002106175,12,12,30,,,,,
medium,30,2,4,8,742,genetic_greedy,square,success,11,3.876991744,10,11,30,28378,14678,57800,0.5172316583268729,3.937866194304401
medium,30,2,4,8,742,genetic_stochastic,square,success,10,2.159176454,10,10,30,28300,6085,22514,0.21501766784452297,3.6999178307313065
medium,30,2,4,8,742,beam_search,square,success,11,4.139008243,11,11,30,,,,,
medium,30,2,4,9,842,merge_greedy,square,success,18,0.56214478,18,7,30,,,,,
medium,30,2,4,9,842,greedy,square,success,12,0.002427484,12,12,30,,,,,
medium,30,2,4,9,842,stochastic_greedy,square,success,13,0.002043158,12,13,30,,,,,
medium,30,2,4,9,842,genetic_greedy,square,success,11,2.287767601,11,11,30,28261,1711,18875,0.060542797494780795,11.03156049094097
medium,30,2,4,9,842,genetic_stochastic,square,success,11,2.234178926,11,11,30,28436,1016,19602,0.03572935715290477,19.293307086614174
medium,30,2,4,9,842,beam_search,square,success,11,4.012320968,11,11,30,,,,,
medium,30,2,4,10,942,merge_greedy,square,success,18,0.512185893,18,7,30,,,,,
medium,30,2,4,10,942,greedy,square,success,12,0.002224847,11,12,30,,,,,
medium,30,2,4,10,942,stochastic_greedy,square,success,12,0.002088878,12,12,30,,,,,
medium,30,2,4,10,942,genetic_greedy,square,success,11,4.57615168,11,11,30,28337,9737,75154,0.3436143557892508,7.718393755776933
medium,30,2,4,10,942,genetic_stochastic,square,success,11,6.519434342,11,11,30,28391,3183,75221,0.11211299355429538,23.63210807414389
medium,30,2,4,10,942,beam_search,square,success,12,3.961220964,12,12,30,,,,,
medium,30,4,6,1,42,merge_greedy,square,success,27,12.548805111,27,24,30,,,,,
medium,30,4,6,1,42,greedy,square,success,28,0.015695419,27,28,30,,,,,
medium,30,4,6,1,42,stochastic_greedy,square,success,29,0.016847662,29,29,30,,,,,
medium,30,4,6,1,42,genetic_greedy,square,success,27,80.663242008,27,27,30,28428,1419,31083,0.04991557619248628,21.904862579281183
medium,30,4,6,1,42,genetic_stochastic,square,success,27,69.60503797,27,27,30,28260,982,22888,0.03474876150035386,23.30753564154786
medium,30,4,6,1,42,beam_search,square,success,27,27.07645584,27,27,30,,,,,
medium,30,4,6,2,142,merge_greedy,square,success,30,13.485344285,30,23,30,,,,,
medium,30,4,6,2,142,greedy,square,success,28,0.014672241,27,28,30,,,,,
medium,30,4,6,2,142,stochastic_greedy,square,success,29,0.017943862,29,29,30,,,,,
medium,30,4,6,2,142,genetic_greedy,square,success,26,54.920224876,26,26,30,28315,605,14931,0.021366766731414445,24.679338842975206
medium,30,4,6,2,142,genetic_stochastic,square,success,27,92.493516653,27,27,30,28276,1330,28645,0.047036355920215024,21.537593984962406
medium,30,4,6,2,142,beam_search,square,success,26,27.070038018,26,26,30,,,,,
medium,30,4,6,3,242,merge_greedy,square,success,44,18.241610706,44,16,30,,,,,
medium,30,4,6,3,242,greedy,square,success,29,0.015159758,28,29,30,,,,,
medium,30,4,6,3,242,stochastic_greedy,square,success,28,0.017518304,28,28,30,,,,,
medium,30,4,6,3,242,genetic_greedy,square,success,26,41.906265665,26,26,30,28480,449,11216,0.015765449438202246,24.979955456570156
medium,30,4,6,3,242,genetic_stochastic,square,success,26,97.484683736,26,26,30,28458,1417,32053,0.04979267692740179,22.620324629498942
medium,30,4,6,3,242,beam_search,square,success,27,26.978615414,27,27,30,,,,,
medium,30,4,6,4,342,merge_greedy,square,success,30,14.443981016,30,24,30,,,,,
medium,30,4,6,4,342,greedy,square,success,28,0.014506602,27,28,30,,,,,
medium,30,4,6,4,342,stochastic_greedy,square,success,28,0.014546886,28,28,30,,,,,
medium,30,4,6,4,342,genetic_greedy,square,success,27,69.584409658,27,26,30,28193,906,21574,0.032135636505515555,23.812362030905078
medium,30,4,6,4,342,genetic_stochastic,square,success,27,77.618876125,27,27,30,28504,1053,25194,0.036942183553185515,23.925925925925927
medium,30,4,6,4,342,beam_search,square,success,27,27.442564542,27,27,30,,,,,
medium,30,4,6,5,442,merge_greedy,square,success,35,18.123220927,35,21,30,,,,,
medium,30,4,6,5,442,greedy,square,success,27,0.012923423,27,27,30,,,,,
medium,30,4,6,5,442,stochastic_greedy,square,success,29,0.017855126,29,29,30,,,,,
medium,30,4,6,5,442,genetic_greedy,square,success,26,43.021108033,26,26,30,28474,564,13485,0.019807543724099177,23.909574468085108
medium,30,4,6,5,442,genetic_stochastic,square,success,27,82.633102341,27,27,30,28337,1197,27373,0.042241592264530475,22.86800334168755
medium,30,4,6,5,442,beam_search,square,success,27,26.660605487,27,27,30,,,,,
medium,30,4,6,6,542,merge_greedy,square,success,50,23.625512831,50,15,30,,,,,
medium,30,4,6,6,542,greedy,square,success,28,0.014675151,27,28,30,,,,,
medium,30,4,6,6,542,stochastic_greedy,square,success,28,0.018878036,28,28,30,,,,,
medium,30,4,6,6,542,genetic_greedy,square,success,27,97.718832085,27,27,30,28389,1288,29387,0.04536968544154426,22.815993788819874
medium,30,4,6,6,542,genetic_stochastic,square,success,27,82.882869507,27,27,30,28336,1204,27550,0.042490118577075096,22.88205980066445
medium,30,4,6,6,542,beam_search,square,success,26,26.963902187,26,26,30,,,,,
medium,30,4,6,7,642,merge_greedy,square,success,41,23.381523542,41,17,30,,,,,
medium,30,4,6,7,642,greedy,square,success,26,0.013173581,25,26,30,,,,,
medium,30,4,6,7,642,stochastic_greedy,square,success,29,0.014177629,27,29,30,,,,,
medium,30,4,6,7,642,genetic_greedy,square,success,27,61.532798424,27,27,30,28323,1271,20585,0.04487518977509444,16.19590873328088
medium,30,4,6,7,642,genetic_stochastic,square,success,27,147.916787233,26,27,30,28519,2155,47195,0.07556365931484274,21.900232018561486
medium,30,4,6,7,642,beam_search,square,success,28,27.632920868,25,28,30,,,,,
medium,30,4,6,8,742,merge_greedy,square,success,38,15.899802165,38,20,30,,,,,
medium,30,4,6,8,742,greedy,square,success,28,0.014362603,28,28,30,,,,,
medium,30,4,6,8,742,stochastic_greedy,square,success,28,0.013566986,28,28,30,,,,,
medium,30,4,6,8,742,genetic_greedy,square,success,26,31.928309804,25,26,30,28280,449,10459,0.015876944837340878,23.293986636971045
medium,30,4,6,8,742,genetic_stochastic,square,success,27,71.141160566,27,27,30,28420,1023,23521,0.03599577762139339,22.992179863147605
medium,30,4,6,8,742,beam_search,square,success,27,26.963608251,27,27,30,,,,,
medium,30,4,6,9,842,merge_greedy,square,success,41,18.066505083,41,17,30,,,,,
medium,30,4,6,9,842,greedy,square,success,28,0.014558997,28,27,30,,,,,
medium,30,4,6,9,842,stochastic_greedy,square,success,27,0.017397027,26,27,30,,,,,
medium,30,4,6,9,842,genetic_greedy,square,success,26,41.732254476,26,26,30,28347,490,12308,0.017285779800331604,25.118367346938776
medium,30,4,6,9,842,genetic_stochastic,square,success,27,64.787762392,27,27,30,28236,931,21251,0.03297209236435756,22.825993555316863
medium,30,4,6,9,842,beam_search,square,success,27,27.908397627,27,27,30,,,,,
medium,30,4,6,10,942,merge_greedy,square,success,39,14.228480669,39,18,30,,,,,
medium,30,4,6,10,942,greedy,square,success,29,0.016209454,29,29,30,,,,,
medium,30,4,6,10,942,stochastic_greedy,square,success,29,0.016445468,28,29,30,,,,,
medium,30,4,6,10,942,genetic_greedy,square,success,27,51.172022628,27,27,30,28222,675,15751,0.023917511161505207,23.334814814814816
medium,30,4,6,10,942,genetic_stochastic,square,success,27,79.696057099,27,27,30,28237,1183,26394,0.04189538548712682,22.311073541842774
medium,30,4,6,10,942,beam_search,square,success,26,27.170556733,26,26,30,,,,,
medium,50,2,4,1,42,merge_greedy,square,success,27,2.648910224,27,7,50,,,,,
medium,50,2,4,1,42,greedy,square,success,14,0.003892259,12,14,50,,,,,
medium,50,2,4,1,42,stochastic_greedy,square,success,13,0.003760776,13,13,50,,,,,
medium,50,2,4,1,42,genetic_greedy,square,success,12,9.33141318,12,12,50,28264,4103,54627,0.14516699688649873,13.313916646356324
medium,50,2,4,1,42,genetic_stochastic,square,success,13,95.482052193,13,13,50,28154,10771,459038,0.3825744121616822,42.617955621576456
medium,50,2,4,1,42,beam_search,square,success,13,22.415044415,13,13,50,,,,,
medium,50,2,4,2,142,merge_greedy,square,success,23,2.800795946,23,7,50,,,,,
medium,50,2,4,2,142,greedy,square,success,13,0.003493114,13,13,50,,,,,
medium,50,2,4,2,142,stochastic_greedy,square,success,15,0.004125819,15,15,50,,,,,
medium,50,2,4,2,142,genetic_greedy,square,success,13,9.974004531,13,13,50,28590,4524,53190,0.15823714585519413,11.757294429708223
medium,50,2,4,2,142,genetic_stochastic,square,success,13,9.73886257,13,13,50,28435,1396,53151,0.04909442588359416,38.07378223495702
medium,50,2,4,2,142,beam_search,square,success,13,23.02834725,13,13,50,,,,,
medium,50,2,4,3,242,merge_greedy,square,success,31,2.340744478,31,5,50,,,,,
medium,50,2,4,3,242,greedy,square,success,14,0.003785938,13,14,50,,,,,
medium,50,2,4,3,242,stochastic_greedy,square,success,15,0.004131755,14,15,50,,,,,
medium,50,2,4,3,242,genetic_greedy,square,success,13,8.860907864,13,13,50,28328,1829,45442,0.0645650946060435,24.845270639693823
medium,50,2,4,3,242,genetic_stochastic,square,success,13,9.395166052,13,13,50,28284,11512,74490,0.4070145665393862,6.470639332870048
medium,50,2,4,3,242,beam_search,square,success,13,23.641618415,13,13,50,,,,,
medium,50,2,4,4,342,merge_greedy,square,success,23,2.574660415,23,7,50,,,,,
medium,50,2,4,4,342,greedy,square,success,13,0.003708743,13,13,50,,,,,
medium,50,2,4,4,342,stochastic_greedy,square,success,14,0.003468519,14,14,50,,,,,
medium,50,2,4,4,342,genetic_greedy,square,success,12,11.583511166,12,12,50,28594,5318,90460,0.1859830733720361,17.010154193305755
medium,50,2,4,4,342,genetic_stochastic,square,success,12,7.56072006,12,12,50,28282,1304,46427,0.04610706456403366,35.60352760736196
medium,50,2,4,4,342,beam_search,square,success,13,23.759334319,13,13,50,,,,,
medium,50,2,4,5,442,merge_greedy,square,success,23,2.964612224,23,7,50,,,,,
medium,50,2,4,5,442,greedy,square,success,14,0.003568418,14,14,50,,,,,
medium,50,2,4,5,442,stochastic_greedy,square,success,15,0.003929961,14,15,50,,,,,
medium,50,2,4,5,442,genetic_greedy,square,success,13,7.212778097,13,13,50,28275,794,31044,0.02808134394341291,39.09823677581864
medium,50,2,4,5,442,genetic_stochastic,square,success,13,15.757128887,13,13,50,28486,2349,86620,0.08246156006459314,36.87526607066837
medium,50,2,4,5,442,beam_search,square,success,13,23.330161659,13,13,50,,,,,
medium,50,2,4,6,542,merge_greedy,square,success,19,2.185004617,19,8,50,,,,,
medium,50,2,4,6,542,greedy,square,success,14,0.004115453,14,14,50,,,,,
medium,50,2,4,6,542,stochastic_greedy,square,success,14,0.003588637,14,14,50,,,,,
medium,50,2,4,6,542,genetic_greedy,square,success,13,7.597026821,13,13,50,28306,884,35250,0.031230127888080265,39.87556561085973
medium,50,2,4,6,542,genetic_stochastic,square,success,13,24.580697996,13,13,50,28398,4753,163732,0.16737094161560673,34.448138018093836
medium,50,2,4,6,542,beam_search,square,success,13,23.929329273,12,13,50,,,,,
medium,50,2,4,7,642,merge_greedy,square,success,22,2.449201708,22,7,50,,,,,
medium,50,2,4,7,642,greedy,square,success,12,0.003612175,12,12,50,,,,,
medium,50,2,4,7,642,stochastic_greedy,square,success,14,0.003986818,13,14,50,,,,,
medium,50,2,4,7,642,genetic_greedy,square,success,12,3.457220921,12,12,50,28443,248,10278,0.008719192771507928,41.443548387096776
medium,50,2,4,7,642,genetic_stochastic,square,success,12,9.92519076,12,12,50,28279,7219,78792,0.2552777679550196,10.914531098490096
medium,50,2,4,7,642,beam_search,square,success,13,23.175821421,13,12,50,,,,,
medium,50,2,4,8,742,merge_greedy,square,success,24,2.423263451,24,7,50,,,,,
medium,50,2,4,8,742,greedy,square,success,14,0.003262814,14,14,50,,,,,
medium,50,2,4,8,742,stochastic_greedy,square,success,15,0.003718141,14,15,50,,,,,
medium,50,2,4,8,742,genetic_greedy,square,success,13,8.596641075,13,13,50,28473,1352,45328,0.04748358093632564,33.52662721893491
medium,50,2,4,8,742,genetic_stochastic,square,success,12,8.092165483,12,12,50,28400,1368,50273,0.04816901408450704,36.74926900584796
medium,50,2,4,8,742,beam_search,square,success,13,24.146061757,13,12,50,,,,,
medium,50,2,4,9,842,merge_greedy,square,success,20,2.842340615,20,8,50,,,,,
medium,50,2,4,9,842,greedy,square,success,14,0.003805422,14,14,50,,,,,
medium,50,2,4,9,842,stochastic_greedy,square,success,14,0.004289222,14,14,50,,,,,
medium,50,2,4,9,842,genetic_greedy,square,success,13,6.261690211,13,13,50,28269,1514,29560,0.053556899784215926,19.52443857331572
medium,50,2,4,9,842,genetic_stochastic,square,success,13,7.72703217,13,13,50,28509,979,37722,0.03434003297204392,38.53115423901941
medium,50,2,4,9,842,beam_search,square,success,13,23.3682939,13,13,50,,,,,
medium,50,2,4,10,942,merge_greedy,square,success,23,2.661413949,23,8,50,,,,,
medium,50,2,4,10,942,greedy,square,success,14,0.003604316,14,14,50,,,,,
medium,50,2,4,10,942,stochastic_greedy,square,success,15,0.003958975,15,15,50,,,,,
medium,50,2,4,10,942,genetic_greedy,square,success,13,7.551701117,13,13,50,28368,1337,41652,0.04713056965595037,31.153328347045626
medium,50,2,4,10,942,genetic_stochastic,square,success,13,11.638516013,13,12,50,28436,2521,72738,0.08865522577015052,28.852836176120586
medium,50,2,4,10,942,beam_search,square,success,13,23.56795987,13,13,50,,,,,
medium,50,4,6,1,42,merge_greedy,square,success,46,130.878721116,46,24,50,,,,,
medium,50,4,6,1,42,greedy,square,success,35,0.043179279,34,35,50,,,,,
medium,50,4,6,1,42,stochastic_greedy,square,success,37,0.056504325,36,37,50,,,,,
medium,50,4,6,1,42,genetic_greedy,square,success,33,80.867346678,33,32,50,28502,239,10573,0.008385376464809488,44.23849372384937
medium,50,4,6,1,42,genetic_stochastic,square,success,33,205.490536265,33,33,50,28324,776,33033,0.0273972602739726,42.56829896907217
medium,50,4,6,1,42,beam_search,square,success,33,166.151329044,33,33,50,,,,,
medium,50,4,6,2,142,merge_greedy,square,success,58,140.8932789,58,18,50,,,,,
medium,50,4,6,2,142,greedy,square,success,34,0.043962559,34,34,50,,,,,
medium,50,4,6,2,142,stochastic_greedy,square,success,35,0.07448118,35,35,50,,,,,
medium,50,4,6,2,142,genetic_greedy,square,success,33,184.693162578,33,33,50,28441,644,28251,0.02264336697021905,43.86801242236025
medium,50,4,6,2,142,genetic_stochastic,square,success,34,576.185330227,34,34,50,28439,2376,96713,0.0835472414641865,40.70412457912458
medium,50,4,6,2,142,beam_search,square,success,33,163.956144011,33,33,50,,,,,
medium,50,4,6,3,242,merge_greedy,square,success,37,120.527330115,37,30,50,,,,,
medium,50,4,6,3,242,greedy,square,success,35,0.047242651,34,35,50,,,,,
medium,50,4,6,3,242,stochastic_greedy,square,success,35,0.072096285,35,35,50,,,,,
medium,50,4,6,3,242,genetic_greedy,square,success,33,198.482524435,33,33,50,28367,672,29403,0.02368949836077132,43.754464285714285
medium,50,4,6,3,242,genetic_stochastic,square,success,34,434.647057269,34,34,50,28612,1517,64436,0.0530197120089473,42.47593935398813
medium,50,4,6,3,242,beam_search,square,success,33,167.651962245,33,33,50,,,,,
medium,50,4,6,4,342,merge_greedy,square,success,55,130.564423373,55,20,50,,,,,
medium,50,4,6,4,342,greedy,square,success,34,0.047106755,34,33,50,,,,,
medium,50,4,6,4,342,stochastic_greedy,square,success,35,0.052829147,34,35,50,,,,,
medium,50,4,6,4,342,genetic_greedy,square,success,33,211.090053697,33,33,50,28343,723,30998,0.025508944007338673,42.87413554633471
medium,50,4,6,4,342,genetic_stochastic,square,success,33,218.477947878,33,33,50,28366,815,34448,0.02873158006063597,42.267484662576685
medium,50,4,6,4,342,beam_search,square,success,33,168.061507377,33,33,50,,,,,
medium,50,4,6,5,442,merge_greedy,square,success,60,146.512850655,60,19,50,,,,,
medium,50,4,6,5,442,greedy,square,success,34,0.045208901,34,33,50,,,,,
medium,50,4,6,5,442,stochastic_greedy,square,success,35,0.066363047,35,34,50,,,,,
medium,50,4,6,5,442,genetic_greedy,square,success,33,178.120191196,33,33,50,28426,626,27148,0.02202209245057342,43.36741214057508
medium,50,4,6,5,442,genetic_stochastic,square,success,34,385.238487176,33,34,50,28443,1392,59988,0.048939985233625145,43.0948275862069
medium,50,4,6,5,442,beam_search,square,success,34,164.388342083,34,34,50,,,,,
medium,50,4,6,6,542,merge_greedy,square,success,51,161.076855461,51,22,50,,,,,
medium,50,4,6,6,542,greedy,square,success,34,0.04461752,33,34,50,,,,,
medium,50,4,6,6,542,stochastic_greedy,square,success,35,0.071348167,35,35,50,,,,,
medium,50,4,6,6,542,genetic_greedy,square,success,33,265.393847018,33,33,50,28133,956,40909,0.03398144527778765,42.7918410041841
medium,50,4,6,6,542,genetic_stochastic,square,success,33,354.43240991,33,33,50,28191,1305,55393,0.0462913695860381,42.446743295019154
medium,50,4,6,6,542,beam_search,square,success,34,161.676255253,34,33,50,,,,,
medium,50,4,6,7,642,merge_greedy,square,success,37,76.293709006,37,31,50,,,,,
medium,50,4,6,7,642,greedy,square,success,34,0.042348182,33,34,50,,,,,
medium,50,4,6,7,642,stochastic_greedy,square,success,35,0.053458928,35,35,50,,,,,
medium,50,4,6,7,642,genetic_greedy,square,success,33,248.05509225,33,33,50,28512,835,36319,0.029285914702581368,43.49580838323353
medium,50,4,6,7,642,genetic_stochastic,square,success,33,295.972900515,33,33,50,28392,1083,46600,0.038144547759932375,43.0286241920591
medium,50,4,6,7,642,beam_search,square,success,33,162.189397405,33,32,50,,,,,
medium,50,4,6,8,742,merge_greedy,square,success,53,131.665765563,53,21,50,,,,,
medium,50,4,6,8,742,greedy,square,success,34,0.043738166,34,34,50,,,,,
medium,50,4,6,8,742,stochastic_greedy,square,success,35,0.069230025,35,34,50,,,,,
medium,50,4,6,8,742,genetic_greedy,square,success,33,181.306396248,33,33,50,28246,634,27139,0.022445656022091625,42.805993690851736
medium,50,4,6,8,742,genetic_stochastic,square,success,33,239.109988502,33,33,50,28400,825,35654,0.029049295774647887,43.2169696969697
medium,50,4,6,8,742,beam_search,square,success,33,164.310423191,32,33,50,,,,,
medium,50,4,6,9,842,merge_greedy,square,success,46,102.557921174,46,25,50,,,,,
medium,50,4,6,9,842,greedy,square,success,35,0.045705149,35,35,50,,,,,
medium,50,4,6,9,842,stochastic_greedy,square,success,35,0.052713036,33,35,50,,,,,
medium,50,4,6,9,842,genetic_greedy,square,success,33,236.692495678,33,33,50,28407,881,37941,0.031013482592318793,43.06583427922815
medium,50,4,6,9,842,genetic_stochastic,square,success,33,239.63456941,33,33,50,28477,935,38909,0.032833514766302634,41.61390374331551
medium,50,4,6,9,842,beam_search,square,success,33,161.56501958,33,33,50,,,,,
medium,50,4,6,10,942,merge_greedy,square,success,44,93.142209213,44,25,50,,,,,
medium,50,4,6,10,942,greedy,square,success,35,0.047044504,35,35,50,,,,,
medium,50,4,6,10,942,stochastic_greedy,square,success,35,0.073856797,35,35,50,,,,,
medium,50,4,6,10,942,genetic_greedy,square,success,33,360.085492583,33,33,50,28291,1119,49718,0.03955321480329434,44.430741733690795
medium,50,4,6,10,942,genetic_stochastic,square,success,34,422.929022664,34,32,50,28416,1453,62233,0.051133164414414414,42.83069511355816
medium,50,4,6,10,942,beam_search,square,success,34,167.74404343,34,33,50,,,,,
large,60,3,3,1,42,greedy,square,success,16,0.01186427,16,16,60,,,,,
large,60,3,3,1,42,stochastic_greedy,square,success,17,0.016820789,17,17,60,,,,,
large,60,3,3,1,42,genetic_greedy,square,success,15,15.211347365,15,15,60,50411,523,25185,0.010374719803217552,48.154875717017205
large,60,3,3,1,42,genetic_stochastic,square,success,15,33.397098355,15,15,60,50410,1710,83000,0.033921840904582425,48.538011695906434
large,60,3,3,2,142,greedy,square,success,16,0.011093294,16,16,60,,,,,
large,60,3,3,2,142,stochastic_greedy,square,success,16,0.021823262,16,16,60,,,,,
large,60,3,3,2,142,genetic_greedy,square,success,15,22.480189847,15,15,60,50444,913,47276,0.018099278407739276,51.78094194961665
large,60,3,3,2,142,genetic_stochastic,square,success,15,34.530371822,15,15,60,50497,1867,88456,0.036972493415450426,47.378682378146756
large,60,3,3,3,242,greedy,square,success,16,0.014368235,15,16,60,,,,,
large,60,3,3,3,242,stochastic_greedy,square,success,17,0.01750959,17,16,60,,,,,
large,60,3,3,3,242,genetic_greedy,square,success,15,17.091281141,15,15,60,50415,526,27692,0.010433402757115937,52.64638783269962
large,60,3,3,3,242,genetic_stochastic,square,success,15,35.081436029,15,15,60,50482,1744,84701,0.03454696723584644,48.5670871559633
large,60,3,3,4,342,greedy,square,success,15,0.007399286,15,15,60,,,,,
large,60,3,3,4,342,stochastic_greedy,square,success,16,0.010213587,16,16,60,,,,,
large,60,3,3,4,342,genetic_greedy,square,success,15,249.304600307,14,15,60,50358,12255,618439,0.24335755987132135,50.46421868625051
large,60,3,3,4,342,genetic_stochastic,square,success,14,17.984847879,14,14,60,50163,807,39404,0.01608755457209497,48.827757125154896
large,60,3,3,5,442,greedy,square,success,16,0.012515287,16,16,60,,,,,
large,60,3,3,5,442,stochastic_greedy,square,success,16,0.013107208,16,16,60,,,,,
large,60,3,3,5,442,genetic_greedy,square,success,15,26.757224521,15,15,60,50197,1104,56397,0.02199334621590932,51.08423913043478
large,60,3,3,5,442,genetic_stochastic,square,success,15,18.688977436,15,15,60,50462,844,42203,0.016725456779358727,50.00355450236967
large,60,3,3,6,542,greedy,square,success,16,0.009828034,14,16,60,,,,,
large,60,3,3,6,542,stochastic_greedy,square,success,17,0.015970269,17,17,60,,,,,
large,60,3,3,6,542,genetic_greedy,square,success,15,18.553917422,15,15,60,50350,687,32998,0.013644488579940417,48.03202328966521
large,60,3,3,6,542,genetic_stochastic,square,success,15,32.043203914,15,15,60,50287,1724,83722,0.03428321434963311,48.56264501160093
large,60,3,3,7,642,greedy,square,success,16,0.017007355,16,16,60,,,,,
large,60,3,3,7,642,stochastic_greedy,square,success,16,0.026400414,16,16,60,,,,,
large,60,3,3,7,642,genetic_greedy,square,success,15,28.594459802,15,15,60,50305,1445,73357,0.02872477884902097,50.766089965397924
large,60,3,3,7,642,genetic_stochastic,square,success,15,20.544428444,15,15,60,50501,1081,50697,0.02140551672244114,46.89824236817761
large,60,3,3,8,742,greedy,square,success,16,0.015352755,16,16,60,,,,,
large,60,3,3,8,742,stochastic_greedy,square,success,17,0.01454989,17,17,60,,,,,
large,60,3,3,8,742,genetic_greedy,square,success,15,20.887351762,15,15,60,50537,804,40942,0.015909135880641904,50.9228855721393
large,60,3,3,8,742,genetic_stochastic,square,success,15,36.800309284,15,15,60,50372,1822,91713,0.036170888588898595,50.3364434687157
large,60,3,3,9,842,greedy,square,success,16,0.011618132,16,16,60,,,,,
large,60,3,3,9,842,stochastic_greedy,square,success,17,0.017728467,17,17,60,,,,,
large,60,3,3,9,842,genetic_greedy,square,success,15,16.101494094,15,14,60,50620,606,30444,0.011971552745950218,50.23762376237624
large,60,3,3,9,842,genetic_stochastic,square,success,15,21.307079024,15,15,60,50462,1022,50637,0.020252863540882248,49.54696673189824
large,60,3,3,10,942,greedy,square,success,16,0.012196093,15,16,60,,,,,
large,60,3,3,10,942,stochastic_greedy,square,success,17,0.014596544,17,17,60,,,,,
large,60,3,3,10,942,genetic_greedy,square,success,15,19.167013153,15,15,60,50513,700,35523,0.013857818779324134,50.747142857142855
large,60,3,3,10,942,genetic_stochastic,square,success,15,31.592153508,15,15,60,50340,1740,83744,0.03456495828367104,48.12873563218391
large,60,3,3,1,42,merge_greedy,square,success,17,4.044849643,16,17,60,,,,,
large,60,3,3,2,142,merge_greedy,square,success,17,2.864078932,17,15,60,,,,,
large,60,3,3,3,242,merge_greedy,square,success,16,2.898544196,16,14,60,,,,,
large,60,3,3,4,342,merge_greedy,square,success,16,3.107403602,16,14,60,,,,,
large,60,3,3,5,442,merge_greedy,square,success,17,3.102625787,17,15,60,,,,,
large,60,3,3,6,542,merge_greedy,square,success,16,3.155353333,15,16,60,,,,,
large,60,3,3,7,642,merge_greedy,square,success,16,2.970739079,15,16,60,,,,,
large,60,3,3,8,742,merge_greedy,square,success,17,3.339600494,16,17,60,,,,,
large,60,3,3,9,842,merge_greedy,square,success,20,3.502973661,13,20,60,,,,,
large,60,3,3,10,942,merge_greedy,square,success,18,3.549066257,14,18,60,,,,,
large,80,3,3,1,42,greedy,square,success,17,0.016080636,17,17,80,,,,,
large,80,3,3,1,42,stochastic_greedy,square,success,18,0.027257897,18,18,80,,,,,
large,80,3,3,1,42,genetic_greedy,square,success,16,62.030955406,16,16,80,50375,1359,95199,0.026977667493796525,70.05077262693156
large,80,3,3,1,42,genetic_stochastic,square,success,16,163.830030756,16,16,80,50345,5857,344413,0.11633727281755885,58.80365374765238
large,80,3,3,2,142,greedy,square,success,18,0.013619142,18,18,80,,,,,
large,80,3,3,2,142,stochastic_greedy,square,success,19,0.023396517,19,18,80,,,,,
large,80,3,3,2,142,genetic_greedy,square,success,17,79.882393622,17,17,80,50479,1989,138767,0.03940252382178728,69.76721970839618
large,80,3,3,2,142,genetic_stochastic,square,success,17,88.53762827,17,17,80,50277,2327,152215,0.04628358891739762,65.41254834550924
large,80,3,3,3,242,greedy,square,success,17,0.040437067,17,17,80,,,,,
large,80,3,3,3,242,stochastic_greedy,square,success,18,0.045636494,17,18,80,,,,,
large,80,3,3,3,242,genetic_greedy,square,success,16,40.762702948,16,16,80,50379,840,59480,0.016673614005835766,70.80952380952381
large,80,3,3,3,242,genetic_stochastic,square,success,16,116.676056114,16,16,80,50501,3489,220066,0.06908774083681511,63.07423330467183
large,80,3,3,4,342,greedy,square,success,18,0.015014784,18,18,80,,,,,
large,80,3,3,4,342,stochastic_greedy,square,success,17,0.020249192,17,17,80,,,,,
large,80,3,3,4,342,genetic_greedy,square,success,16,40.526874157,16,16,80,50366,910,63991,0.018067744113092164,70.31978021978021
large,80,3,3,4,342,genetic_stochastic,square,success,16,48.295332002,16,16,80,50438,1249,83110,0.02476307545897934,66.5412329863891
large,80,3,3,5,442,greedy,square,success,17,0.013664558,17,17,80,,,,,
large,80,3,3,5,442,stochastic_greedy,square,success,18,0.017532027,18,18,80,,,,,
large,80,3,3,5,442,genetic_greedy,square,success,16,42.482314929,15,16,80,50398,965,66692,0.01914758522163578,69.11088082901554
large,80,3,3,5,442,genetic_stochastic,square,success,16,68.347822662,16,16,80,50609,1960,126098,0.03872828943468553,64.33571428571429
large,80,3,3,6,542,greedy,square,success,17,0.03346255,17,17,80,,,,,
large,80,3,3,6,542,stochastic_greedy,square,success,18,0.059535924,18,18,80,,,,,
large,80,3,3,6,542,genetic_greedy,square,success,16,27.709625785,16,16,80,50108,524,37074,0.010457411990101381,70.75190839694656
large,80,3,3,6,542,genetic_stochastic,square,success,17,87.057121452,17,17,80,50394,2128,147333,0.042227249275707424,69.23543233082707
large,80,3,3,7,642,greedy,square,success,18,0.018497125,17,18,80,,,,,
large,80,3,3,7,642,stochastic_greedy,square,success,18,0.026759578,18,18,80,,,,,
large,80,3,3,7,642,genetic_greedy,square,success,16,46.300932313,16,16,80,50350,1158,80198,0.022999006951340616,69.25561312607945
large,80,3,3,7,642,genetic_stochastic,square,success,17,59.820439736,17,17,80,50344,1516,104245,0.030112823772445573,68.7631926121372
large,80,3,3,8,742,greedy,square,success,17,0.0406713,16,17,80,,,,,
large,80,3,3,8,742,stochastic_greedy,square,success,18,0.047880595,18,18,80,,,,,
large,80,3,3,8,742,genetic_greedy,square,success,16,60.626233194,16,16,80,50372,1361,98130,0.02701897879774478,72.10139603232916
large,80,3,3,8,742,genetic_stochastic,square,success,16,50.879607692,16,16,80,50273,1342,84723,0.026694249398285363,63.13189269746647
large,80,3,3,9,842,greedy,square,success,17,0.018858206,17,17,80,,,,,
large,80,3,3,9,842,stochastic_greedy,square,success,18,0.047752777,17,18,80,,,,,
large,80,3,3,9,842,genetic_greedy,square,success,16,47.021201593,16,16,80,50271,1062,73504,0.021125499791132065,69.21280602636534
large,80,3,3,9,842,genetic_stochastic,square,success,17,109.550611107,17,17,80,50268,3167,205921,0.06300230763109732,65.02083991158825
large,80,3,3,10,942,greedy,square,success,18,0.012555188,18,18,80,,,,,
large,80,3,3,10,942,stochastic_greedy,square,success,19,0.02087276,18,19,80,,,,,
large,80,3,3,10,942,genetic_greedy,square,success,16,43.349723378,16,16,80,50518,1022,67840,0.020230412922126767,66.37964774951077
large,80,3,3,10,942,genetic_stochastic,square,success,17,100.950057108,16,17,80,50224,2867,189204,0.05708426250398216,65.99372166027206
large,100,3,3,1,42,greedy,square,success,18,0.015423045,18,18,100,,,,,
large,100,3,3,1,42,stochastic_greedy,square,success,19,0.026381328,19,19,100,,,,,
large,100,3,3,1,42,genetic_greedy,square,success,17,74.173878127,17,17,100,50616,889,79065,0.017563616247826774,88.93700787401575
large,100,3,3,1,42,genetic_stochastic,square,success,18,131.460264415,18,18,100,50420,2098,166029,0.04161047203490678,79.1367969494757
large,100,3,3,2,142,greedy,square,success,18,0.062431366,18,18,100,,,,,
large,100,3,3,2,142,stochastic_greedy,square,success,20,0.025529775,19,20,100,,,,,
large,100,3,3,2,142,genetic_greedy,square,success,18,132.547721014,18,18,100,50317,1868,167773,0.03712462984677147,89.81423982869379
large,100,3,3,2,142,genetic_stochastic,square,success,18,81.35393724,18,18,100,50479,1035,91467,0.020503575744368945,88.37391304347825
large,100,3,3,3,242,greedy,square,success,18,0.016662166,18,18,100,,,,,
large,100,3,3,3,242,stochastic_greedy,square,success,19,0.021986649,19,18,100,,,,,
large,100,3,3,3,242,genetic_greedy,square,success,17,68.56157331,17,17,100,50412,777,68567,0.015412996905498692,88.24581724581725
large,100,3,3,3,242,genetic_stochastic,square,success,17,75.829055915,16,17,100,50586,980,85480,0.01937294903728304,87.22448979591837
large,100,3,3,4,342,greedy,square,success,18,0.029961078,18,18,100,,,,,
large,100,3,3,4,342,stochastic_greedy,square,success,19,0.032839231,19,19,100,,,,,
large,100,3,3,4,342,genetic_greedy,square,success,18,104.125956093,18,18,100,50324,1471,132957,0.029230585803990145,90.38545207341944
large,100,3,3,4,342,genetic_stochastic,square,success,18,150.158010369,18,18,100,50425,2384,203261,0.047278135845314824,85.26048657718121
large,100,3,3,5,442,greedy,square,success,18,0.036628484,18,18,100,,,,,
large,100,3,3,5,442,stochastic_greedy,square,success,19,0.056507206,19,19,100,,,,,
large,100,3,3,5,442,genetic_greedy,square,success,17,102.096641572,17,17,100,50473,1521,133685,0.030134923622530858,87.89283366206443
large,100,3,3,5,442,genetic_stochastic,square,success,17,93.070898052,17,17,100,50546,1325,116057,0.026213745894828472,87.59018867924529
large,100,3,3,6,542,greedy,square,success,19,0.018257127,18,19,100,,,,,
large,100,3,3,6,542,stochastic_greedy,square,success,20,0.040041185,19,20,100,,,,,
large,100,3,3,6,542,genetic_greedy,square,success,18,94.615263935,18,18,100,50560,1291,115375,0.025534018987341773,89.36870642912471
large,100,3,3,6,542,genetic_stochastic,square,success,18,89.780491622,18,18,100,50188,1200,105363,0.023910098031401927,87.8025
large,100,3,3,7,642,greedy,square,success,19,0.074021818,18,19,100,,,,,
large,100,3,3,7,642,stochastic_greedy,square,success,19,0.058632282,18,19,100,,,,,
large,100,3,3,7,642,genetic_greedy,square,success,18,105.235656619,18,18,100,50363,1570,138366,0.031173679089807994,88.1312101910828
large,100,3,3,7,642,genetic_stochastic,square,success,18,156.867757051,18,18,100,50527,2139,189580,0.04233380172976824,88.630201028518
large,100,3,3,8,742,greedy,square,success,18,0.015134146,18,17,100,,,,,
large,100,3,3,8,742,stochastic_greedy,square,success,19,0.015535697,19,19,100,,,,,
large,100,3,3,8,742,genetic_greedy,square,success,17,61.404175918,17,17,100,50452,761,66668,0.01508364385951003,87.60578186596584
large,100,3,3,8,742,genetic_stochastic,square,success,18,268.234968665,18,18,100,50309,4480,378886,0.08904967302073187,84.57276785714286
large,100,3,3,9,842,greedy,square,success,18,0.015473257,18,17,100,,,,,
large,100,3,3,9,842,stochastic_greedy,square,success,19,0.024042303,19,19,100,,,,,
large,100,3,3,9,842,genetic_greedy,square,success,17,67.700775707,17,17,100,50387,816,73275,0.016194653382816997,89.79779411764706
large,100,3,3,9,842,genetic_stochastic,square,success,18,113.869967705,18,18,100,50362,1587,137215,0.03151185417576744,86.46187775677379
large,100,3,3,10,942,greedy,square,success,19,0.016586501,18,19,100,,,,,
large,100,3,3,10,942,stochastic_greedy,square,success,19,0.020012763,19,19,100,,,,,
large,100,3,3,10,942,genetic_greedy,square,success,18,135.68524762,18,18,100,50354,2180,174660,0.04329348214640347,80.11926605504587
large,100,3,3,10,942,genetic_stochastic,square,success,18,81.653845889,18,18,100,50459,1222,100434,0.02421768168215779,82.18821603927987
large,60,5,5,1,42,merge_greedy,square,success,43,194.834035683,33,43,60,,,,,
large,60,5,5,1,42,greedy,square,success,39,0.091483271,39,39,60,,,,,
large,60,5,5,1,42,stochastic_greedy,square,success,40,0.117315187,38,40,60,,,,,
large,60,5,5,1,42,genetic_greedy,square,success,36,471.358644283,36,36,60,50451,915,49353,0.018136409585538443,53.937704918032786
