scale,tiles,n,m,run,seed,algorithm,objective_type,status,objective,runtime,bbox_width,bbox_height,num_tiles,total_crossovers,crossovers_needing_completion,total_tiles_completed,completion_rate,avg_tiles_per_incomplete
small,6,3,3,1,42,greedy,area,success,44,0.003833116,11,4,6,,,,,
small,6,3,3,1,42,stochastic_greedy,area,success,52,0.003251908,4,13,6,,,,,
small,6,3,3,1,42,genetic_greedy,area,success,44,0.108045223,11,4,6,12610,0,0,0.0,
small,6,3,3,1,42,genetic_stochastic,area,success,44,0.117424567,11,4,6,12640,200,596,0.015822784810126583,2.98
small,6,3,3,2,142,greedy,area,success,48,0.003235591,16,3,6,,,,,
small,6,3,3,2,142,stochastic_greedy,area,success,44,0.002121391,11,4,6,,,,,
small,6,3,3,2,142,genetic_greedy,area,success,44,0.108279824,11,4,6,12604,128,443,0.010155506188511583,3.4609375
small,6,3,3,2,142,genetic_stochastic,area,success,42,0.304464244,7,6,6,12608,2073,5284,0.16441941624365483,2.5489628557645925
small,6,3,3,3,242,greedy,area,success,48,0.001883819,12,4,6,,,,,
small,6,3,3,3,242,stochastic_greedy,area,success,44,0.001819785,11,4,6,,,,,
small,6,3,3,3,242,genetic_greedy,area,success,44,0.159686007,11,4,6,12638,105,302,0.008308276626048425,2.876190476190476
small,6,3,3,3,242,genetic_stochastic,area,success,44,0.102477975,11,4,6,12593,92,311,0.007305645993806083,3.380434782608696
small,6,3,3,4,342,greedy,area,success,36,0.001451497,3,12,6,,,,,
small,6,3,3,4,342,stochastic_greedy,area,success,36,0.001722295,3,12,6,,,,,
small,6,3,3,4,342,genetic_greedy,area,success,36,0.075575015,3,12,6,12623,2,5,0.00015844094113919038,2.5
small,6,3,3,4,342,genetic_stochastic,area,success,36,0.11615138,3,12,6,12572,354,1360,0.02815781100859052,3.84180790960452
small,6,3,3,5,442,greedy,area,success,48,0.002241863,4,12,6,,,,,
small,6,3,3,5,442,stochastic_greedy,area,success,51,0.002588427,3,17,6,,,,,
small,6,3,3,5,442,genetic_greedy,area,success,40,0.126762827,5,8,6,12546,121,367,0.00964450820978798,3.0330578512396693
small,6,3,3,5,442,genetic_stochastic,area,success,40,0.29254743,8,5,6,12508,2333,4923,0.18652062679884873,2.110158594084869
small,6,3,3,6,542,greedy,area,success,42,0.003085272,14,3,6,,,,,
small,6,3,3,6,542,stochastic_greedy,area,success,42,0.003035066,14,3,6,,,,,
small,6,3,3,6,542,genetic_greedy,area,success,45,0.140183077,5,9,6,12591,80,216,0.006353744738305139,2.7
small,6,3,3,6,542,genetic_stochastic,area,success,42,0.143135897,14,3,6,12565,327,1041,0.02602467170712296,3.18348623853211
small,6,3,3,7,642,greedy,area,success,42,0.002021751,3,14,6,,,,,
small,6,3,3,7,642,stochastic_greedy,area,success,42,0.001848511,3,14,6,,,,,
small,6,3,3,7,642,genetic_greedy,area,success,40,0.097273303,10,4,6,12575,42,52,0.0033399602385685884,1.2380952380952381
small,6,3,3,7,642,genetic_stochastic,area,success,36,0.066067102,9,4,6,12580,104,351,0.008267090620031796,3.375
small,6,3,3,8,742,greedy,area,success,40,0.001791664,8,5,6,,,,,
small,6,3,3,8,742,stochastic_greedy,area,success,40,0.001661752,8,5,6,,,,,
small,6,3,3,8,742,genetic_greedy,area,success,40,0.060508434,8,5,6,12571,2,6,0.00015909633282952827,3.0
small,6,3,3,8,742,genetic_stochastic,area,success,40,0.048894455,8,5,6,12564,0,0,0.0,
small,6,3,3,9,842,greedy,area,success,42,0.002008737,14,3,6,,,,,
small,6,3,3,9,842,stochastic_greedy,area,success,45,0.001952748,15,3,6,,,,,
small,6,3,3,9,842,genetic_greedy,area,success,40,0.123408745,5,8,6,12579,45,93,0.0035773908895778677,2.066666666666667
small,6,3,3,9,842,genetic_stochastic,area,success,40,0.143120208,5,8,6,12665,595,1463,0.04697986577181208,2.458823529411765
small,6,3,3,10,942,greedy,area,success,48,0.002425547,6,8,6,,,,,
small,6,3,3,10,942,stochastic_greedy,area,success,42,0.001948821,6,7,6,,,,,
small,6,3,3,10,942,genetic_greedy,area,success,42,0.114130928,6,7,6,12604,130,163,0.010314185972707076,1.2538461538461538
small,6,3,3,10,942,genetic_stochastic,area,success,42,0.206480583,6,7,6,12554,1059,2589,0.08435558387764856,2.444759206798867
small,6,3,3,11,1042,greedy,area,success,56,0.003011823,4,14,6,,,,,
small,6,3,3,11,1042,stochastic_greedy,area,success,54,0.002544242,6,9,6,,,,,
small,6,3,3,11,1042,genetic_greedy,area,success,48,0.133445789,3,16,6,12555,162,436,0.012903225806451613,2.691358024691358
small,6,3,3,11,1042,genetic_stochastic,area,success,48,0.469973114,3,16,6,12536,2282,4997,0.18203573707721762,2.1897458369851006
small,6,3,3,12,1142,greedy,area,success,40,0.002748365,4,10,6,,,,,
small,6,3,3,12,1142,stochastic_greedy,area,success,40,0.002848505,4,10,6,,,,,
small,6,3,3,12,1142,genetic_greedy,area,success,40,0.171235366,4,10,6,12615,126,378,0.009988109393579072,3.0
small,6,3,3,12,1142,genetic_stochastic,area,success,40,0.117106122,5,8,6,12618,285,882,0.02258678078934855,3.094736842105263
small,6,3,3,13,1242,greedy,area,success,45,0.003204823,15,3,6,,,,,
small,6,3,3,13,1242,stochastic_greedy,area,success,45,0.003604429,15,3,6,,,,,
small,6,3,3,13,1242,genetic_greedy,area,success,45,0.109868564,15,3,6,12581,0,0,0.0,
small,6,3,3,13,1242,genetic_stochastic,area,success,45,0.11353796,15,3,6,12655,203,714,0.01604109047807191,3.5172413793103448
small,6,3,3,14,1342,greedy,area,success,45,0.002319407,3,15,6,,,,,
small,6,3,3,14,1342,stochastic_greedy,area,success,45,0.002488446,3,15,6,,,,,
small,6,3,3,14,1342,genetic_greedy,area,success,45,0.089498887,3,15,6,12535,42,66,0.0033506182688472276,1.5714285714285714
small,6,3,3,14,1342,genetic_stochastic,area,success,42,0.082553162,6,7,6,12517,149,495,0.011903810817288488,3.3221476510067114
small,6,3,3,15,1442,greedy,area,success,52,0.002163357,4,13,6,,,,,
small,6,3,3,15,1442,stochastic_greedy,area,success,44,0.001796385,4,11,6,,,,,
small,6,3,3,15,1442,genetic_greedy,area,success,44,0.09379166,4,11,6,12845,33,99,0.002569093032308291,3.0
small,6,3,3,15,1442,genetic_stochastic,area,success,40,0.100179956,8,5,6,12426,275,660,0.02213101561242556,2.4
small,6,3,3,16,1542,greedy,area,success,30,0.001367932,10,3,6,,,,,
small,6,3,3,16,1542,stochastic_greedy,area,success,36,0.001518774,12,3,6,,,,,
small,6,3,3,16,1542,genetic_greedy,area,success,30,0.084550527,10,3,6,12620,0,0,0.0,
small,6,3,3,16,1542,genetic_stochastic,area,success,30,0.09513854,10,3,6,12662,124,451,0.009793081661664824,3.6370967741935485
small,6,3,3,17,1642,greedy,area,success,40,0.001881534,4,10,6,,,,,
small,6,3,3,17,1642,stochastic_greedy,area,success,40,0.00158695,5,8,6,,,,,
small,6,3,3,17,1642,genetic_greedy,area,success,40,0.069299478,5,8,6,12565,71,156,0.005650616792678074,2.1971830985915495
small,6,3,3,17,1642,genetic_stochastic,area,success,40,0.107353745,8,5,6,12580,246,533,0.019554848966613674,2.1666666666666665
small,6,3,3,18,1742,greedy,area,success,39,0.001715389,13,3,6,,,,,
small,6,3,3,18,1742,stochastic_greedy,area,success,42,0.001819745,14,3,6,,,,,
small,6,3,3,18,1742,genetic_greedy,area,success,35,0.121660268,5,7,6,12528,55,110,0.004390166028097063,2.0
small,6,3,3,18,1742,genetic_stochastic,area,success,35,0.103883066,5,7,6,12510,112,319,0.008952837729816147,2.8482142857142856
small,6,3,3,19,1842,greedy,area,success,48,0.002468639,12,4,6,,,,,
small,6,3,3,19,1842,stochastic_greedy,area,success,45,0.002416725,15,3,6,,,,,
small,6,3,3,19,1842,genetic_greedy,area,success,42,0.163918871,6,7,6,12560,582,625,0.04633757961783439,1.0738831615120275
small,6,3,3,19,1842,genetic_stochastic,area,success,40,0.093919511,4,10,6,12518,228,679,0.018213772168077968,2.9780701754385963
small,6,3,3,20,1942,greedy,area,success,44,0.002339785,11,4,6,,,,,
small,6,3,3,20,1942,stochastic_greedy,area,success,44,0.001873223,4,11,6,,,,,
small,6,3,3,20,1942,genetic_greedy,area,success,40,0.098082614,5,8,6,12477,106,222,0.008495631962811574,2.0943396226415096
small,6,3,3,20,1942,genetic_stochastic,area,success,36,0.064866012,6,6,6,12619,204,635,0.016166098739995246,3.1127450980392157
small,6,3,3,21,2042,greedy,area,success,42,0.002039441,14,3,6,,,,,
small,6,3,3,21,2042,stochastic_greedy,area,success,42,0.002273421,14,3,6,,,,,
small,6,3,3,21,2042,genetic_greedy,area,success,42,0.135905216,14,3,6,12672,344,1171,0.027146464646464648,3.4040697674418605
small,6,3,3,21,2042,genetic_stochastic,area,success,40,0.123502609,10,4,6,12600,162,495,0.012857142857142857,3.0555555555555554
small,6,3,3,22,2142,greedy,area,success,48,0.002099264,4,12,6,,,,,
small,6,3,3,22,2142,stochastic_greedy,area,success,48,0.001973368,4,12,6,,,,,
small,6,3,3,22,2142,genetic_greedy,area,success,44,0.103972475,4,11,6,12564,28,90,0.002228589621139764,3.2142857142857144
small,6,3,3,22,2142,genetic_stochastic,area,success,40,0.087728134,4,10,6,12612,202,663,0.01601649222962258,3.282178217821782
small,6,3,3,23,2242,greedy,area,success,36,0.001376339,4,9,6,,,,,
small,6,3,3,23,2242,stochastic_greedy,area,success,36,0.00186792,3,12,6,,,,,
small,6,3,3,23,2242,genetic_greedy,area,success,35,0.085538944,5,7,6,12630,0,0,0.0,
small,6,3,3,23,2242,genetic_stochastic,area,success,35,0.058760018,5,7,6,12501,4,12,0.00031997440204783615,3.0
small,6,3,3,24,2342,greedy,area,success,51,0.002562949,3,17,6,,,,,
small,6,3,3,24,2342,stochastic_greedy,area,success,56,0.002412289,4,14,6,,,,,
small,6,3,3,24,2342,genetic_greedy,area,success,44,0.093264693,11,4,6,12613,112,380,0.008879727265519702,3.392857142857143
small,6,3,3,24,2342,genetic_stochastic,area,success,44,0.119966672,11,4,6,12484,340,976,0.027234860621595643,2.8705882352941177
small,6,3,3,25,2442,greedy,area,success,45,0.002079648,3,15,6,,,,,
small,6,3,3,25,2442,stochastic_greedy,area,success,45,0.002383148,3,15,6,,,,,
small,6,3,3,25,2442,genetic_greedy,area,success,42,0.077775737,3,14,6,12589,25,25,0.0019858606720152515,1.0
small,6,3,3,25,2442,genetic_stochastic,area,success,42,0.156032049,3,14,6,12606,605,2120,0.04799301919720768,3.5041322314049586
small,6,3,3,26,2542,greedy,area,success,42,0.002088601,3,14,6,,,,,
small,6,3,3,26,2542,stochastic_greedy,area,success,42,0.001937285,3,14,6,,,,,
small,6,3,3,26,2542,genetic_greedy,area,success,42,0.054864399,3,14,6,12583,0,0,0.0,
small,6,3,3,26,2542,genetic_stochastic,area,success,42,0.087602418,3,14,6,12666,317,944,0.025027633033317544,2.9779179810725553
small,6,3,3,27,2642,greedy,area,success,39,0.002244817,13,3,6,,,,,
small,6,3,3,27,2642,stochastic_greedy,area,success,42,0.001896334,14,3,6,,,,,
small,6,3,3,27,2642,genetic_greedy,area,success,35,0.113161897,7,5,6,12647,188,473,0.014865185419467066,2.515957446808511
small,6,3,3,27,2642,genetic_stochastic,area,success,35,0.082114031,7,5,6,12554,244,441,0.019436036323084275,1.8073770491803278
small,6,3,3,28,2742,greedy,area,success,42,0.001672527,6,7,6,,,,,
small,6,3,3,28,2742,stochastic_greedy,area,success,44,0.002129939,11,4,6,,,,,
small,6,3,3,28,2742,genetic_greedy,area,success,40,0.134982942,5,8,6,12477,29,59,0.0023242766690710908,2.0344827586206895
small,6,3,3,28,2742,genetic_stochastic,area,success,40,0.101613168,5,8,6,12640,70,171,0.005537974683544304,2.442857142857143
small,6,3,3,29,2842,greedy,area,success,45,0.002206628,15,3,6,,,,,
small,6,3,3,29,2842,stochastic_greedy,area,success,48,0.001904576,6,8,6,,,,,
small,6,3,3,29,2842,genetic_greedy,area,success,45,0.106926757,3,15,6,12597,88,313,0.006985790267524014,3.5568181818181817
small,6,3,3,29,2842,genetic_stochastic,area,success,42,0.111462923,6,7,6,12566,228,719,0.01814419863122712,3.1535087719298245
small,6,3,3,30,2942,greedy,area,success,42,0.002202481,3,14,6,,,,,
small,6,3,3,30,2942,stochastic_greedy,area,success,48,0.002483759,4,12,6,,,,,
small,6,3,3,30,2942,genetic_greedy,area,success,39,0.07917779,3,13,6,12506,29,58,0.0023188869342715495,2.0
small,6,3,3,30,2942,genetic_stochastic,area,success,39,0.184701783,3,13,6,12635,813,2648,0.06434507320933913,3.257072570725707
small,6,3,3,1,42,merge_greedy,area,success,54,0.003324939,9,6,6,,,,,
small,6,3,3,2,142,merge_greedy,area,success,48,0.006590957,8,6,6,,,,,
small,6,3,3,3,242,merge_greedy,area,success,49,0.003478808,7,7,6,,,,,
small,6,3,3,4,342,merge_greedy,area,success,42,0.007298221,6,7,6,,,,,
small,6,3,3,5,442,merge_greedy,area,success,56,0.013921916,7,8,6,,,,,
small,6,3,3,6,542,merge_greedy,area,success,49,0.012948834,7,7,6,,,,,
small,6,3,3,7,642,merge_greedy,area,success,48,0.016363786,8,6,6,,,,,
small,6,3,3,8,742,merge_greedy,area,success,40,0.00593462,8,5,6,,,,,
small,6,3,3,9,842,merge_greedy,area,success,48,0.00728718,6,8,6,,,,,
small,6,3,3,10,942,merge_greedy,area,success,49,0.006488867,7,7,6,,,,,
small,6,3,3,1,42,beam_search,area,success,44,0.015954921,11,4,6,,,,,
small,6,3,3,2,142,beam_search,area,success,44,0.018386655,11,4,6,,,,,
small,6,3,3,3,242,beam_search,area,success,44,0.02459916,11,4,6,,,,,
small,6,3,3,4,342,beam_search,area,success,36,0.021188219,3,12,6,,,,,
small,6,3,3,5,442,beam_search,area,success,40,0.016639564,5,8,6,,,,,
small,6,3,3,6,542,beam_search,area,success,44,0.033746954,4,11,6,,,,,
small,6,3,3,7,642,beam_search,area,success,36,0.019477952,9,4,6,,,,,
small,6,3,3,8,742,beam_search,area,success,40,0.015719082,8,5,6,,,,,
small,6,3,3,9,842,beam_search,area,success,40,0.015008321,5,8,6,,,,,
small,6,3,3,10,942,beam_search,area,success,42,0.018582446,6,7,6,,,,,
small,6,3,3,1,42,cplex,area,feasible,44,300.236159653,11,4,6,,,,,
small,6,3,3,2,142,cplex,area,feasible,36,300.236902242,6,6,6,,,,,
small,6,3,3,3,242,cplex,area,feasible,40,300.177030348,10,4,6,,,,,
small,6,3,3,4,342,cplex,area,feasible,35,300.228852581,5,7,6,,,,,
small,6,3,3,5,442,cplex,area,feasible,42,300.151192186,7,6,6,,,,,
small,6,3,3,6,542,cplex,area,feasible,42,300.251459902,6,7,6,,,,,
small,6,3,3,7,642,cplex,area,feasible,36,300.232982625,6,6,6,,,,,
small,6,3,3,8,742,cplex,area,optimal,40,171.278051116,5,8,6,,,,,
small,6,3,3,9,842,cplex,area,feasible,42,300.384939199,14,3,6,,,,,
small,6,3,3,10,942,cplex,area,optimal,42,99.824584972,7,6,6,,,,,
small,8,3,3,1,42,greedy,area,success,64,0.003019543,4,16,8,,,,,
small,8,3,3,1,42,stochastic_greedy,area,success,64,0.003671156,16,4,8,,,,,
small,8,3,3,1,42,genetic_greedy,area,success,56,0.126072277,14,4,8,12549,61,364,0.004860945095226711,5.967213114754099
small,8,3,3,1,42,genetic_stochastic,area,success,56,0.231813237,14,4,8,12625,880,2926,0.06970297029702971,3.325
small,8,3,3,2,142,greedy,area,success,60,0.00359003,3,20,8,,,,,
small,8,3,3,2,142,stochastic_greedy,area,success,54,0.002646149,18,3,8,,,,,
small,8,3,3,2,142,genetic_greedy,area,success,54,0.224134045,9,6,8,12530,352,1409,0.028092577813248205,4.002840909090909
small,8,3,3,2,142,genetic_stochastic,area,success,48,0.13879557,6,8,8,12587,244,1001,0.019385079844283785,4.102459016393443
small,8,3,3,3,242,greedy,area,success,55,0.0025749,11,5,8,,,,,
small,8,3,3,3,242,stochastic_greedy,area,success,60,0.002508285,10,6,8,,,,,
small,8,3,3,3,242,genetic_greedy,area,success,54,0.134533265,6,9,8,12615,147,464,0.011652794292508917,3.1564625850340136
small,8,3,3,3,242,genetic_stochastic,area,success,48,0.143472483,8,6,8,12698,479,1301,0.037722475980469364,2.7160751565762005
small,8,3,3,4,342,greedy,area,success,54,0.003632838,3,18,8,,,,,
small,8,3,3,4,342,stochastic_greedy,area,success,54,0.002668196,3,18,8,,,,,
small,8,3,3,4,342,genetic_greedy,area,success,49,0.124730693,7,7,8,12496,95,343,0.007602432778489116,3.610526315789474
small,8,3,3,4,342,genetic_stochastic,area,success,54,0.220607607,3,18,8,12674,529,2591,0.04173899321445479,4.897920604914934
small,8,3,3,5,442,greedy,area,success,55,0.002782679,5,11,8,,,,,
small,8,3,3,5,442,stochastic_greedy,area,success,55,0.002529903,5,11,8,,,,,
small,8,3,3,5,442,genetic_greedy,area,success,55,0.15202375,5,11,8,12565,253,995,0.020135296458416236,3.932806324110672
small,8,3,3,5,442,genetic_stochastic,area,success,54,0.126452267,6,9,8,12636,224,860,0.017727128838239948,3.8392857142857144
small,8,3,3,6,542,greedy,area,success,60,0.003361277,20,3,8,,,,,
small,8,3,3,6,542,stochastic_greedy,area,success,63,0.004398732,21,3,8,,,,,
small,8,3,3,6,542,genetic_greedy,area,success,60,0.139949422,20,3,8,12624,108,453,0.008555133079847909,4.194444444444445
small,8,3,3,6,542,genetic_stochastic,area,success,56,0.216853564,4,14,8,12630,480,2080,0.03800475059382423,4.333333333333333
small,8,3,3,7,642,greedy,area,success,57,0.003406747,3,19,8,,,,,
small,8,3,3,7,642,stochastic_greedy,area,success,60,0.00318833,3,20,8,,,,,
small,8,3,3,7,642,genetic_greedy,area,success,48,0.130759037,8,6,8,12650,52,211,0.004110671936758893,4.0576923076923075
small,8,3,3,7,642,genetic_stochastic,area,success,48,0.096766873,8,6,8,12518,120,426,0.009586195877935773,3.55
small,8,3,3,8,742,greedy,area,success,56,0.002691051,14,4,8,,,,,
small,8,3,3,8,742,stochastic_greedy,area,success,56,0.002535418,14,4,8,,,,,
small,8,3,3,8,742,genetic_greedy,area,success,55,0.146851445,5,11,8,12697,88,440,0.006930771048279121,5.0
small,8,3,3,8,742,genetic_stochastic,area,success,52,0.17753471,13,4,8,12617,313,1523,0.02480779900134739,4.865814696485623
small,8,3,3,9,842,greedy,area,success,50,0.002487362,5,10,8,,,,,
small,8,3,3,9,842,stochastic_greedy,area,success,52,0.00216773,4,13,8,,,,,
small,8,3,3,9,842,genetic_greedy,area,success,48,0.142328667,12,4,8,12585,90,501,0.007151370679380214,5.566666666666666
small,8,3,3,9,842,genetic_stochastic,area,success,48,0.124304453,12,4,8,12523,209,1062,0.01668929170326599,5.08133971291866
small,8,3,3,10,942,greedy,area,success,60,0.004038374,5,12,8,,,,,
small,8,3,3,10,942,stochastic_greedy,area,success,63,0.008268207,21,3,8,,,,,
small,8,3,3,10,942,genetic_greedy,area,success,60,0.170879822,6,10,8,12521,129,499,0.010302691478316429,3.868217054263566
small,8,3,3,10,942,genetic_stochastic,area,success,54,0.139272281,6,9,8,12598,333,1257,0.026432767105889824,3.774774774774775
small,8,3,3,11,1042,greedy,area,success,60,0.003857071,15,4,8,,,,,
small,8,3,3,11,1042,stochastic_greedy,area,success,64,0.003091249,16,4,8,,,,,
small,8,3,3,11,1042,genetic_greedy,area,success,54,0.106313702,9,6,8,12600,68,291,0.005396825396825397,4.279411764705882
small,8,3,3,11,1042,genetic_stochastic,area,success,54,0.183737634,9,6,8,12523,321,1177,0.025632835582528147,3.6666666666666665
small,8,3,3,12,1142,greedy,area,success,52,0.002912186,4,13,8,,,,,
small,8,3,3,12,1142,stochastic_greedy,area,success,52,0.002367631,4,13,8,,,,,
small,8,3,3,12,1142,genetic_greedy,area,success,52,0.140849743,4,13,8,12671,0,0,0.0,
small,8,3,3,12,1142,genetic_stochastic,area,success,49,0.433871439,7,7,8,12607,2183,4492,0.17315776949313874,2.0577187356848374
small,8,3,3,13,1242,greedy,area,success,48,0.002826365,16,3,8,,,,,
small,8,3,3,13,1242,stochastic_greedy,area,success,48,0.002218446,16,3,8,,,,,
small,8,3,3,13,1242,genetic_greedy,area,success,48,0.109495425,8,6,8,12647,25,94,0.0019767533802482803,3.76
small,8,3,3,13,1242,genetic_stochastic,area,success,48,0.15077886,16,3,8,12695,279,955,0.02197715636077196,3.4229390681003586
small,8,3,3,1,42,merge_greedy,area,success,72,0.009679916,8,9,8,,,,,
small,8,3,3,2,142,merge_greedy,area,success,54,0.011946939,9,6,8,,,,,
small,8,3,3,3,242,merge_greedy,area,success,60,0.007679506,6,10,8,,,,,
small,8,3,3,4,342,merge_greedy,area,success,56,0.008229372,8,7,8,,,,,
small,8,3,3,5,442,merge_greedy,area,success,63,0.016132936,7,9,8,,,,,
small,8,3,3,6,542,merge_greedy,area,success,64,0.011746621,8,8,8,,,,,
small,8,3,3,7,642,merge_greedy,area,success,54,0.019929124,6,9,8,,,,,
small,8,3,3,8,742,merge_greedy,area,success,49,0.029499502,7,7,8,,,,,
small,8,3,3,9,842,merge_greedy,area,success,56,0.014745074,7,8,8,,,,,
small,8,3,3,10,942,merge_greedy,area,success,66,0.008094769,11,6,8,,,,,
small,8,3,3,1,42,beam_search,area,success,56,0.041286083,14,4,8,,,,,
small,8,3,3,2,142,beam_search,area,success,54,0.048239231,9,6,8,,,,,
small,8,3,3,3,242,beam_search,area,success,48,0.049348439,8,6,8,,,,,
small,8,3,3,4,342,beam_search,area,success,54,0.047510249,3,18,8,,,,,
small,8,3,3,5,442,beam_search,area,success,55,0.040569447,11,5,8,,,,,
small,8,3,3,6,542,beam_search,area,success,57,0.0444615,19,3,8,,,,,
small,8,3,3,7,642,beam_search,area,success,48,0.050966689,12,4,8,,,,,
small,8,3,3,8,742,beam_search,area,success,50,0.0431263,5,10,8,,,,,
small,8,3,3,9,842,beam_search,area,success,48,0.04010971,12,4,8,,,,,
small,8,3,3,10,942,beam_search,area,success,56,0.039229924,7,8,8,,,,,
small,8,3,3,2,142,cplex,area,feasible,48,300.151510909,8,6,8,,,,,
small,8,3,3,3,242,cplex,area,feasible,49,300.231000323,7,7,8,,,,,
small,8,3,3,7,642,cplex,area,feasible,55,301.196796041,5,11,8,,,,,
small,8,3,3,8,742,cplex,area,feasible,56,300.640880872,8,7,8,,,,,
small,8,3,3,9,842,cplex,area,feasible,48,300.123103317,8,6,8,,,,,
small,8,3,3,10,942,cplex,area,feasible,54,300.142478357,6,9,8,,,,,
small,10,3,3,1,42,greedy,area,success,69,0.008672532,23,3,10,,,,,
small,10,3,3,1,42,stochastic_greedy,area,success,78,0.01276087,3,26,10,,,,,
small,10,3,3,1,42,genetic_greedy,area,success,69,0.227241742,23,3,10,12790,247,1094,0.01931196247068022,4.42914979757085
small,10,3,3,1,42,genetic_stochastic,area,success,64,0.396925551,8,8,10,12620,720,3547,0.05705229793977813,4.926388888888889
small,10,3,3,2,142,greedy,area,success,75,0.005633795,3,25,10,,,,,
small,10,3,3,2,142,stochastic_greedy,area,success,72,0.004628991,24,3,10,,,,,
small,10,3,3,2,142,genetic_greedy,area,success,70,0.188989619,7,10,10,12576,89,658,0.007076972010178117,7.393258426966292
small,10,3,3,2,142,genetic_stochastic,area,success,60,0.296152189,10,6,10,12617,1477,3134,0.11706427835460094,2.12186865267434
small,10,3,3,3,242,greedy,area,success,64,0.003511058,8,8,10,,,,,
small,10,3,3,3,242,stochastic_greedy,area,success,66,0.002964171,11,6,10,,,,,
small,10,3,3,3,242,genetic_greedy,area,success,60,0.16394539,5,12,10,12615,135,562,0.01070154577883472,4.162962962962963
small,10,3,3,3,242,genetic_stochastic,area,success,60,0.264358441,4,15,10,12646,411,2434,0.032500395381938954,5.922141119221411
small,10,3,3,4,342,greedy,area,success,69,0.004792108,3,23,10,,,,,
small,10,3,3,4,342,stochastic_greedy,area,success,63,0.003756012,3,21,10,,,,,
small,10,3,3,4,342,genetic_greedy,area,success,64,0.172675535,8,8,10,12597,102,567,0.008097165991902834,5.5588235294117645
small,10,3,3,4,342,genetic_stochastic,area,success,60,0.240393362,10,6,10,12697,497,3005,0.03914310467039458,6.046277665995976
small,10,3,3,5,442,greedy,area,success,75,0.005491927,3,25,10,,,,,
small,10,3,3,5,442,stochastic_greedy,area,success,76,0.004352008,4,19,10,,,,,
small,10,3,3,5,442,genetic_greedy,area,success,64,0.185105698,8,8,10,12704,202,1050,0.015900503778337533,5.198019801980198
small,10,3,3,5,442,genetic_stochastic,area,success,60,0.268964418,6,10,10,12723,530,2695,0.041656841939794076,5.084905660377358
small,10,3,3,6,542,greedy,area,success,60,0.003215405,5,12,10,,,,,
small,10,3,3,6,542,stochastic_greedy,area,success,66,0.004003412,22,3,10,,,,,
small,10,3,3,6,542,genetic_greedy,area,success,63,0.35065476,7,9,10,12402,1097,1605,0.08845347524592807,1.4630811303555151
small,10,3,3,6,542,genetic_stochastic,area,success,56,0.213909335,8,7,10,12504,382,1759,0.03055022392834293,4.604712041884817
small,10,3,3,7,642,greedy,area,success,72,0.006513394,3,24,10,,,,,
small,10,3,3,7,642,stochastic_greedy,area,success,75,0.005727878,3,25,10,,,,,
small,10,3,3,7,642,genetic_greedy,area,success,63,0.11761278,7,9,10,12623,84,434,0.0066545195278459954,5.166666666666667
small,10,3,3,7,642,genetic_stochastic,area,success,60,0.359199391,4,15,10,12604,1717,3467,0.13622659473183116,2.0192195690157253
small,10,3,3,8,742,greedy,area,success,63,0.004005379,9,7,10,,,,,
small,10,3,3,8,742,stochastic_greedy,area,success,70,0.003189699,10,7,10,,,,,
small,10,3,3,8,742,genetic_greedy,area,success,54,0.137694653,9,6,10,12629,48,183,0.0038007759917649854,3.8125
small,10,3,3,8,742,genetic_stochastic,area,success,54,0.194027557,9,6,10,12560,265,1435,0.02109872611464968,5.415094339622642
small,10,3,3,9,842,greedy,area,success,70,0.003750453,7,10,10,,,,,
small,10,3,3,9,842,stochastic_greedy,area,success,65,0.003680725,5,13,10,,,,,
small,10,3,3,9,842,genetic_greedy,area,success,56,0.225717779,8,7,10,12591,473,1040,0.03756651576522913,2.1987315010570825
small,10,3,3,9,842,genetic_stochastic,area,success,56,0.219102111,8,7,10,12611,378,1843,0.029973832368567124,4.875661375661376
small,10,3,3,10,942,greedy,area,success,75,0.005299037,3,25,10,,,,,
small,10,3,3,10,942,stochastic_greedy,area,success,60,0.003040243,12,5,10,,,,,
small,10,3,3,10,942,genetic_greedy,area,success,60,0.179409417,12,5,10,12567,86,487,0.006843319805840694,5.662790697674419
small,10,3,3,10,942,genetic_stochastic,area,success,60,0.203615308,12,5,10,12595,320,1636,0.02540690750297737,5.1125
small,10,3,3,1,42,merge_greedy,area,success,77,0.020981766,11,7,10,,,,,
small,10,3,3,2,142,merge_greedy,area,success,72,0.019780006,8,9,10,,,,,
small,10,3,3,3,242,merge_greedy,area,success,63,0.014237752,9,7,10,,,,,
small,10,3,3,4,342,merge_greedy,area,success,64,0.016300948,8,8,10,,,,,
small,10,3,3,5,442,merge_greedy,area,success,81,0.021866043,9,9,10,,,,,
small,10,3,3,6,542,merge_greedy,area,success,88,0.018520807,11,8,10,,,,,
small,10,3,3,7,642,merge_greedy,area,success,63,0.016272426,7,9,10,,,,,
small,10,3,3,8,742,merge_greedy,area,success,72,0.017436747,9,8,10,,,,,
small,10,3,3,9,842,merge_greedy,area,success,66,0.017461106,6,11,10,,,,,
small,10,3,3,10,942,merge_greedy,area,success,72,0.022643236,9,8,10,,,,,
small,10,3,3,1,42,beam_search,area,success,69,0.094257152,23,3,10,,,,,
small,10,3,3,2,142,beam_search,area,success,66,0.077602938,11,6,10,,,,,
small,10,3,3,3,242,beam_search,area,success,64,0.082489236,16,4,10,,,,,
small,10,3,3,4,342,beam_search,area,success,64,0.085754443,8,8,10,,,,,
small,10,3,3,5,442,beam_search,area,success,68,0.087298426,17,4,10,,,,,
small,10,3,3,6,542,beam_search,area,success,63,0.08218775,9,7,10,,,,,
small,10,3,3,7,642,beam_search,area,success,60,0.09180827,4,15,10,,,,,
small,10,3,3,8,742,beam_search,area,success,54,0.08201584,9,6,10,,,,,
small,10,3,3,9,842,beam_search,area,success,56,0.088733282,14,4,10,,,,,
small,10,3,3,10,942,beam_search,area,success,60,0.08535069,12,5,10,,,,,
small,10,3,3,2,142,cplex,area,feasible,77,300.433681851,7,11,10,,,,,
small,10,3,3,3,242,cplex,area,feasible,64,300.464420263,8,8,10,,,,,
small,6,5,5,1,42,greedy,area,success,145,0.026943065,29,5,6,,,,,
small,6,5,5,1,42,stochastic_greedy,area,success,140,0.026354118,28,5,6,,,,,
small,6,5,5,1,42,genetic_greedy,area,success,140,0.414904011,28,5,6,12548,37,65,0.002948677080012751,1.7567567567567568
small,6,5,5,1,42,genetic_stochastic,area,success,140,0.772764294,28,5,6,12572,243,693,0.01932866687877824,2.8518518518518516
small,6,5,5,2,142,greedy,area,success,145,0.027372713,5,29,6,,,,,
small,6,5,5,2,142,stochastic_greedy,area,success,145,0.028666877,5,29,6,,,,,
small,6,5,5,2,142,genetic_greedy,area,success,145,0.610543671,5,29,6,12689,125,454,0.009851052092363465,3.632
small,6,5,5,2,142,genetic_stochastic,area,success,145,1.136009641,5,29,6,12675,620,2019,0.04891518737672584,3.2564516129032257
small,6,5,5,3,242,greedy,area,success,145,0.025588404,5,29,6,,,,,
small,6,5,5,3,242,stochastic_greedy,area,success,145,0.028266902,5,29,6,,,,,
small,6,5,5,3,242,genetic_greedy,area,success,145,0.712852786,5,29,6,12648,296,842,0.02340290955091714,2.8445945945945947
small,6,5,5,3,242,genetic_stochastic,area,success,140,0.847290094,28,5,6,12611,363,1183,0.028784394576163667,3.2589531680440773
small,6,5,5,4,342,greedy,area,success,145,0.024538322,29,5,6,,,,,
small,6,5,5,4,342,stochastic_greedy,area,success,145,0.026338634,29,5,6,,,,,
small,6,5,5,4,342,genetic_greedy,area,success,145,0.400815375,29,5,6,12674,27,74,0.002130345589395613,2.740740740740741
small,6,5,5,4,342,genetic_stochastic,area,success,145,1.221992803,29,5,6,12542,707,2350,0.05637059480146707,3.323903818953324
small,6,5,5,5,442,greedy,area,success,140,0.02293458,5,28,6,,,,,
small,6,5,5,5,442,stochastic_greedy,area,success,140,0.023199354,5,28,6,,,,,
small,6,5,5,5,442,genetic_greedy,area,success,140,0.300143844,5,28,6,12561,0,0,0.0,
small,6,5,5,5,442,genetic_stochastic,area,success,140,1.017112419,5,28,6,12640,524,1761,0.041455696202531644,3.3606870229007635
small,6,5,5,6,542,greedy,area,success,140,0.023198585,28,5,6,,,,,
small,6,5,5,6,542,stochastic_greedy,area,success,140,0.033320793,28,5,6,,,,,
small,6,5,5,6,542,genetic_greedy,area,success,140,0.376134641,28,5,6,12561,0,0,0.0,
small,6,5,5,6,542,genetic_stochastic,area,success,140,0.935857964,28,5,6,12593,402,1367,0.03192249662510919,3.400497512437811
small,6,5,5,7,642,greedy,area,success,145,0.026818223,5,29,6,,,,,
small,6,5,5,7,642,stochastic_greedy,area,success,145,0.02487311,5,29,6,,,,,
small,6,5,5,7,642,genetic_greedy,area,success,145,0.54986253,5,29,6,12554,96,273,0.007646965110721682,2.84375
small,6,5,5,7,642,genetic_stochastic,area,success,145,0.991029726,5,29,6,12556,502,1651,0.03998088563236699,3.2888446215139444
small,6,5,5,8,742,greedy,area,success,150,0.027155096,5,30,6,,,,,
small,6,5,5,8,742,stochastic_greedy,area,success,145,0.025873092,5,29,6,,,,,
small,6,5,5,8,742,genetic_greedy,area,success,145,0.490869019,5,29,6,12657,145,228,0.011456111242790551,1.5724137931034483
small,6,5,5,8,742,genetic_stochastic,area,success,145,1.159188699,5,29,6,12555,642,1861,0.051135005973715654,2.898753894080997
small,6,5,5,9,842,greedy,area,success,140,0.023502021,5,28,6,,,,,
small,6,5,5,9,842,stochastic_greedy,area,success,140,0.023193825,5,28,6,,,,,
small,6,5,5,9,842,genetic_greedy,area,success,140,0.355456415,5,28,6,12586,32,76,0.0025425075480692834,2.375
small,6,5,5,9,842,genetic_stochastic,area,success,140,0.683731828,5,28,6,12582,235,829,0.018677475759020824,3.527659574468085
small,6,5,5,10,942,greedy,area,success,145,0.024628923,5,29,6,,,,,
small,6,5,5,10,942,stochastic_greedy,area,success,145,0.027183106,5,29,6,,,,,
small,6,5,5,10,942,genetic_greedy,area,success,145,0.702894715,5,29,6,12716,217,685,0.017065114815979866,3.1566820276497696
small,6,5,5,10,942,genetic_stochastic,area,success,145,1.899027717,5,29,6,12744,1128,3986,0.08851224105461393,3.5336879432624113
small,6,5,5,1,42,merge_greedy,area,success,182,0.031204534,14,13,6,,,,,
small,6,5,5,2,142,merge_greedy,area,success,160,0.027155376,10,16,6,,,,,
small,6,5,5,3,242,merge_greedy,area,success,195,0.029038747,15,13,6,,,,,
small,6,5,5,4,342,merge_greedy,area,success,182,0.031473583,13,14,6,,,,,
small,6,5,5,5,442,merge_greedy,area,success,180,0.028527001,15,12,6,,,,,
small,6,5,5,6,542,merge_greedy,area,success,176,0.024722616,16,11,6,,,,,
small,6,5,5,7,642,merge_greedy,area,success,144,0.029070443,9,16,6,,,,,
small,6,5,5,8,742,merge_greedy,area,success,176,0.024095275,11,16,6,,,,,
small,6,5,5,9,842,merge_greedy,area,success,156,0.024843717,13,12,6,,,,,
small,6,5,5,10,942,merge_greedy,area,success,170,0.027486321,10,17,6,,,,,
small,6,5,5,1,42,beam_search,area,success,140,0.08291738,28,5,6,,,,,
small,6,5,5,2,142,beam_search,area,success,145,0.081211113,5,29,6,,,,,
small,6,5,5,3,242,beam_search,area,success,140,0.076370472,28,5,6,,,,,
small,6,5,5,4,342,beam_search,area,success,145,0.079331053,29,5,6,,,,,
small,6,5,5,5,442,beam_search,area,success,140,0.082352745,5,28,6,,,,,
small,6,5,5,6,542,beam_search,area,success,140,0.077020289,28,5,6,,,,,
small,6,5,5,7,642,beam_search,area,success,145,0.086387477,5,29,6,,,,,
small,6,5,5,8,742,beam_search,area,success,145,0.080266358,5,29,6,,,,,
small,6,5,5,9,842,beam_search,area,success,140,0.074462666,5,28,6,,,,,
small,6,5,5,10,942,beam_search,area,success,145,0.074852665,5,29,6,,,,,
small,6,5,5,6,542,cplex,area,feasible,140,304.818812781,28,5,6,,,,,
small,6,10,10,1,42,greedy,area,success,600,2.75353646,10,60,6,,,,,
small,6,10,10,1,42,stochastic_greedy,area,success,600,2.7225859,60,10,6,,,,,
small,6,10,10,1,42,genetic_greedy,area,success,600,24.333823422,10,60,6,12462,214,354,0.017172203498635852,1.6542056074766356
small,6,10,10,1,42,genetic_stochastic,area,success,600,40.237022088,10,60,6,12712,509,1628,0.040040906230333545,3.1984282907662083
small,6,10,10,2,142,greedy,area,success,600,2.742883411,10,60,6,,,,,
small,6,10,10,2,142,stochastic_greedy,area,success,600,2.704393093,60,10,6,,,,,
small,6,10,10,2,142,genetic_greedy,area,success,590,20.420940925,10,59,6,12590,36,104,0.002859412231930103,2.888888888888889
small,6,10,10,2,142,genetic_stochastic,area,success,590,45.504034562,10,59,6,12548,612,1854,0.04877271278291361,3.0294117647058822
small,6,10,10,3,242,greedy,area,success,600,2.738540994,10,60,6,,,,,
small,6,10,10,3,242,stochastic_greedy,area,success,600,2.701949681,10,60,6,,,,,
small,6,10,10,3,242,genetic_greedy,area,success,600,26.357225655,10,60,6,12588,233,608,0.018509691769939624,2.609442060085837
small,6,10,10,3,242,genetic_stochastic,area,success,600,42.634517081,60,10,6,12612,644,1842,0.05106248017760863,2.860248447204969
small,6,10,10,4,342,greedy,area,success,600,2.718520952,10,60,6,,,,,
small,6,10,10,4,342,stochastic_greedy,area,success,600,2.691198976,60,10,6,,,,,
small,6,10,10,4,342,genetic_greedy,area,success,600,26.142622387,10,60,6,12598,195,470,0.015478647404349897,2.41025641025641
small,6,10,10,4,342,genetic_stochastic,area,success,600,45.494913336,60,10,6,12661,635,1948,0.05015401627043677,3.0677165354330707
small,6,10,10,5,442,greedy,area,success,600,2.718371892,10,60,6,,,,,
small,6,10,10,5,442,stochastic_greedy,area,success,600,2.701640794,60,10,6,,,,,
small,6,10,10,5,442,genetic_greedy,area,success,600,27.735061798,10,60,6,12600,227,527,0.018015873015873016,2.3215859030837005
small,6,10,10,5,442,genetic_stochastic,area,success,600,52.642832267,60,10,6,12689,823,2251,0.06485932697612105,2.7351154313487243
small,6,10,10,6,542,greedy,area,success,600,2.727161928,10,60,6,,,,,
small,6,10,10,6,542,stochastic_greedy,area,success,600,2.707616591,10,60,6,,,,,
small,6,10,10,6,542,genetic_greedy,area,success,600,28.101995176,10,60,6,12691,259,569,0.02040816326530612,2.1969111969111967
small,6,10,10,6,542,genetic_stochastic,area,success,600,44.016222675,10,60,6,12592,728,2023,0.05781448538754765,2.7788461538461537
small,6,10,10,7,642,greedy,area,success,600,2.731263524,10,60,6,,,,,
small,6,10,10,7,642,stochastic_greedy,area,success,600,2.713515268,10,60,6,,,,,
small,6,10,10,7,642,genetic_greedy,area,success,600,25.741713326,10,60,6,12599,246,561,0.01952535915548853,2.2804878048780486
small,6,10,10,7,642,genetic_stochastic,area,success,600,40.264197512,10,60,6,12685,514,1573,0.04052029956641703,3.0603112840466924
small,6,10,10,8,742,greedy,area,success,590,2.632632329,59,10,6,,,,,
small,6,10,10,8,742,stochastic_greedy,area,success,590,2.595665341,59,10,6,,,,,
small,6,10,10,8,742,genetic_greedy,area,success,590,19.81117654,59,10,6,12613,29,61,0.0022992150955363513,2.103448275862069
small,6,10,10,8,742,genetic_stochastic,area,success,590,51.343763994,59,10,6,12617,749,2500,0.05936434968693033,3.3377837116154874
small,6,10,10,9,842,greedy,area,success,600,2.729369502,10,60,6,,,,,
small,6,10,10,9,842,stochastic_greedy,area,success,600,2.723144816,10,60,6,,,,,
small,6,10,10,9,842,genetic_greedy,area,success,600,29.435753226,10,60,6,12609,267,605,0.0211753509398049,2.2659176029962547
small,6,10,10,9,842,genetic_stochastic,area,success,600,42.514796086,60,10,6,12617,588,1670,0.04660378853927241,2.8401360544217686
small,6,10,10,10,942,greedy,area,success,600,2.723435732,10,60,6,,,,,
small,6,10,10,10,942,stochastic_greedy,area,success,600,2.704214126,10,60,6,,,,,
small,6,10,10,10,942,genetic_greedy,area,success,600,30.433630293,10,60,6,12605,269,781,0.02134073780245934,2.903345724907063
small,6,10,10,10,942,genetic_stochastic,area,success,600,44.93286701,10,60,6,12507,620,1828,0.049572239545854324,2.9483870967741934
small,8,5,5,1,42,greedy,area,success,185,0.059970021,37,5,8,,,,,
small,8,5,5,1,42,stochastic_greedy,area,success,190,0.052843027,38,5,8,,,,,
small,8,5,5,1,42,genetic_greedy,area,success,185,0.689151243,37,5,8,12696,60,219,0.004725897920604915,3.65
small,8,5,5,1,42,genetic_stochastic,area,success,185,1.873240978,37,5,8,12677,419,1971,0.03305198390786464,4.7040572792362765
small,8,5,5,2,142,greedy,area,success,190,0.048646064,5,38,8,,,,,
small,8,5,5,2,142,stochastic_greedy,area,success,190,0.057468604,5,38,8,,,,,
small,8,5,5,2,142,genetic_greedy,area,success,190,0.726675852,5,38,8,12709,68,193,0.005350538988118656,2.838235294117647
small,8,5,5,2,142,genetic_stochastic,area,success,190,1.817632364,5,38,8,12561,444,2115,0.035347504179603535,4.763513513513513
small,8,5,5,3,242,greedy,area,success,195,0.050672514,5,39,8,,,,,
small,8,5,5,3,242,stochastic_greedy,area,success,195,0.050635246,5,39,8,,,,,
small,8,5,5,3,242,genetic_greedy,area,success,190,0.880318102,38,5,8,12657,205,631,0.01619657106739354,3.078048780487805
small,8,5,5,3,242,genetic_stochastic,area,success,185,1.7470401,37,5,8,12659,396,1795,0.031282091792400664,4.532828282828283
small,8,5,5,4,342,greedy,area,success,190,0.048337683,38,5,8,,,,,
small,8,5,5,4,342,stochastic_greedy,area,success,195,0.050531391,39,5,8,,,,,
small,8,5,5,4,342,genetic_greedy,area,success,190,1.046147039,38,5,8,12651,122,516,0.009643506442178484,4.229508196721311
small,8,5,5,4,342,genetic_stochastic,area,success,190,2.419878985,38,5,8,12452,619,2752,0.049710889816896885,4.445880452342488
small,8,5,5,5,442,greedy,area,success,190,0.048028227,5,38,8,,,,,
small,8,5,5,5,442,stochastic_greedy,area,success,190,0.047956271,5,38,8,,,,,
small,8,5,5,5,442,genetic_greedy,area,success,190,0.822130738,5,38,8,12615,102,413,0.008085612366230678,4.049019607843137
small,8,5,5,5,442,genetic_stochastic,area,success,190,2.538526161,5,38,8,12728,772,3337,0.0606536769327467,4.322538860103627
small,8,5,5,6,542,greedy,area,success,190,0.050636738,38,5,8,,,,,
small,8,5,5,6,542,stochastic_greedy,area,success,190,0.047574077,38,5,8,,,,,
small,8,5,5,6,542,genetic_greedy,area,success,190,0.705142519,38,5,8,12661,28,81,0.0022115156780665034,2.892857142857143
small,8,5,5,6,542,genetic_stochastic,area,success,190,2.335985716,38,5,8,12649,542,2571,0.04284923709384141,4.743542435424354
small,8,5,5,7,642,greedy,area,success,200,0.054663647,5,40,8,,,,,
small,8,5,5,7,642,stochastic_greedy,area,success,200,0.054396912,5,40,8,,,,,
small,8,5,5,7,642,genetic_greedy,area,success,195,0.841172835,5,39,8,12596,125,298,0.00992378532867577,2.384
small,8,5,5,7,642,genetic_stochastic,area,success,195,3.424952932,39,5,8,12554,995,4629,0.07925760713716744,4.6522613065326635
small,8,5,5,8,742,greedy,area,success,200,0.068716692,5,40,8,,,,,
small,8,5,5,8,742,stochastic_greedy,area,success,200,0.06241899,40,5,8,,,,,
small,8,5,5,8,742,genetic_greedy,area,success,195,1.203523509,5,39,8,12647,485,830,0.038349015576816636,1.711340206185567
small,8,5,5,8,742,genetic_stochastic,area,success,195,2.816602791,5,39,8,12589,901,3972,0.07157041861942966,4.408435072142065
small,8,5,5,9,842,greedy,area,success,190,0.047704685,5,38,8,,,,,
small,8,5,5,9,842,stochastic_greedy,area,success,190,0.053542217,5,38,8,,,,,
small,8,5,5,9,842,genetic_greedy,area,success,190,0.817763,5,38,8,12675,69,228,0.00544378698224852,3.3043478260869565
small,8,5,5,9,842,genetic_stochastic,area,success,190,3.199702396,5,38,8,12593,1027,4432,0.08155324386563964,4.315481986368062
small,8,5,5,10,942,greedy,area,success,222,0.056663677,37,6,8,,,,,
small,8,5,5,10,942,stochastic_greedy,area,success,222,0.054157327,37,6,8,,,,,
small,8,5,5,10,942,genetic_greedy,area,success,190,0.741876122,5,38,8,12443,23,122,0.0018484288354898336,5.304347826086956
small,8,5,5,10,942,genetic_stochastic,area,success,190,2.550624252,5,38,8,12594,693,3329,0.05502620295378752,4.803751803751804
small,8,5,5,1,42,merge_greedy,area,success,216,0.075266314,18,12,8,,,,,
small,8,5,5,2,142,merge_greedy,area,success,210,0.091715599,10,21,8,,,,,
small,8,5,5,3,242,merge_greedy,area,success,224,0.070245162,16,14,8,,,,,
small,8,5,5,4,342,merge_greedy,area,success,238,0.084625215,17,14,8,,,,,
small,8,5,5,5,442,merge_greedy,area,success,221,0.07133195,13,17,8,,,,,
small,8,5,5,6,542,merge_greedy,area,success,238,0.085965632,14,17,8,,,,,
small,8,5,5,7,642,merge_greedy,area,success,228,0.096647899,12,19,8,,,,,
small,8,5,5,8,742,merge_greedy,area,success,240,0.083027939,16,15,8,,,,,
small,8,5,5,9,842,merge_greedy,area,success,220,0.093074033,22,10,8,,,,,
small,8,5,5,10,942,merge_greedy,area,success,200,0.088924107,20,10,8,,,,,
small,8,5,5,1,42,beam_search,area,success,185,0.222472492,37,5,8,,,,,
small,8,5,5,2,142,beam_search,area,success,190,0.221312301,5,38,8,,,,,
small,8,5,5,3,242,beam_search,area,success,185,0.220686685,37,5,8,,,,,
small,8,5,5,4,342,beam_search,area,success,190,0.222407005,38,5,8,,,,,
small,8,5,5,5,442,beam_search,area,success,190,0.212580157,5,38,8,,,,,
small,8,5,5,6,542,beam_search,area,success,190,0.220525474,38,5,8,,,,,
small,8,5,5,7,642,beam_search,area,success,195,0.215805431,39,5,8,,,,,
small,8,5,5,8,742,beam_search,area,success,195,0.228785806,5,39,8,,,,,
small,8,5,5,9,842,beam_search,area,success,190,0.216242579,5,38,8,,,,,
small,8,5,5,10,942,beam_search,area,success,190,0.215546507,5,38,8,,,,,
small,8,10,10,1,42,greedy,area,success,800,5.984998607,10,80,8,,,,,
small,8,10,10,1,42,stochastic_greedy,area,success,800,5.960023487,80,10,8,,,,,
small,8,10,10,1,42,genetic_greedy,area,success,800,55.910105894,10,80,8,12619,314,900,0.02488311276646327,2.8662420382165603
small,8,10,10,1,42,genetic_stochastic,area,success,800,88.617777382,80,10,8,12639,568,2500,0.044940264261413086,4.401408450704225
small,8,10,10,2,142,greedy,area,success,800,5.975646503,10,80,8,,,,,
small,8,10,10,2,142,stochastic_greedy,area,success,800,5.981121095,80,10,8,,,,,
small,8,10,10,2,142,genetic_greedy,area,success,790,45.672484627,10,79,8,12635,72,257,0.005698456667985754,3.5694444444444446
small,8,10,10,2,142,genetic_stochastic,area,success,790,103.898369582,10,79,8,12579,862,3830,0.06852690992924716,4.443155452436195
small,8,10,10,3,242,greedy,area,success,800,5.981604148,10,80,8,,,,,
small,8,10,10,3,242,stochastic_greedy,area,success,800,5.957544211,80,10,8,,,,,
small,8,10,10,3,242,genetic_greedy,area,success,800,59.889074981,10,80,8,12629,329,992,0.026051152110222502,3.0151975683890577
small,8,10,10,3,242,genetic_stochastic,area,success,800,110.343216793,10,80,8,12622,821,3659,0.06504515924576137,4.456760048721072
small,8,10,10,4,342,greedy,area,success,800,5.978055188,10,80,8,,,,,
small,8,10,10,4,342,stochastic_greedy,area,success,800,5.970035259,80,10,8,,,,,
small,8,10,10,4,342,genetic_greedy,area,success,800,70.063221458,10,80,8,12600,392,1179,0.03111111111111111,3.00765306122449
small,8,10,10,4,342,genetic_stochastic,area,success,800,114.515080129,80,10,8,12619,1072,4420,0.08495126396703384,4.123134328358209
small,8,10,10,5,442,greedy,area,success,800,5.989233307,10,80,8,,,,,
small,8,10,10,5,442,stochastic_greedy,area,success,800,5.981391366,80,10,8,,,,,
small,8,10,10,5,442,genetic_greedy,area,success,800,58.145051776,10,80,8,12553,272,841,0.021668127140922488,3.0919117647058822
small,8,10,10,5,442,genetic_stochastic,area,success,800,104.571309702,10,80,8,12583,769,3467,0.061114201700707305,4.508452535760728
small,8,10,10,6,542,greedy,area,success,800,5.966108112,10,80,8,,,,,
small,8,10,10,6,542,stochastic_greedy,area,success,800,5.971588838,10,80,8,,,,,
small,8,10,10,6,542,genetic_greedy,area,success,800,68.242604347,10,80,8,12526,631,1788,0.05037521954334983,2.8335974643423136
small,8,10,10,6,542,genetic_stochastic,area,success,800,97.89318329,10,80,8,12615,731,2890,0.05794688862465319,3.953488372093023
small,8,10,10,7,642,greedy,area,success,800,5.990021573,10,80,8,,,,,
small,8,10,10,7,642,stochastic_greedy,area,success,800,5.984308492,10,80,8,,,,,
small,8,10,10,7,642,genetic_greedy,area,success,800,88.528705289,10,80,8,12423,571,1938,0.045963132898655716,3.394045534150613
small,8,10,10,7,642,genetic_stochastic,area,success,800,91.739404598,10,80,8,12636,527,2542,0.041706236150680594,4.823529411764706
small,8,10,10,8,742,greedy,area,success,790,5.78068494,79,10,8,,,,,
small,8,10,10,8,742,stochastic_greedy,area,success,790,5.780282496,79,10,8,,,,,
small,8,10,10,8,742,genetic_greedy,area,success,790,46.579314836,79,10,8,12535,58,183,0.004627044276027124,3.1551724137931036
small,8,10,10,8,742,genetic_stochastic,area,success,790,118.465086496,79,10,8,12590,830,4090,0.0659253375694996,4.927710843373494
small,8,10,10,9,842,greedy,area,success,800,5.978854837,10,80,8,,,,,
small,8,10,10,9,842,stochastic_greedy,area,success,800,5.957553255,80,10,8,,,,,
small,8,10,10,9,842,genetic_greedy,area,success,800,85.224765806,10,80,8,12557,519,1771,0.04133152823126543,3.41233140655106
small,8,10,10,9,842,genetic_stochastic,area,success,800,112.419402046,80,10,8,12710,847,3594,0.06664044059795436,4.243211334120425
small,8,10,10,10,942,greedy,area,success,800,5.9936207,10,80,8,,,,,
small,8,10,10,10,942,stochastic_greedy,area,success,800,5.982663332,80,10,8,,,,,
small,8,10,10,10,942,genetic_greedy,area,success,800,71.598487826,10,80,8,12553,378,1066,0.0301123237473114,2.82010582010582
small,8,10,10,10,942,genetic_stochastic,area,success,800,97.234863333,80,10,8,12627,676,2959,0.05353607349330799,4.377218934911243
small,10,5,5,1,42,greedy,area,success,235,0.088410601,47,5,10,,,,,
small,10,5,5,1,42,stochastic_greedy,area,success,240,0.087567913,48,5,10,,,,,
small,10,5,5,1,42,genetic_greedy,area,success,235,1.322207356,47,5,10,12608,60,214,0.004758883248730965,3.566666666666667
small,10,5,5,1,42,genetic_stochastic,area,success,235,4.6030495,47,5,10,12605,849,4295,0.06735422451408171,5.058892815076561
small,10,5,5,2,142,greedy,area,success,240,0.088090231,5,48,10,,,,,
small,10,5,5,2,142,stochastic_greedy,area,success,240,0.087691006,5,48,10,,,,,
small,10,5,5,2,142,genetic_greedy,area,success,235,1.4364255,5,47,10,12558,66,301,0.005255613951266125,4.5606060606060606
small,10,5,5,2,142,genetic_stochastic,area,success,235,4.355608521,5,47,10,12617,665,4129,0.052706665609891415,6.209022556390978
small,10,5,5,3,242,greedy,area,success,245,0.097917204,5,49,10,,,,,
small,10,5,5,3,242,stochastic_greedy,area,success,245,0.092579042,5,49,10,,,,,
small,10,5,5,3,242,genetic_greedy,area,success,240,1.718957233,48,5,10,12530,238,690,0.01899441340782123,2.899159663865546
small,10,5,5,3,242,genetic_stochastic,area,success,235,4.890114362,47,5,10,12527,826,4771,0.06593757483834917,5.776029055690072
small,10,5,5,4,342,greedy,area,success,235,0.087082108,47,5,10,,,,,
small,10,5,5,4,342,stochastic_greedy,area,success,240,0.091264354,48,5,10,,,,,
small,10,5,5,4,342,genetic_greedy,area,success,235,1.214208236,47,5,10,12620,37,80,0.002931854199683043,2.1621621621621623
small,10,5,5,4,342,genetic_stochastic,area,success,235,4.768413732,47,5,10,12630,628,4229,0.04972288202692003,6.734076433121019
small,10,5,5,5,442,greedy,area,success,240,0.088150306,5,48,10,,,,,
small,10,5,5,5,442,stochastic_greedy,area,success,235,0.083231244,5,47,10,,,,,
small,10,5,5,5,442,genetic_greedy,area,success,235,1.815063301,5,47,10,12646,130,632,0.010279930412778745,4.861538461538461
small,10,5,5,5,442,genetic_stochastic,area,success,235,6.551787347,5,47,10,12633,1226,6737,0.09704741549908968,5.49510603588907
small,10,5,5,6,542,greedy,area,success,235,0.082976217,47,5,10,,,,,
small,10,5,5,6,542,stochastic_greedy,area,success,240,0.087271733,48,5,10,,,,,
small,10,5,5,6,542,genetic_greedy,area,success,235,1.302686014,47,5,10,12506,36,179,0.002878618263233648,4.972222222222222
small,10,5,5,6,542,genetic_stochastic,area,success,235,5.011250833,47,5,10,12518,777,4739,0.062070618309634125,6.099099099099099
small,10,5,5,7,642,greedy,area,success,250,0.09691251,5,50,10,,,,,
small,10,5,5,7,642,stochastic_greedy,area,success,250,0.097185958,5,50,10,,,,,
small,10,5,5,7,642,genetic_greedy,area,success,245,1.879438011,5,49,10,12604,238,705,0.018882894319263727,2.96218487394958
small,10,5,5,7,642,genetic_stochastic,area,success,245,5.20850815,5,49,10,12494,728,4507,0.05826796862493997,6.190934065934066
small,10,5,5,8,742,greedy,area,success,245,0.092151918,5,49,10,,,,,
small,10,5,5,8,742,stochastic_greedy,area,success,250,0.097923939,50,5,10,,,,,
small,10,5,5,8,742,genetic_greedy,area,success,245,1.799284351,5,49,10,12645,140,575,0.011071569790431,4.107142857142857
small,10,5,5,8,742,genetic_stochastic,area,success,245,6.18700595,5,49,10,12658,974,5938,0.07694738505293096,6.096509240246407
small,10,5,5,9,842,greedy,area,success,230,0.079030611,5,46,10,,,,,
small,10,5,5,9,842,stochastic_greedy,area,success,230,0.082965129,5,46,10,,,,,
small,10,5,5,9,842,genetic_greedy,area,success,225,1.079213584,5,45,10,12606,35,106,0.002776455656036808,3.0285714285714285
small,10,5,5,9,842,genetic_stochastic,area,success,225,3.053998962,5,45,10,12638,465,2748,0.036793796486785886,5.909677419354839
small,10,5,5,10,942,greedy,area,success,245,0.092737085,5,49,10,,,,,
small,10,5,5,10,942,stochastic_greedy,area,success,240,0.087556919,5,48,10,,,,,
small,10,5,5,10,942,genetic_greedy,area,success,240,1.731332319,5,48,10,12625,92,458,0.0072871287128712875,4.978260869565218
small,10,5,5,10,942,genetic_stochastic,area,success,235,5.128043323,5,47,10,12561,809,4731,0.06440570018310644,5.847960444993819
small,10,5,5,1,42,merge_greedy,area,success,242,0.202627746,22,11,10,,,,,
small,10,5,5,2,142,merge_greedy,area,success,280,0.195808343,20,14,10,,,,,
small,10,5,5,3,242,merge_greedy,area,success,304,0.197775533,16,19,10,,,,,
small,10,5,5,4,342,merge_greedy,area,success,288,0.197755092,18,16,10,,,,,
small,10,5,5,5,442,merge_greedy,area,success,252,0.156456877,12,21,10,,,,,
small,10,5,5,6,542,merge_greedy,area,success,289,0.196369833,17,17,10,,,,,
small,10,5,5,7,642,merge_greedy,area,success,285,0.203790847,19,15,10,,,,,
small,10,5,5,8,742,merge_greedy,area,success,299,0.208148937,13,23,10,,,,,
small,10,5,5,9,842,merge_greedy,area,success,256,0.194892604,16,16,10,,,,,
small,10,5,5,10,942,merge_greedy,area,success,275,0.261291007,25,11,10,,,,,
small,10,5,5,1,42,beam_search,area,success,235,0.499978539,47,5,10,,,,,
small,10,5,5,2,142,beam_search,area,success,235,0.511476038,5,47,10,,,,,
small,10,5,5,3,242,beam_search,area,success,235,0.506544242,47,5,10,,,,,
small,10,5,5,4,342,beam_search,area,success,235,0.50832479,47,5,10,,,,,
small,10,5,5,5,442,beam_search,area,success,235,0.505023999,47,5,10,,,,,
small,10,5,5,6,542,beam_search,area,success,235,0.503868967,47,5,10,,,,,
small,10,5,5,7,642,beam_search,area,success,245,0.517903462,49,5,10,,,,,
small,10,5,5,8,742,beam_search,area,success,245,0.525892863,49,5,10,,,,,
small,10,5,5,9,842,beam_search,area,success,225,0.516818569,5,45,10,,,,,
small,10,5,5,10,942,beam_search,area,success,235,0.511400097,5,47,10,,,,,
small,10,10,10,1,42,greedy,area,success,1000,11.168217635,10,100,10,,,,,
small,10,10,10,1,42,stochastic_greedy,area,success,1000,11.148887457,10,100,10,,,,,
small,10,10,10,1,42,genetic_greedy,area,success,1000,128.471379145,10,100,10,12651,358,1668,0.028298158248359812,4.659217877094972
small,10,10,10,1,42,genetic_stochastic,area,success,1000,178.514924606,10,100,10,12662,646,3666,0.0510187963986732,5.674922600619195
small,10,10,10,2,142,greedy,area,success,1000,11.15986172,10,100,10,,,,,
small,10,10,10,2,142,stochastic_greedy,area,success,1000,11.150637629,10,100,10,,,,,
small,10,10,10,2,142,genetic_greedy,area,success,990,88.070395472,10,99,10,12669,76,332,0.0059988949404057145,4.368421052631579
small,10,10,10,2,142,genetic_stochastic,area,success,990,176.478473065,10,99,10,12588,552,3017,0.0438512869399428,5.465579710144928
small,10,10,10,3,242,greedy,area,success,1000,11.177696313,10,100,10,,,,,
small,10,10,10,3,242,stochastic_greedy,area,success,1000,11.099288571,100,10,10,,,,,
small,10,10,10,3,242,genetic_greedy,area,success,1000,115.621920588,10,100,10,12514,383,1547,0.030605721591817164,4.039164490861618
small,10,10,10,3,242,genetic_stochastic,area,success,1000,145.082442709,100,10,10,12585,415,2506,0.03297576479936432,6.03855421686747
small,10,10,10,4,342,greedy,area,success,1000,11.165399593,10,100,10,,,,,
small,10,10,10,4,342,stochastic_greedy,area,success,1000,11.087344111,100,10,10,,,,,
small,10,10,10,4,342,genetic_greedy,area,success,1000,130.934308311,10,100,10,12691,382,1649,0.030100070916397447,4.316753926701571
small,10,10,10,4,342,genetic_stochastic,area,success,1000,171.118190317,10,100,10,12628,678,3708,0.053690212226797596,5.469026548672566
small,10,10,10,5,442,greedy,area,success,1000,11.123498108,10,100,10,,,,,
small,10,10,10,5,442,stochastic_greedy,area,success,1000,11.106792425,100,10,10,,,,,
small,10,10,10,5,442,genetic_greedy,area,success,1000,107.621505005,10,100,10,12599,223,864,0.017699817445829033,3.874439461883408
small,10,10,10,5,442,genetic_stochastic,area,success,1000,209.657394794,100,10,10,12584,809,4865,0.0642879847425302,6.013597033374537
small,10,10,10,6,542,greedy,area,success,1000,11.142665081,10,100,10,,,,,
small,10,10,10,6,542,stochastic_greedy,area,success,1000,11.126921709,10,100,10,,,,,
small,10,10,10,6,542,genetic_greedy,area,success,1000,125.932203112,10,100,10,12576,399,1665,0.03172709923664122,4.172932330827067
small,10,10,10,6,542,genetic_stochastic,area,success,1000,182.408545145,100,10,10,12508,718,4273,0.05740326191237608,5.951253481894151
small,10,10,10,7,642,greedy,area,success,1000,11.149723522,10,100,10,,,,,
small,10,10,10,7,642,stochastic_greedy,area,success,1000,11.143324514,10,100,10,,,,,
small,10,10,10,7,642,genetic_greedy,area,success,1000,111.152002336,10,100,10,12582,387,1345,0.030758226037195996,3.4754521963824287
small,10,10,10,7,642,genetic_stochastic,area,success,1000,217.258616023,10,100,10,12629,913,5421,0.0722939266766965,5.937568455640744
small,10,10,10,8,742,greedy,area,success,990,10.807275001,99,10,10,,,,,
small,10,10,10,8,742,stochastic_greedy,area,success,990,10.801274764,99,10,10,,,,,
small,10,10,10,8,742,genetic_greedy,area,success,990,88.992212847,99,10,10,12483,99,392,0.007930785868781542,3.95959595959596
small,10,10,10,8,742,genetic_stochastic,area,success,990,205.488732073,99,10,10,12502,752,4786,0.06015037593984962,6.36436170212766
small,10,10,10,9,842,greedy,area,success,1000,11.162957752,10,100,10,,,,,
small,10,10,10,9,842,stochastic_greedy,area,success,1000,11.158696245,10,100,10,,,,,
small,10,10,10,9,842,genetic_greedy,area,success,1000,111.495168713,10,100,10,12672,387,1231,0.030539772727272728,3.1808785529715764
small,10,10,10,9,842,genetic_stochastic,area,success,1000,162.802415621,100,10,10,12706,581,3247,0.04572642845899575,5.588640275387263
small,10,10,10,10,942,greedy,area,success,1000,11.161931741,10,100,10,,,,,
small,10,10,10,10,942,stochastic_greedy,area,success,1000,11.088044298,100,10,10,,,,,
small,10,10,10,10,942,genetic_greedy,area,success,1000,138.637616297,10,100,10,12638,554,2078,0.043836050007912644,3.7509025270758123
small,10,10,10,10,942,genetic_stochastic,area,success,1000,199.532251773,100,10,10,12500,634,4226,0.05072,6.665615141955836
small,6,2,4,1,42,merge_greedy,area,success,32,0.003825693,8,4,6,,,,,
small,6,2,4,1,42,greedy,area,success,30,0.001688412,10,3,6,,,,,
small,6,2,4,1,42,stochastic_greedy,area,success,32,0.002200978,8,4,6,,,,,
small,6,2,4,1,42,genetic_greedy,area,success,30,0.074227309,10,3,6,12589,50,73,0.003971721344030503,1.46
small,6,2,4,1,42,genetic_stochastic,area,success,30,0.081718925,10,3,6,12571,99,149,0.00787526847506165,1.505050505050505
small,6,2,4,1,42,beam_search,area,success,30,0.015076483,10,3,6,,,,,
small,6,2,4,2,142,merge_greedy,area,success,40,0.005458232,8,5,6,,,,,
small,6,2,4,2,142,greedy,area,success,44,0.003240598,4,11,6,,,,,
small,6,2,4,2,142,stochastic_greedy,area,success,45,0.00400154,5,9,6,,,,,
small,6,2,4,2,142,genetic_greedy,area,success,40,0.118869391,5,8,6,12518,29,108,0.0023166640038344783,3.7241379310344827
small,6,2,4,2,142,genetic_stochastic,area,success,36,0.090315509,9,4,6,12551,259,460,0.02063580591187953,1.776061776061776
small,6,2,4,2,142,beam_search,area,success,40,0.016234018,8,5,6,,,,,
small,6,2,4,3,242,merge_greedy,area,success,35,0.003639781,7,5,6,,,,,
small,6,2,4,3,242,greedy,area,success,35,0.001432317,7,5,6,,,,,
small,6,2,4,3,242,stochastic_greedy,area,success,36,0.001807432,9,4,6,,,,,
small,6,2,4,3,242,genetic_greedy,area,success,35,0.101046579,7,5,6,12554,5,7,0.0003982794328500876,1.4
small,6,2,4,3,242,genetic_stochastic,area,success,35,0.07249014,7,5,6,12713,240,295,0.018878313537324,1.2291666666666667
small,6,2,4,3,242,beam_search,area,success,36,0.016245425,18,2,6,,,,,
small,6,2,4,4,342,merge_greedy,area,success,36,0.003560311,9,4,6,,,,,
small,6,2,4,4,342,greedy,area,success,36,0.002284303,4,9,6,,,,,
small,6,2,4,4,342,stochastic_greedy,area,success,36,0.002652155,9,4,6,,,,,
small,6,2,4,4,342,genetic_greedy,area,success,35,0.119042579,7,5,6,12591,300,379,0.02382654276864427,1.2633333333333334
small,6,2,4,4,342,genetic_stochastic,area,success,35,0.117562297,7,5,6,12631,645,1374,0.05106484047185496,2.130232558139535
small,6,2,4,4,342,beam_search,area,success,35,0.014623096,7,5,6,,,,,
small,6,2,4,5,442,merge_greedy,area,success,42,0.00329071,6,7,6,,,,,
small,6,2,4,5,442,greedy,area,success,32,0.001285426,4,8,6,,,,,
small,6,2,4,5,442,stochastic_greedy,area,success,32,0.001944059,4,8,6,,,,,
small,6,2,4,5,442,genetic_greedy,area,success,32,0.089673079,4,8,6,12570,0,0,0.0,
small,6,2,4,5,442,genetic_stochastic,area,success,32,0.077907825,4,8,6,12653,113,443,0.008930688374298586,3.920353982300885
small,6,2,4,5,442,beam_search,area,success,32,0.014494629,4,8,6,,,,,
small,6,2,4,6,542,merge_greedy,area,success,40,0.005470964,10,4,6,,,,,
small,6,2,4,6,542,greedy,area,success,36,0.001911156,18,2,6,,,,,
small,6,2,4,6,542,stochastic_greedy,area,success,36,0.001867287,18,2,6,,,,,
small,6,2,4,6,542,genetic_greedy,area,success,36,0.090078145,18,2,6,12612,20,28,0.001585791309863622,1.4
small,6,2,4,6,542,genetic_stochastic,area,success,36,0.148162238,18,2,6,12623,793,1259,0.06282183316168898,1.5876418663303908
small,6,2,4,6,542,beam_search,area,success,36,0.018892651,18,2,6,,,,,
small,6,2,4,7,642,merge_greedy,area,success,36,0.004109109,9,4,6,,,,,
small,6,2,4,7,642,greedy,area,success,33,0.002107398,11,3,6,,,,,
small,6,2,4,7,642,stochastic_greedy,area,success,30,0.001655417,6,5,6,,,,,
small,6,2,4,7,642,genetic_greedy,area,success,30,0.086743642,6,5,6,12537,5,10,0.0003988194942968812,2.0
small,6,2,4,7,642,genetic_stochastic,area,success,30,0.067390097,6,5,6,12595,0,0,0.0,
small,6,2,4,7,642,beam_search,area,success,30,0.015799911,6,5,6,,,,,
small,6,2,4,8,742,merge_greedy,area,success,35,0.004141865,7,5,6,,,,,
small,6,2,4,8,742,greedy,area,success,36,0.002504525,9,4,6,,,,,
small,6,2,4,8,742,stochastic_greedy,area,success,34,0.002364612,17,2,6,,,,,
small,6,2,4,8,742,genetic_greedy,area,success,34,0.099612327,17,2,6,12629,0,0,0.0,
small,6,2,4,8,742,genetic_stochastic,area,success,34,0.117759224,17,2,6,12642,251,1004,0.019854453409270684,4.0
small,6,2,4,8,742,beam_search,area,success,32,0.017681613,8,4,6,,,,,
small,6,2,4,9,842,merge_greedy,area,success,40,0.0040346,8,5,6,,,,,
small,6,2,4,9,842,greedy,area,success,42,0.001903805,6,7,6,,,,,
small,6,2,4,9,842,stochastic_greedy,area,success,40,0.002086197,8,5,6,,,,,
small,6,2,4,9,842,genetic_greedy,area,success,38,0.128432712,19,2,6,12615,301,528,0.023860483551327784,1.7541528239202657
small,6,2,4,9,842,genetic_stochastic,area,success,32,0.123962008,8,4,6,12613,594,1577,0.04709426781891699,2.654882154882155
small,6,2,4,9,842,beam_search,area,success,36,0.015592153,12,3,6,,,,,
small,6,2,4,10,942,merge_greedy,area,success,30,0.003538611,10,3,6,,,,,
small,6,2,4,10,942,greedy,area,success,35,0.001801121,7,5,6,,,,,
small,6,2,4,10,942,stochastic_greedy,area,success,30,0.00207453,10,3,6,,,,,
small,6,2,4,10,942,genetic_greedy,area,success,30,0.108386653,6,5,6,12521,47,106,0.0037536937944253656,2.25531914893617
small,6,2,4,10,942,genetic_stochastic,area,success,30,0.074761952,10,3,6,12629,197,230,0.015599018132868793,1.16751269035533
small,6,2,4,10,942,beam_search,area,success,30,0.014727041,10,3,6,,,,,
small,6,2,4,1,42,cplex,area,feasible,30,300.147710863,10,3,6,,,,,
small,6,2,4,2,142,cplex,area,feasible,40,300.054823821,8,5,6,,,,,
small,6,2,4,3,242,cplex,area,optimal,35,32.515177719,7,5,6,,,,,
small,6,2,4,4,342,cplex,area,feasible,35,300.085163193,7,5,6,,,,,
small,6,2,4,5,442,cplex,area,optimal,32,99.869224499,4,8,6,,,,,
small,6,2,4,6,542,cplex,area,feasible,35,300.554388517,7,5,6,,,,,
small,6,2,4,7,642,cplex,area,feasible,30,300.102474035,6,5,6,,,,,
small,6,2,4,9,842,cplex,area,optimal,42,132.142772622,7,6,6,,,,,
small,6,2,4,10,942,cplex,area,optimal,30,15.144176157,6,5,6,,,,,
small,6,4,6,1,42,merge_greedy,area,success,154,0.026384358,11,14,6,,,,,
small,6,4,6,1,42,greedy,area,success,132,0.024782857,33,4,6,,,,,
small,6,4,6,1,42,stochastic_greedy,area,success,140,0.028554435,35,4,6,,,,,
small,6,4,6,1,42,genetic_greedy,area,success,132,0.340417985,33,4,6,12660,2,7,0.0001579778830963665,3.5
small,6,4,6,1,42,genetic_stochastic,area,success,132,0.65043607,33,4,6,12631,285,1140,0.022563534161982424,4.0
small,6,4,6,1,42,beam_search,area,success,132,0.084719951,33,4,6,,,,,
small,6,4,6,2,142,merge_greedy,area,success,152,0.033156944,19,8,6,,,,,
small,6,4,6,2,142,greedy,area,success,126,0.016196841,6,21,6,,,,,
small,6,4,6,2,142,stochastic_greedy,area,success,132,0.026132808,6,22,6,,,,,
small,6,4,6,2,142,genetic_greedy,area,success,126,0.359213665,6,21,6,12603,0,0,0.0,
small,6,4,6,2,142,genetic_stochastic,area,success,126,1.440138286,6,21,6,12620,529,1916,0.0419175911251981,3.6219281663516067
small,6,4,6,2,142,beam_search,area,success,126,0.071237296,6,21,6,,,,,
small,6,4,6,3,242,merge_greedy,area,success,171,0.033978982,19,9,6,,,,,
small,6,4,6,3,242,greedy,area,success,144,0.022325802,6,24,6,,,,,
small,6,4,6,3,242,stochastic_greedy,area,success,144,0.024485418,6,24,6,,,,,
small,6,4,6,3,242,genetic_greedy,area,success,144,0.665620709,6,24,6,12685,259,557,0.020417816318486402,2.1505791505791505
small,6,4,6,3,242,genetic_stochastic,area,success,144,2.269063188,6,24,6,12550,3043,6707,0.24247011952191236,2.2040749260598096
small,6,4,6,3,242,beam_search,area,success,144,0.072242431,6,24,6,,,,,
small,6,4,6,4,342,merge_greedy,area,success,168,0.027166547,12,14,6,,,,,
small,6,4,6,4,342,greedy,area,success,140,0.028046332,35,4,6,,,,,
small,6,4,6,4,342,stochastic_greedy,area,success,140,0.034153293,35,4,6,,,,,
small,6,4,6,4,342,genetic_greedy,area,success,140,0.314459374,35,4,6,12650,38,80,0.0030039525691699606,2.1052631578947367
small,6,4,6,4,342,genetic_stochastic,area,success,140,0.97652359,35,4,6,12636,632,1923,0.05001582779360557,3.0427215189873418
small,6,4,6,4,342,beam_search,area,success,140,0.082061475,35,4,6,,,,,
small,6,4,6,5,442,merge_greedy,area,success,165,0.033348585,15,11,6,,,,,
small,6,4,6,5,442,greedy,area,success,140,0.031921528,35,4,6,,,,,
small,6,4,6,5,442,stochastic_greedy,area,success,140,0.028474027,35,4,6,,,,,
small,6,4,6,5,442,genetic_greedy,area,success,138,0.60767219,6,23,6,12578,134,447,0.010653522022579106,3.3358208955223883
small,6,4,6,5,442,genetic_stochastic,area,success,138,1.202958193,6,23,6,12536,578,1870,0.04610721123165284,3.235294117647059
small,6,4,6,5,442,beam_search,area,success,138,0.073178392,6,23,6,,,,,
small,6,4,6,6,542,merge_greedy,area,success,144,0.031632386,18,8,6,,,,,
small,6,4,6,6,542,greedy,area,success,138,0.018434674,6,23,6,,,,,
small,6,4,6,6,542,stochastic_greedy,area,success,138,0.018435912,6,23,6,,,,,
small,6,4,6,6,542,genetic_greedy,area,success,138,0.416979569,6,23,6,12610,37,101,0.0029341792228390166,2.72972972972973
small,6,4,6,6,542,genetic_stochastic,area,success,138,1.052938993,6,23,6,12713,464,1531,0.0364980728388264,3.2995689655172415
small,6,4,6,6,542,beam_search,area,success,138,0.072703754,6,23,6,,,,,
small,6,4,6,7,642,merge_greedy,area,success,156,0.031369577,12,13,6,,,,,
small,6,4,6,7,642,greedy,area,success,136,0.034052559,34,4,6,,,,,
small,6,4,6,7,642,stochastic_greedy,area,success,136,0.118617429,34,4,6,,,,,
small,6,4,6,7,642,genetic_greedy,area,success,136,0.895037751,34,4,6,12485,461,1711,0.036924309171005205,3.7114967462039044
small,6,4,6,7,642,genetic_stochastic,area,success,136,0.945172183,34,4,6,12593,549,1806,0.04359564837608195,3.289617486338798
small,6,4,6,7,642,beam_search,area,success,136,0.080467606,34,4,6,,,,,
small,6,4,6,8,742,merge_greedy,area,success,168,0.039955671,21,8,6,,,,,
small,6,4,6,8,742,greedy,area,success,144,0.019454176,6,24,6,,,,,
small,6,4,6,8,742,stochastic_greedy,area,success,144,0.022839755,6,24,6,,,,,
small,6,4,6,8,742,genetic_greedy,area,success,140,0.390604527,35,4,6,12505,36,88,0.0028788484606157537,2.4444444444444446
small,6,4,6,8,742,genetic_stochastic,area,success,140,0.753767634,35,4,6,12652,471,1495,0.03722731583939298,3.1740976645435244
small,6,4,6,8,742,beam_search,area,success,140,0.08065636,35,4,6,,,,,
small,6,4,6,9,842,merge_greedy,area,success,156,0.040209786,13,12,6,,,,,
small,6,4,6,9,842,greedy,area,success,132,0.025058872,33,4,6,,,,,
small,6,4,6,9,842,stochastic_greedy,area,success,132,0.025834902,33,4,6,,,,,
small,6,4,6,9,842,genetic_greedy,area,success,132,0.62977141,33,4,6,12654,324,777,0.025604551920341393,2.3981481481481484
small,6,4,6,9,842,genetic_stochastic,area,success,132,0.76748899,33,4,6,12598,306,888,0.024289569772979837,2.9019607843137254
small,6,4,6,9,842,beam_search,area,success,132,0.07642676,6,22,6,,,,,
small,6,4,6,10,942,merge_greedy,area,success,144,0.026786044,12,12,6,,,,,
small,6,4,6,10,942,greedy,area,success,136,0.029828601,34,4,6,,,,,
small,6,4,6,10,942,stochastic_greedy,area,success,136,0.046780815,34,4,6,,,,,
small,6,4,6,10,942,genetic_greedy,area,success,136,0.434468592,34,4,6,12618,30,91,0.0023775558725630053,3.033333333333333
small,6,4,6,10,942,genetic_stochastic,area,success,136,0.903334499,34,4,6,12688,607,1725,0.04784047919293821,2.841845140032949
small,6,4,6,10,942,beam_search,area,success,136,0.080982385,34,4,6,,,,,
small,6,4,6,2,142,cplex,area,feasible,132,302.36106876,12,11,6,,,,,
small,8,2,4,1,42,merge_greedy,area,success,52,0.01860709,13,4,8,,,,,
small,8,2,4,1,42,greedy,area,success,48,0.00492257,24,2,8,,,,,
small,8,2,4,1,42,stochastic_greedy,area,success,44,0.009573116,22,2,8,,,,,
small,8,2,4,1,42,genetic_greedy,area,success,46,0.161926617,23,2,8,12705,48,164,0.0037780401416765055,3.4166666666666665
small,8,2,4,1,42,genetic_stochastic,area,success,40,0.175304361,8,5,8,12531,711,1422,0.056739286569308114,2.0
small,8,2,4,1,42,beam_search,area,success,39,0.038390628,13,3,8,,,,,
small,8,2,4,2,142,merge_greedy,area,success,48,0.008369516,8,6,8,,,,,
small,8,2,4,2,142,greedy,area,success,48,0.00281989,6,8,8,,,,,
small,8,2,4,2,142,stochastic_greedy,area,success,42,0.003184484,6,7,8,,,,,
small,8,2,4,2,142,genetic_greedy,area,success,45,0.14804096,5,9,8,12607,141,615,0.011184262711192194,4.361702127659575
small,8,2,4,2,142,genetic_stochastic,area,success,42,0.147213507,7,6,8,12517,428,1013,0.034193496844291765,2.366822429906542
small,8,2,4,2,142,beam_search,area,success,40,0.041507096,5,8,8,,,,,
small,8,2,4,3,242,merge_greedy,area,success,50,0.01051715,10,5,8,,,,,
small,8,2,4,3,242,greedy,area,success,50,0.0028824,10,5,8,,,,,
small,8,2,4,3,242,stochastic_greedy,area,success,48,0.003230093,8,6,8,,,,,
small,8,2,4,3,242,genetic_greedy,area,success,48,0.081269876,8,6,8,12589,17,61,0.001350385256970371,3.588235294117647
small,8,2,4,3,242,genetic_stochastic,area,success,40,0.131562025,10,4,8,12525,355,956,0.028343313373253493,2.692957746478873
small,8,2,4,3,242,beam_search,area,success,48,0.049486773,24,2,8,,,,,
small,8,2,4,4,342,merge_greedy,area,success,49,0.008805636,7,7,8,,,,,
small,8,2,4,4,342,greedy,area,success,45,0.004138176,5,9,8,,,,,
small,8,2,4,4,342,stochastic_greedy,area,success,54,0.00967947,9,6,8,,,,,
small,8,2,4,4,342,genetic_greedy,area,success,45,0.117365284,5,9,8,12577,1,6,7.951021706289258e-05,6.0
small,8,2,4,4,342,genetic_stochastic,area,success,42,0.124610271,7,6,8,12595,253,1150,0.020087336244541485,4.545454545454546
small,8,2,4,4,342,beam_search,area,success,44,0.037160232,4,11,8,,,,,
small,8,2,4,5,442,merge_greedy,area,success,54,0.009665639,9,6,8,,,,,
small,8,2,4,5,442,greedy,area,success,48,0.00247292,4,12,8,,,,,
small,8,2,4,5,442,stochastic_greedy,area,success,48,0.002602419,4,12,8,,,,,
small,8,2,4,5,442,genetic_greedy,area,success,48,0.127834438,4,12,8,12660,432,1292,0.034123222748815164,2.990740740740741
small,8,2,4,5,442,genetic_stochastic,area,success,42,0.205547488,6,7,8,12584,1096,2589,0.08709472345835982,2.3622262773722627
small,8,2,4,5,442,beam_search,area,success,48,0.041228197,4,12,8,,,,,
small,8,2,4,6,542,merge_greedy,area,success,55,0.024701751,11,5,8,,,,,
small,8,2,4,6,542,greedy,area,success,46,0.003083768,23,2,8,,,,,
small,8,2,4,6,542,stochastic_greedy,area,success,44,0.002837093,22,2,8,,,,,
small,8,2,4,6,542,genetic_greedy,area,success,42,0.099219868,21,2,8,12637,0,0,0.0,
small,8,2,4,6,542,genetic_stochastic,area,success,42,0.113100455,21,2,8,12637,136,588,0.010762047954419561,4.323529411764706
small,8,2,4,6,542,beam_search,area,success,42,0.044318067,21,2,8,,,,,
small,8,2,4,7,642,merge_greedy,area,success,48,0.0116382,12,4,8,,,,,
small,8,2,4,7,642,greedy,area,success,45,0.004603902,15,3,8,,,,,
small,8,2,4,7,642,stochastic_greedy,area,success,45,0.006602067,15,3,8,,,,,
small,8,2,4,7,642,genetic_greedy,area,success,45,0.152881479,15,3,8,12591,62,354,0.004924152172186482,5.709677419354839
small,8,2,4,7,642,genetic_stochastic,area,success,42,0.159743252,21,2,8,12668,386,1818,0.03047047679191664,4.709844559585492
small,8,2,4,7,642,beam_search,area,success,42,0.041278892,21,2,8,,,,,
small,8,2,4,8,742,merge_greedy,area,success,54,0.01605667,9,6,8,,,,,
small,8,2,4,8,742,greedy,area,success,46,0.003548894,23,2,8,,,,,
small,8,2,4,8,742,stochastic_greedy,area,success,46,0.003741632,23,2,8,,,,,
small,8,2,4,8,742,genetic_greedy,area,success,45,0.111641675,15,3,8,12605,60,326,0.004760015866719556,5.433333333333334
small,8,2,4,8,742,genetic_stochastic,area,success,44,0.249372157,11,4,8,12713,1333,3700,0.10485329977188705,2.7756939234808704
small,8,2,4,8,742,beam_search,area,success,40,0.044104851,10,4,8,,,,,
small,8,2,4,9,842,merge_greedy,area,success,44,0.01008071,11,4,8,,,,,
small,8,2,4,9,842,greedy,area,success,44,0.002551804,11,4,8,,,,,
small,8,2,4,9,842,stochastic_greedy,area,success,44,0.002018397,11,4,8,,,,,
small,8,2,4,9,842,genetic_greedy,area,success,44,0.128600322,11,4,8,12495,128,335,0.010244097639055622,2.6171875
small,8,2,4,9,842,genetic_stochastic,area,success,42,0.101265387,14,3,8,12647,152,657,0.012018660551909545,4.322368421052632
small,8,2,4,9,842,beam_search,area,success,42,0.037179113,14,3,8,,,,,
small,8,2,4,10,942,merge_greedy,area,success,40,0.013967038,10,4,8,,,,,
small,8,2,4,10,942,greedy,area,success,48,0.008812759,8,6,8,,,,,
small,8,2,4,10,942,stochastic_greedy,area,success,48,0.010663453,6,8,8,,,,,
small,8,2,4,10,942,genetic_greedy,area,success,40,0.149107534,10,4,8,12657,113,357,0.00892786600300229,3.15929203539823
small,8,2,4,10,942,genetic_stochastic,area,success,40,0.135515943,10,4,8,12623,403,1328,0.03192584963954686,3.295285359801489
small,8,2,4,10,942,beam_search,area,success,40,0.039611184,10,4,8,,,,,
small,8,2,4,2,142,cplex,area,feasible,40,300.088432997,8,5,8,,,,,
small,8,2,4,3,242,cplex,area,feasible,48,300.110244913,8,6,8,,,,,
small,8,2,4,4,342,cplex,area,feasible,40,300.739221593,8,5,8,,,,,
small,8,2,4,5,442,cplex,area,feasible,42,300.239768914,6,7,8,,,,,
small,8,2,4,6,542,cplex,area,feasible,42,302.489966358,14,3,8,,,,,
small,8,2,4,9,842,cplex,area,feasible,42,300.458053698,14,3,8,,,,,
small,8,2,4,10,942,cplex,area,feasible,40,300.202494181,10,4,8,,,,,
small,8,4,6,1,42,merge_greedy,area,success,200,0.122332824,25,8,8,,,,,
small,8,4,6,1,42,greedy,area,success,180,0.057584954,45,4,8,,,,,
small,8,4,6,1,42,stochastic_greedy,area,success,184,0.059279871,46,4,8,,,,,
small,8,4,6,1,42,genetic_greedy,area,success,172,0.740694522,43,4,8,12622,23,70,0.0018222151798447156,3.0434782608695654
small,8,4,6,1,42,genetic_stochastic,area,success,172,1.832975148,43,4,8,12649,503,2584,0.03976598940627717,5.137176938369781
small,8,4,6,1,42,beam_search,area,success,172,0.220906727,43,4,8,,,,,
small,8,4,6,2,142,merge_greedy,area,success,216,0.11090077,18,12,8,,,,,
small,8,4,6,2,142,greedy,area,success,180,0.033677765,6,30,8,,,,,
small,8,4,6,2,142,stochastic_greedy,area,success,186,0.038292049,6,31,8,,,,,
small,8,4,6,2,142,genetic_greedy,area,success,174,0.827437724,6,29,8,12611,61,274,0.004837047022440726,4.491803278688525
small,8,4,6,2,142,genetic_stochastic,area,success,174,1.955596489,6,29,8,12711,478,2243,0.03760522382188655,4.692468619246862
small,8,4,6,2,142,beam_search,area,success,174,0.203967628,6,29,8,,,,,
small,8,4,6,3,242,merge_greedy,area,success,207,0.116334138,23,9,8,,,,,
small,8,4,6,3,242,greedy,area,success,188,0.062979277,47,4,8,,,,,
small,8,4,6,3,242,stochastic_greedy,area,success,188,0.066991517,47,4,8,,,,,
small,8,4,6,3,242,genetic_greedy,area,success,188,0.910349738,47,4,8,12576,72,196,0.0057251908396946565,2.7222222222222223
small,8,4,6,3,242,genetic_stochastic,area,success,188,1.932525518,47,4,8,12549,603,2474,0.04805163758068372,4.102819237147595
small,8,4,6,3,242,beam_search,area,success,188,0.224430964,47,4,8,,,,,
small,8,4,6,4,342,merge_greedy,area,success,190,0.090850073,19,10,8,,,,,
small,8,4,6,4,342,greedy,area,success,184,0.059632783,46,4,8,,,,,
small,8,4,6,4,342,stochastic_greedy,area,success,188,0.070862914,47,4,8,,,,,
small,8,4,6,4,342,genetic_greedy,area,success,180,0.912044797,45,4,8,12575,58,228,0.004612326043737574,3.9310344827586206
small,8,4,6,4,342,genetic_stochastic,area,success,180,2.004062147,45,4,8,12620,579,2718,0.04587955625990491,4.694300518134715
small,8,4,6,4,342,beam_search,area,success,180,0.214170803,45,4,8,,,,,
small,8,4,6,5,442,merge_greedy,area,success,204,0.087069827,12,17,8,,,,,
small,8,4,6,5,442,greedy,area,success,180,0.057214575,45,4,8,,,,,
small,8,4,6,5,442,stochastic_greedy,area,success,184,0.081866163,46,4,8,,,,,
small,8,4,6,5,442,genetic_greedy,area,success,180,0.757128488,45,4,8,12658,25,54,0.0019750355506399117,2.16
small,8,4,6,5,442,genetic_stochastic,area,success,180,1.8359847,45,4,8,12595,479,2211,0.038030964668519254,4.615866388308977
small,8,4,6,5,442,beam_search,area,success,180,0.221877623,45,4,8,,,,,
small,8,4,6,6,542,merge_greedy,area,success,234,0.077640252,18,13,8,,,,,
small,8,4,6,6,542,greedy,area,success,186,0.037335257,6,31,8,,,,,
small,8,4,6,6,542,stochastic_greedy,area,success,186,0.071735107,6,31,8,,,,,
small,8,4,6,6,542,genetic_greedy,area,success,186,0.836276115,6,31,8,12514,82,266,0.006552661019657983,3.2439024390243905
small,8,4,6,6,542,genetic_stochastic,area,success,186,2.14612481,6,31,8,12574,463,2211,0.0368220136790202,4.775377969762419
small,8,4,6,6,542,beam_search,area,success,186,0.202975247,6,31,8,,,,,
small,8,4,6,7,642,merge_greedy,area,success,224,0.091443251,14,16,8,,,,,
small,8,4,6,7,642,greedy,area,success,188,0.063027838,47,4,8,,,,,
small,8,4,6,7,642,stochastic_greedy,area,success,188,0.108557399,47,4,8,,,,,
small,8,4,6,7,642,genetic_greedy,area,success,184,1.057278415,46,4,8,12574,184,504,0.014633370446954033,2.739130434782609
small,8,4,6,7,642,genetic_stochastic,area,success,184,1.937196897,46,4,8,12592,537,2403,0.04264612452350699,4.4748603351955305
small,8,4,6,7,642,beam_search,area,success,184,0.227109344,46,4,8,,,,,
small,8,4,6,8,742,merge_greedy,area,success,210,0.116311505,21,10,8,,,,,
small,8,4,6,8,742,greedy,area,success,192,0.037648875,6,32,8,,,,,
small,8,4,6,8,742,stochastic_greedy,area,success,184,0.058125212,46,4,8,,,,,
small,8,4,6,8,742,genetic_greedy,area,success,184,1.082044442,46,4,8,12550,173,703,0.013784860557768924,4.063583815028902
small,8,4,6,8,742,genetic_stochastic,area,success,180,2.290101932,45,4,8,12533,824,3556,0.06574642942631453,4.315533980582524
small,8,4,6,8,742,beam_search,area,success,180,0.238221149,45,4,8,,,,,
small,8,4,6,9,842,merge_greedy,area,success,184,0.098131161,23,8,8,,,,,
small,8,4,6,9,842,greedy,area,success,168,0.04958428,42,4,8,,,,,
small,8,4,6,9,842,stochastic_greedy,area,success,168,0.048066014,42,4,8,,,,,
small,8,4,6,9,842,genetic_greedy,area,success,168,0.688925755,42,4,8,12609,2,2,0.00015861686097232136,1.0
small,8,4,6,9,842,genetic_stochastic,area,success,168,1.283031931,42,4,8,12558,248,1377,0.019748367574454532,5.55241935483871
small,8,4,6,9,842,beam_search,area,success,168,0.223243443,42,4,8,,,,,
small,8,4,6,10,942,merge_greedy,area,success,195,0.087325693,13,15,8,,,,,
small,8,4,6,10,942,greedy,area,success,180,0.054292619,45,4,8,,,,,
small,8,4,6,10,942,stochastic_greedy,area,success,184,0.057977988,46,4,8,,,,,
small,8,4,6,10,942,genetic_greedy,area,success,176,0.700855229,44,4,8,12519,51,132,0.0040738078121255695,2.588235294117647
small,8,4,6,10,942,genetic_stochastic,area,success,176,1.888136419,44,4,8,12525,500,2581,0.03992015968063872,5.162
small,8,4,6,10,942,beam_search,area,success,180,0.230787923,45,4,8,,,,,
small,10,2,4,1,42,merge_greedy,area,success,52,0.021875074,13,4,10,,,,,
small,10,2,4,1,42,greedy,area,success,60,0.005043826,30,2,10,,,,,
small,10,2,4,1,42,stochastic_greedy,area,success,60,0.007671541,30,2,10,,,,,
small,10,2,4,1,42,genetic_greedy,area,success,54,0.154954199,9,6,10,12619,80,497,0.006339646564704018,6.2125
small,10,2,4,1,42,genetic_stochastic,area,success,52,0.220044444,13,4,10,12606,417,2423,0.03307948595906711,5.810551558752998
small,10,2,4,1,42,beam_search,area,success,54,0.079371541,18,3,10,,,,,
small,10,2,4,2,142,merge_greedy,area,success,56,0.015120022,8,7,10,,,,,
small,10,2,4,2,142,greedy,area,success,56,0.003238749,8,7,10,,,,,
small,10,2,4,2,142,stochastic_greedy,area,success,57,0.004552101,19,3,10,,,,,
small,10,2,4,2,142,genetic_greedy,area,success,50,0.164768129,10,5,10,12632,78,322,0.006174794173527549,4.128205128205129
small,10,2,4,2,142,genetic_stochastic,area,success,50,0.213525433,10,5,10,12545,361,2393,0.02877640494220805,6.628808864265928
small,10,2,4,2,142,beam_search,area,success,52,0.094251199,26,2,10,,,,,
small,10,2,4,3,242,merge_greedy,area,success,60,0.019501311,12,5,10,,,,,
small,10,2,4,3,242,greedy,area,success,48,0.003506945,16,3,10,,,,,
small,10,2,4,3,242,stochastic_greedy,area,success,54,0.00333636,18,3,10,,,,,
small,10,2,4,3,242,genetic_greedy,area,success,51,0.223107493,17,3,10,12562,229,999,0.01822958127686674,4.362445414847161
small,10,2,4,3,242,genetic_stochastic,area,success,45,0.175949713,15,3,10,12637,268,1432,0.021207565086650313,5.343283582089552
small,10,2,4,3,242,beam_search,area,success,45,0.088335803,15,3,10,,,,,
small,10,2,4,4,342,merge_greedy,area,success,70,0.017472138,10,7,10,,,,,
small,10,2,4,4,342,greedy,area,success,55,0.00485121,5,11,10,,,,,
small,10,2,4,4,342,stochastic_greedy,area,success,56,0.009588601,28,2,10,,,,,
small,10,2,4,4,342,genetic_greedy,area,success,55,0.157491381,5,11,10,12605,85,437,0.006743355811186037,5.141176470588236
small,10,2,4,4,342,genetic_stochastic,area,success,48,0.208429211,8,6,10,12596,549,2430,0.04358526516354398,4.426229508196721
small,10,2,4,4,342,beam_search,area,success,50,0.073773897,10,5,10,,,,,
small,10,2,4,5,442,merge_greedy,area,success,60,0.02175301,10,6,10,,,,,
small,10,2,4,5,442,greedy,area,success,64,0.004009525,4,16,10,,,,,
small,10,2,4,5,442,stochastic_greedy,area,success,56,0.004794313,4,14,10,,,,,
small,10,2,4,5,442,genetic_greedy,area,success,56,0.145284603,4,14,10,12558,27,108,0.002150023889154324,4.0
small,10,2,4,5,442,genetic_stochastic,area,success,48,0.183682455,6,8,10,12510,190,1155,0.015187849720223821,6.078947368421052
small,10,2,4,5,442,beam_search,area,success,48,0.074187893,6,8,10,,,,,
small,10,2,4,6,542,merge_greedy,area,success,60,0.024605594,15,4,10,,,,,
small,10,2,4,6,542,greedy,area,success,48,0.003337569,24,2,10,,,,,
small,10,2,4,6,542,stochastic_greedy,area,success,48,0.003251232,24,2,10,,,,,
small,10,2,4,6,542,genetic_greedy,area,success,46,0.133598149,23,2,10,12623,26,104,0.0020597322348094747,4.0
small,10,2,4,6,542,genetic_stochastic,area,success,46,0.185221767,23,2,10,12615,155,659,0.012286959968291716,4.251612903225807
small,10,2,4,6,542,beam_search,area,success,46,0.092784085,23,2,10,,,,,
small,10,2,4,7,642,merge_greedy,area,success,66,0.019016261,11,6,10,,,,,
small,10,2,4,7,642,greedy,area,success,51,0.002776868,17,3,10,,,,,
small,10,2,4,7,642,stochastic_greedy,area,success,52,0.003848154,26,2,10,,,,,
small,10,2,4,7,642,genetic_greedy,area,success,48,0.168969254,16,3,10,12648,197,995,0.015575585072738773,5.050761421319797
small,10,2,4,7,642,genetic_stochastic,area,success,45,0.269920905,9,5,10,12572,626,2973,0.04979319121858097,4.7492012779552715
small,10,2,4,7,642,beam_search,area,success,52,0.088761816,26,2,10,,,,,
small,10,2,4,8,742,merge_greedy,area,success,60,0.019454305,10,6,10,,,,,
small,10,2,4,8,742,greedy,area,success,58,0.005030304,29,2,10,,,,,
small,10,2,4,8,742,stochastic_greedy,area,success,56,0.005381649,28,2,10,,,,,
small,10,2,4,8,742,genetic_greedy,area,success,56,0.183339579,28,2,10,12562,62,436,0.0049355198216844455,7.032258064516129
small,10,2,4,8,742,genetic_stochastic,area,success,48,0.181185705,16,3,10,12530,263,1457,0.020989624900239427,5.5399239543726235
small,10,2,4,8,742,beam_search,area,success,56,0.096522752,28,2,10,,,,,
small,10,2,4,9,842,merge_greedy,area,success,55,0.02542931,11,5,10,,,,,
small,10,2,4,9,842,greedy,area,success,55,0.003194682,11,5,10,,,,,
small,10,2,4,9,842,stochastic_greedy,area,success,49,0.00249967,7,7,10,,,,,
small,10,2,4,9,842,genetic_greedy,area,success,52,0.160668098,26,2,10,12588,50,239,0.003972036860502065,4.78
small,10,2,4,9,842,genetic_stochastic,area,success,48,0.179155966,12,4,10,12683,485,2540,0.038240163999053854,5.237113402061856
small,10,2,4,9,842,beam_search,area,success,52,0.095373291,26,2,10,,,,,
small,10,2,4,10,942,merge_greedy,area,success,50,0.019647921,10,5,10,,,,,
small,10,2,4,10,942,greedy,area,success,56,0.005489108,28,2,10,,,,,
small,10,2,4,10,942,stochastic_greedy,area,success,54,0.005088147,27,2,10,,,,,
small,10,2,4,10,942,genetic_greedy,area,success,45,0.150340145,9,5,10,12629,65,277,0.005146884155515084,4.2615384615384615
small,10,2,4,10,942,genetic_stochastic,area,success,42,0.324822173,7,6,10,12676,717,4743,0.05656358472704323,6.615062761506276
small,10,2,4,10,942,beam_search,area,success,45,0.08279302,15,3,10,,,,,
small,10,2,4,2,142,cplex,area,feasible,48,300.096454624,8,6,10,,,,,
small,10,2,4,5,442,cplex,area,feasible,54,300.247579398,6,9,10,,,,,
small,10,2,4,7,642,cplex,area,feasible,51,300.912512626,17,3,10,,,,,
small,10,2,4,9,842,cplex,area,feasible,52,300.662957851,13,4,10,,,,,
small,10,4,6,1,42,merge_greedy,area,success,248,0.368603691,31,8,10,,,,,
small,10,4,6,1,42,greedy,area,success,220,0.093896574,55,4,10,,,,,
small,10,4,6,1,42,stochastic_greedy,area,success,220,0.095784745,55,4,10,,,,,
small,10,4,6,1,42,genetic_greedy,area,success,216,2.04328187,54,4,10,12618,222,804,0.01759391345696624,3.6216216216216215
small,10,4,6,1,42,genetic_stochastic,area,success,216,3.198148402,54,4,10,12526,409,2722,0.032652083665974774,6.6552567237163816
small,10,4,6,1,42,beam_search,area,success,216,0.516371597,54,4,10,,,,,
small,10,4,6,2,142,merge_greedy,area,success,275,0.240806995,25,11,10,,,,,
small,10,4,6,2,142,greedy,area,success,228,0.059873086,6,38,10,,,,,
small,10,4,6,2,142,stochastic_greedy,area,success,222,0.104980966,6,37,10,,,,,
small,10,4,6,2,142,genetic_greedy,area,success,220,1.267062023,55,4,10,12578,86,434,0.0068373350294164414,5.046511627906977
small,10,4,6,2,142,genetic_stochastic,area,success,220,4.051766279,55,4,10,12614,740,4279,0.05866497542413192,5.782432432432432
small,10,4,6,2,142,beam_search,area,success,220,0.507289621,55,4,10,,,,,
small,10,4,6,3,242,merge_greedy,area,success,243,0.314365133,27,9,10,,,,,
small,10,4,6,3,242,greedy,area,success,236,0.116620615,59,4,10,,,,,
small,10,4,6,3,242,stochastic_greedy,area,success,232,0.248799154,58,4,10,,,,,
small,10,4,6,3,242,genetic_greedy,area,success,232,1.759576014,58,4,10,12599,92,308,0.007302166838637987,3.347826086956522
small,10,4,6,3,242,genetic_stochastic,area,success,232,5.375089744,58,4,10,12547,869,5304,0.06925958396429426,6.103567318757192
small,10,4,6,3,242,beam_search,area,success,232,0.514880969,58,4,10,,,,,
small,10,4,6,4,342,merge_greedy,area,success,253,0.239474294,23,11,10,,,,,
small,10,4,6,4,342,greedy,area,success,224,0.099939734,56,4,10,,,,,
small,10,4,6,4,342,stochastic_greedy,area,success,228,0.113215221,57,4,10,,,,,
small,10,4,6,4,342,genetic_greedy,area,success,228,2.065983372,57,4,10,12587,179,824,0.014221021689044253,4.603351955307263
small,10,4,6,4,342,genetic_stochastic,area,success,224,6.575047808,56,4,10,12680,1194,7180,0.0941640378548896,6.013400335008376
small,10,4,6,4,342,beam_search,area,success,224,0.529015712,56,4,10,,,,,
small,10,4,6,5,442,merge_greedy,area,success,225,0.227198511,25,9,10,,,,,
small,10,4,6,5,442,greedy,area,success,228,0.106266161,57,4,10,,,,,
small,10,4,6,5,442,stochastic_greedy,area,success,228,0.114697951,57,4,10,,,,,
small,10,4,6,5,442,genetic_greedy,area,success,222,1.511977405,6,37,10,12606,137,497,0.010867840710772647,3.627737226277372
small,10,4,6,5,442,genetic_stochastic,area,success,222,3.319415251,6,37,10,12510,444,2631,0.035491606714628296,5.925675675675675
small,10,4,6,5,442,beam_search,area,success,222,0.429181038,6,37,10,,,,,
small,10,4,6,6,542,merge_greedy,area,success,240,0.199773912,12,20,10,,,,,
small,10,4,6,6,542,greedy,area,success,234,0.061676775,6,39,10,,,,,
small,10,4,6,6,542,stochastic_greedy,area,success,228,0.068422888,6,38,10,,,,,
small,10,4,6,6,542,genetic_greedy,area,success,220,1.40055366,55,4,10,12692,73,225,0.005751654585565711,3.0821917808219177
small,10,4,6,6,542,genetic_stochastic,area,success,220,3.240116224,55,4,10,12701,526,3266,0.041414061884890954,6.2091254752851714
small,10,4,6,6,542,beam_search,area,success,220,0.521327384,55,4,10,,,,,
small,10,4,6,7,642,merge_greedy,area,success,280,0.198540761,20,14,10,,,,,
small,10,4,6,7,642,greedy,area,success,232,0.112580542,58,4,10,,,,,
small,10,4,6,7,642,stochastic_greedy,area,success,228,0.171354519,57,4,10,,,,,
small,10,4,6,7,642,genetic_greedy,area,success,228,2.280818701,57,4,10,12656,272,1042,0.021491782553729456,3.8308823529411766
small,10,4,6,7,642,genetic_stochastic,area,success,228,3.831511928,57,4,10,12615,633,3372,0.050178359096313914,5.327014218009479
small,10,4,6,7,642,beam_search,area,success,228,0.514416334,57,4,10,,,,,
small,10,4,6,8,742,merge_greedy,area,success,276,0.302452491,23,12,10,,,,,
small,10,4,6,8,742,greedy,area,success,224,0.13960925,56,4,10,,,,,
small,10,4,6,8,742,stochastic_greedy,area,success,228,0.105663347,57,4,10,,,,,
small,10,4,6,8,742,genetic_greedy,area,success,224,3.094862078,56,4,10,12637,380,2630,0.03007042810793701,6.921052631578948
small,10,4,6,8,742,genetic_stochastic,area,success,220,3.337585854,55,4,10,12653,541,2958,0.042756658499960486,5.467652495378928
small,10,4,6,8,742,beam_search,area,success,220,0.515240491,55,4,10,,,,,
small,10,4,6,9,842,merge_greedy,area,success,208,0.257013207,26,8,10,,,,,
small,10,4,6,9,842,greedy,area,success,212,0.086191446,53,4,10,,,,,
small,10,4,6,9,842,stochastic_greedy,area,success,220,0.093830119,55,4,10,,,,,
small,10,4,6,9,842,genetic_greedy,area,success,216,1.149803113,54,4,10,12679,23,76,0.0018140231879485763,3.3043478260869565
small,10,4,6,9,842,genetic_stochastic,area,success,212,3.405450281,53,4,10,12499,479,3419,0.03832306584526762,7.137787056367432
small,10,4,6,9,842,beam_search,area,success,212,0.582360883,53,4,10,,,,,
small,10,4,6,10,942,merge_greedy,area,success,250,0.198347406,25,10,10,,,,,
small,10,4,6,10,942,greedy,area,success,220,0.119519917,55,4,10,,,,,
small,10,4,6,10,942,stochastic_greedy,area,success,220,0.09507558,55,4,10,,,,,
small,10,4,6,10,942,genetic_greedy,area,success,216,1.154811243,54,4,10,12632,18,70,0.0014249525015832805,3.888888888888889
small,10,4,6,10,942,genetic_stochastic,area,success,216,4.064514899,54,4,10,12767,633,4138,0.04958095088901073,6.5371248025276465
small,10,4,6,10,942,beam_search,area,success,216,0.548057931,54,4,10,,,,,
medium,20,3,3,1,42,greedy,area,success,132,0.012063701,4,33,20,,,,,
medium,20,3,3,1,42,stochastic_greedy,area,success,132,0.017533023,3,44,20,,,,,
medium,20,3,3,1,42,genetic_greedy,area,success,108,2.110030459,9,12,20,28348,981,13975,0.03460561591646677,14.24566768603466
medium,20,3,3,1,42,genetic_stochastic,area,success,96,1.56282183,12,8,20,28297,939,12598,0.03318372972399901,13.41640042598509
medium,20,3,3,2,142,greedy,area,success,114,0.007631484,6,19,20,,,,,
medium,20,3,3,2,142,stochastic_greedy,area,success,135,0.010290441,5,27,20,,,,,
medium,20,3,3,2,142,genetic_greedy,area,success,114,0.986288227,38,3,20,28274,287,4306,0.010150668458654595,15.003484320557492
medium,20,3,3,2,142,genetic_stochastic,area,success,102,1.879897944,17,6,20,28345,1097,16376,0.0387017110601517,14.927985414767548
medium,20,3,3,3,242,greedy,area,success,105,0.007120539,7,15,20,,,,,
medium,20,3,3,3,242,stochastic_greedy,area,success,119,0.00746075,7,17,20,,,,,
medium,20,3,3,3,242,genetic_greedy,area,success,105,0.736415989,7,15,20,28281,128,1817,0.004526006859729147,14.1953125
medium,20,3,3,3,242,genetic_stochastic,area,success,102,2.06192291,6,17,20,28435,2661,16292,0.09358185334974503,6.1225103344607295
medium,20,3,3,4,342,greedy,area,success,117,0.013588127,3,39,20,,,,,
medium,20,3,3,4,342,stochastic_greedy,area,success,117,0.014856855,3,39,20,,,,,
medium,20,3,3,4,342,genetic_greedy,area,success,104,0.740320645,4,26,20,28325,170,2677,0.006001765225066196,15.74705882352941
medium,20,3,3,4,342,genetic_stochastic,area,success,96,1.648351597,4,24,20,28307,2013,9728,0.07111315222383156,4.832588176850472
medium,20,3,3,5,442,greedy,area,success,116,0.009982203,29,4,20,,,,,
medium,20,3,3,5,442,stochastic_greedy,area,success,124,0.011895989,31,4,20,,,,,
medium,20,3,3,5,442,genetic_greedy,area,success,108,1.044811383,27,4,20,28376,323,5285,0.011382858753876516,16.362229102167184
medium,20,3,3,5,442,genetic_stochastic,area,success,99,2.01920586,11,9,20,28298,1071,15544,0.03784719768181497,14.513538748832866
medium,20,3,3,6,542,greedy,area,success,132,0.017155051,44,3,20,,,,,
medium,20,3,3,6,542,stochastic_greedy,area,success,135,0.023268149,45,3,20,,,,,
medium,20,3,3,6,542,genetic_greedy,area,success,95,0.869885803,5,19,20,28273,321,4429,0.011353588229052454,13.797507788161994
medium,20,3,3,6,542,genetic_stochastic,area,success,95,1.534469351,5,19,20,28359,945,12829,0.03332275468105363,13.575661375661376
medium,20,3,3,7,642,greedy,area,success,120,0.008711523,5,24,20,,,,,
medium,20,3,3,7,642,stochastic_greedy,area,success,125,0.010073216,5,25,20,,,,,
medium,20,3,3,7,642,genetic_greedy,area,success,105,0.931882817,15,7,20,28271,345,4783,0.012203317887587987,13.86376811594203
medium,20,3,3,7,642,genetic_stochastic,area,success,95,1.620075741,5,19,20,28213,986,14738,0.03494842802963173,14.947261663286005
medium,20,3,3,8,742,greedy,area,success,120,0.008748161,24,5,20,,,,,
medium,20,3,3,8,742,stochastic_greedy,area,success,100,0.006230506,20,5,20,,,,,
medium,20,3,3,8,742,genetic_greedy,area,success,100,0.887462842,20,5,20,28306,218,3117,0.007701547375114816,14.29816513761468
medium,20,3,3,8,742,genetic_stochastic,area,success,95,1.454326143,19,5,20,28343,893,11289,0.031506897646685246,12.641657334826428
medium,20,3,3,9,842,greedy,area,success,117,0.007991039,9,13,20,,,,,
medium,20,3,3,9,842,stochastic_greedy,area,success,110,0.007277621,22,5,20,,,,,
medium,20,3,3,9,842,genetic_greedy,area,success,99,1.165015565,9,11,20,28349,662,8682,0.023351793714063988,13.114803625377643
medium,20,3,3,9,842,genetic_stochastic,area,success,90,1.123304371,9,10,20,28254,785,9461,0.02778367664755433,12.052229299363058
medium,20,3,3,10,942,greedy,area,success,130,0.009273152,13,10,20,,,,,
medium,20,3,3,10,942,stochastic_greedy,area,success,129,0.016042879,3,43,20,,,,,
medium,20,3,3,10,942,genetic_greedy,area,success,104,0.938393225,8,13,20,28401,369,5067,0.012992500264075208,13.731707317073171
medium,20,3,3,10,942,genetic_stochastic,area,success,91,1.377620258,7,13,20,28293,933,12451,0.03297635457533665,13.345123258306538
medium,20,3,3,1,42,merge_greedy,area,success,117,0.130025156,13,9,20,,,,,
medium,20,3,3,2,142,merge_greedy,area,success,130,0.121115283,13,10,20,,,,,
medium,20,3,3,3,242,merge_greedy,area,success,108,0.123749355,12,9,20,,,,,
medium,20,3,3,4,342,merge_greedy,area,success,96,0.120031745,8,12,20,,,,,
medium,20,3,3,5,442,merge_greedy,area,success,117,0.141854005,13,9,20,,,,,
medium,20,3,3,6,542,merge_greedy,area,success,120,0.134644809,12,10,20,,,,,
medium,20,3,3,7,642,merge_greedy,area,success,110,0.137052523,11,10,20,,,,,
medium,20,3,3,8,742,merge_greedy,area,success,120,0.169537543,12,10,20,,,,,
medium,20,3,3,9,842,merge_greedy,area,success,108,0.114008235,12,9,20,,,,,
medium,20,3,3,10,942,merge_greedy,area,success,108,0.111167079,9,12,20,,,,,
medium,20,3,3,1,42,beam_search,area,success,96,1.09959269,12,8,20,,,,,
medium,20,3,3,2,142,beam_search,area,success,96,1.324204415,16,6,20,,,,,
medium,20,3,3,3,242,beam_search,area,success,104,1.098126964,13,8,20,,,,,
medium,20,3,3,4,342,beam_search,area,success,96,1.293906718,4,24,20,,,,,
medium,20,3,3,5,442,beam_search,area,success,100,1.146921915,20,5,20,,,,,
medium,20,3,3,6,542,beam_search,area,success,98,1.147252329,14,7,20,,,,,
medium,20,3,3,7,642,beam_search,area,success,95,1.175451135,5,19,20,,,,,
medium,20,3,3,8,742,beam_search,area,success,100,1.245569665,20,5,20,,,,,
medium,20,3,3,9,842,beam_search,area,success,96,1.299272564,24,4,20,,,,,
medium,20,3,3,10,942,beam_search,area,success,100,1.262573212,5,20,20,,,,,
medium,30,3,3,1,42,greedy,area,success,143,0.030986383,11,13,30,,,,,
medium,30,3,3,1,42,stochastic_greedy,area,success,156,0.019292972,4,39,30,,,,,
medium,30,3,3,1,42,genetic_greedy,area,success,140,5.693570774,20,7,30,28348,1097,27254,0.03869761535205306,24.84412032816773
medium,30,3,3,1,42,genetic_stochastic,area,success,136,3.140607458,34,4,30,28482,596,14515,0.02092549680499965,24.354026845637584
medium,30,3,3,2,142,greedy,area,success,150,0.011742358,25,6,30,,,,,
medium,30,3,3,2,142,stochastic_greedy,area,success,150,0.01352849,30,5,30,,,,,
medium,30,3,3,2,142,genetic_greedy,area,success,132,3.417934412,11,12,30,28297,639,15822,0.02258189914125172,24.760563380281692
medium,30,3,3,2,142,genetic_stochastic,area,success,132,3.282003002,6,22,30,28159,710,16314,0.02521396356404702,22.977464788732394
medium,30,3,3,3,242,greedy,area,success,164,0.020866786,4,41,30,,,,,
medium,30,3,3,3,242,stochastic_greedy,area,success,176,0.025192412,4,44,30,,,,,
medium,30,3,3,3,242,genetic_greedy,area,success,150,2.617396625,10,15,30,28525,385,9355,0.013496932515337423,24.2987012987013
medium,30,3,3,3,242,genetic_stochastic,area,success,144,4.062783403,6,24,30,28274,839,19681,0.029673905354742874,23.457687723480333
medium,30,3,3,4,342,greedy,area,success,152,0.018475312,4,38,30,,,,,
medium,30,3,3,4,342,stochastic_greedy,area,success,152,0.017512476,4,38,30,,,,,
medium,30,3,3,4,342,genetic_greedy,area,success,132,2.207651674,22,6,30,28427,322,7874,0.011327259295739965,24.453416149068325
medium,30,3,3,4,342,genetic_stochastic,area,success,121,3.701386419,11,11,30,28427,958,22721,0.03370035529602139,23.717118997912316
medium,30,3,3,5,442,greedy,area,success,160,0.019884331,40,4,30,,,,,
medium,30,3,3,5,442,stochastic_greedy,area,success,150,0.013410111,30,5,30,,,,,
medium,30,3,3,5,442,genetic_greedy,area,success,144,2.140378519,36,4,30,28543,384,8739,0.013453386119188592,22.7578125
medium,30,3,3,5,442,genetic_stochastic,area,success,132,4.234945822,11,12,30,28305,1359,26960,0.048012718600953894,19.83811626195732
medium,30,3,3,6,542,greedy,area,success,155,0.014917343,5,31,30,,,,,
medium,30,3,3,6,542,stochastic_greedy,area,success,174,0.035368162,3,58,30,,,,,
medium,30,3,3,6,542,genetic_greedy,area,success,132,2.855745812,11,12,30,28317,488,12522,0.017233463996892327,25.65983606557377
medium,30,3,3,6,542,genetic_stochastic,area,success,130,2.974232828,5,26,30,28460,648,15174,0.022768798313422347,23.416666666666668
medium,30,3,3,7,642,greedy,area,success,136,0.015020326,4,34,30,,,,,
medium,30,3,3,7,642,stochastic_greedy,area,success,168,0.023031892,4,42,30,,,,,
medium,30,3,3,7,642,genetic_greedy,area,success,126,2.593431646,21,6,30,28505,364,9482,0.012769689528152956,26.04945054945055
medium,30,3,3,7,642,genetic_stochastic,area,success,120,3.553654003,24,5,30,28172,879,20013,0.0312011926735766,22.7679180887372
medium,30,3,3,8,742,greedy,area,success,152,0.018069184,4,38,30,,,,,
medium,30,3,3,8,742,stochastic_greedy,area,success,162,0.029118667,3,54,30,,,,,
medium,30,3,3,8,742,genetic_greedy,area,success,144,2.463885913,6,24,30,28500,402,9748,0.014105263157894737,24.248756218905474
medium,30,3,3,8,742,genetic_stochastic,area,success,132,3.10347186,22,6,30,28423,672,15842,0.023642824473137952,23.574404761904763
medium,30,3,3,9,842,greedy,area,success,164,0.02118962,4,41,30,,,,,
medium,30,3,3,9,842,stochastic_greedy,area,success,180,0.036900321,3,60,30,,,,,
medium,30,3,3,9,842,genetic_greedy,area,success,144,2.285903268,12,12,30,28446,438,9764,0.015397595443999157,22.292237442922374
medium,30,3,3,9,842,genetic_stochastic,area,success,132,3.941279378,11,12,30,28271,829,20332,0.029323334866117223,24.52593486127865
medium,30,3,3,10,942,greedy,area,success,171,0.033529511,3,57,30,,,,,
medium,30,3,3,10,942,stochastic_greedy,area,success,180,0.024700728,4,45,30,,,,,
medium,30,3,3,10,942,genetic_greedy,area,success,140,1.935933522,20,7,30,28328,278,6722,0.009813611974018638,24.179856115107913
medium,30,3,3,10,942,genetic_stochastic,area,success,140,3.186582258,28,5,30,28491,685,16195,0.02404268014460707,23.642335766423358
medium,30,3,3,1,42,merge_greedy,area,success,140,0.424670006,14,10,30,,,,,
medium,30,3,3,2,142,merge_greedy,area,success,130,0.377826656,10,13,30,,,,,
medium,30,3,3,3,242,merge_greedy,area,success,132,0.414324466,12,11,30,,,,,
medium,30,3,3,4,342,merge_greedy,area,success,160,0.347811166,10,16,30,,,,,
medium,30,3,3,5,442,merge_greedy,area,success,140,0.386671683,10,14,30,,,,,
medium,30,3,3,6,542,merge_greedy,area,success,132,0.411007685,12,11,30,,,,,
medium,30,3,3,7,642,merge_greedy,area,success,153,0.356457124,9,17,30,,,,,
medium,30,3,3,8,742,merge_greedy,area,success,168,0.436376642,12,14,30,,,,,
medium,30,3,3,9,842,merge_greedy,area,success,144,0.413917694,9,16,30,,,,,
medium,30,3,3,10,942,merge_greedy,area,success,132,0.392606746,12,11,30,,,,,
medium,30,3,3,1,42,beam_search,area,success,144,5.423419547,36,4,30,,,,,
medium,30,3,3,2,142,beam_search,area,success,132,4.804048101,22,6,30,,,,,
medium,30,3,3,3,242,beam_search,area,success,145,5.194396902,5,29,30,,,,,
medium,30,3,3,4,342,beam_search,area,success,114,4.683072455,6,19,30,,,,,
medium,30,3,3,5,442,beam_search,area,success,135,4.802922099,27,5,30,,,,,
medium,30,3,3,6,542,beam_search,area,success,130,5.048377976,26,5,30,,,,,
medium,30,3,3,7,642,beam_search,area,success,136,6.085637252,4,34,30,,,,,
medium,30,3,3,8,742,beam_search,area,success,120,4.598989845,20,6,30,,,,,
medium,30,3,3,9,842,beam_search,area,success,130,5.085299946,26,5,30,,,,,
medium,30,3,3,10,942,beam_search,area,success,126,4.83035429,21,6,30,,,,,
medium,50,3,3,1,42,greedy,area,success,250,0.068253108,5,50,50,,,,,
medium,50,3,3,1,42,stochastic_greedy,area,success,232,0.048325004,58,4,50,,,,,
medium,50,3,3,1,42,genetic_greedy,area,success,196,11.914054475,14,14,50,28368,766,32787,0.02700225606316977,42.802872062663184
medium,50,3,3,1,42,genetic_stochastic,area,success,196,12.128084517,14,14,50,28393,766,32541,0.026978480611418307,42.48172323759791
medium,50,3,3,2,142,greedy,area,success,228,0.048811537,4,57,50,,,,,
medium,50,3,3,2,142,stochastic_greedy,area,success,240,0.054823555,4,60,50,,,,,
medium,50,3,3,2,142,genetic_greedy,area,success,196,18.748563262,14,14,50,28137,1347,56983,0.047872907559441305,42.30363771343727
medium,50,3,3,3,242,greedy,area,success,224,0.07456522,4,56,50,,,,,
medium,50,3,3,3,242,stochastic_greedy,area,success,228,0.071565564,57,4,50,,,,,
medium,50,3,3,3,242,genetic_greedy,area,success,205,8.669117632,5,41,50,28393,526,22188,0.01852569295248829,42.18250950570342
medium,50,3,3,3,242,genetic_stochastic,area,success,196,15.301535506,14,14,50,28353,2811,42213,0.0991429478362078,15.017075773745997
medium,50,3,3,4,342,greedy,area,success,240,0.105076884,3,80,50,,,,,
medium,50,3,3,4,342,stochastic_greedy,area,success,243,0.087336982,3,81,50,,,,,
medium,50,3,3,4,342,genetic_greedy,area,success,188,8.389311033,47,4,50,28358,474,20604,0.01671486000423161,43.46835443037975
medium,50,3,3,4,342,genetic_stochastic,area,success,182,16.523362121,14,13,50,28145,1060,44350,0.037662106946171614,41.839622641509436
medium,50,3,3,5,442,greedy,area,success,215,0.125079263,5,43,50,,,,,
medium,50,3,3,5,442,stochastic_greedy,area,success,258,0.297325627,3,86,50,,,,,
medium,50,3,3,5,442,genetic_greedy,area,success,196,29.799480309,14,14,50,28312,1043,44901,0.036839502684374116,43.04985618408437
medium,50,3,3,5,442,genetic_stochastic,area,success,196,20.693158886,14,14,50,28239,890,37438,0.03151669676688268,42.065168539325846
medium,50,3,3,6,542,greedy,area,success,216,0.082288287,4,54,50,,,,,
medium,50,3,3,6,542,stochastic_greedy,area,success,232,0.059105087,58,4,50,,,,,
medium,50,3,3,6,542,genetic_greedy,area,success,200,8.385163419,5,40,50,28327,403,17249,0.014226709499770536,42.8014888337469
medium,50,3,3,6,542,genetic_stochastic,area,success,196,12.439912342,14,14,50,28324,693,29388,0.02446688320858636,42.40692640692641
medium,50,3,3,7,642,greedy,area,success,208,0.109375008,4,52,50,,,,,
medium,50,3,3,7,642,stochastic_greedy,area,success,210,0.065914856,6,35,50,,,,,
medium,50,3,3,7,642,genetic_greedy,area,success,188,12.237166121,4,47,50,28229,283,12827,0.010025151440008501,45.32508833922262
medium,50,3,3,7,642,genetic_stochastic,area,success,169,33.389691287,13,13,50,28227,1515,61012,0.053672016154745456,40.27194719471947
medium,50,3,3,8,742,greedy,area,success,216,0.051650163,27,8,50,,,,,
medium,50,3,3,8,742,stochastic_greedy,area,success,267,0.117232629,3,89,50,,,,,
medium,50,3,3,8,742,genetic_greedy,area,success,204,8.753041701,6,34,50,28320,437,19602,0.015430790960451978,44.8558352402746
medium,50,3,3,8,742,genetic_stochastic,area,success,196,14.175077025,14,14,50,28426,1008,41942,0.035460493914022374,41.60912698412698
medium,50,3,3,9,842,greedy,area,success,252,0.141530958,3,84,50,,,,,
medium,50,3,3,9,842,stochastic_greedy,area,success,236,0.108704576,4,59,50,,,,,
medium,50,3,3,9,842,genetic_greedy,area,success,210,14.057885926,14,15,50,28451,524,23125,0.018417630311764084,44.13167938931298
medium,50,3,3,9,842,genetic_stochastic,area,success,196,26.899308326,14,14,50,28133,986,42323,0.03504780862332492,42.92393509127789
medium,50,3,3,10,942,greedy,area,success,224,0.055234622,4,56,50,,,,,
medium,50,3,3,10,942,stochastic_greedy,area,success,220,0.056345203,4,55,50,,,,,
medium,50,3,3,10,942,genetic_greedy,area,success,196,10.011288681,14,14,50,28343,535,23175,0.01887591292382599,43.3177570093458
medium,50,3,3,10,942,genetic_stochastic,area,success,195,10.610929282,13,15,50,28363,669,27860,0.02358706765856926,41.64424514200299
medium,50,3,3,1,42,merge_greedy,area,success,192,1.837924878,12,16,50,,,,,
medium,50,3,3,2,142,merge_greedy,area,success,240,1.777760658,24,10,50,,,,,
medium,50,3,3,3,242,merge_greedy,area,success,204,1.706311533,12,17,50,,,,,
medium,50,3,3,4,342,merge_greedy,area,success,200,1.586788263,10,20,50,,,,,
medium,50,3,3,5,442,merge_greedy,area,success,221,1.758984625,17,13,50,,,,,
medium,50,3,3,6,542,merge_greedy,area,success,204,1.992188928,12,17,50,,,,,
medium,50,3,3,7,642,merge_greedy,area,success,195,1.627849949,15,13,50,,,,,
medium,50,3,3,8,742,merge_greedy,area,success,221,1.692596955,17,13,50,,,,,
medium,50,3,3,9,842,merge_greedy,area,success,196,2.321698924,14,14,50,,,,,
medium,50,3,3,10,942,merge_greedy,area,success,238,1.757071476,14,17,50,,,,,
medium,50,3,3,1,42,beam_search,area,success,200,38.275338532,50,4,50,,,,,
medium,50,3,3,2,142,beam_search,area,success,196,39.794139288,49,4,50,,,,,
medium,50,3,3,3,242,beam_search,area,success,200,39.578491682,50,4,50,,,,,
medium,50,3,3,4,342,beam_search,area,success,192,40.094064914,4,48,50,,,,,
medium,50,3,3,5,442,beam_search,area,success,180,31.29508171,36,5,50,,,,,
medium,50,3,3,6,542,beam_search,area,success,170,25.319524203,10,17,50,,,,,
medium,50,3,3,7,642,beam_search,area,success,180,33.050144739,30,6,50,,,,,
medium,50,3,3,8,742,beam_search,area,success,182,26.405192593,26,7,50,,,,,
medium,50,3,3,9,842,beam_search,area,success,175,27.886407905,25,7,50,,,,,
medium,50,3,3,10,942,beam_search,area,success,196,40.333592668,4,49,50,,,,,
medium,20,5,5,1,42,greedy,area,success,470,0.57511644,94,5,20,,,,,
medium,20,5,5,1,42,stochastic_greedy,area,success,460,0.525349067,5,92,20,,,,,
medium,20,5,5,1,42,genetic_greedy,area,success,455,23.953488539,5,91,20,28253,682,8923,0.024139029483594664,13.083577712609971
medium,20,5,5,1,42,genetic_stochastic,area,success,450,26.613300932,5,90,20,28358,703,10210,0.024790182664503845,14.523470839260312
medium,20,5,5,2,142,greedy,area,success,455,0.53260063,5,91,20,,,,,
medium,20,5,5,2,142,stochastic_greedy,area,success,465,0.538767071,5,93,20,,,,,
medium,20,5,5,2,142,genetic_greedy,area,success,465,14.056213835,5,93,20,28371,129,1948,0.004546896478798773,15.10077519379845
medium,20,5,5,2,142,genetic_stochastic,area,success,450,31.90141225,5,90,20,28245,760,11631,0.026907417241989733,15.303947368421053
medium,20,5,5,3,242,greedy,area,success,480,0.587074484,96,5,20,,,,,
medium,20,5,5,3,242,stochastic_greedy,area,success,470,0.556790798,5,94,20,,,,,
medium,20,5,5,3,242,genetic_greedy,area,success,465,30.987624501,5,93,20,28344,746,10459,0.026319503245836862,14.020107238605899
medium,20,5,5,3,242,genetic_stochastic,area,success,455,33.80519973,5,91,20,28340,885,12943,0.031227946365561046,14.624858757062148
medium,20,5,5,4,342,greedy,area,success,490,0.623599754,5,98,20,,,,,
medium,20,5,5,4,342,stochastic_greedy,area,success,470,0.556712493,94,5,20,,,,,
medium,20,5,5,4,342,genetic_greedy,area,success,470,15.346338857,94,5,20,28319,408,3578,0.01440728839295173,8.769607843137255
medium,20,5,5,4,342,genetic_stochastic,area,success,465,40.928099526,93,5,20,28159,1083,16336,0.03846017259135623,15.084025854108956
medium,20,5,5,5,442,greedy,area,success,465,0.539531899,5,93,20,,,,,
medium,20,5,5,5,442,stochastic_greedy,area,success,480,0.590962548,5,96,20,,,,,
medium,20,5,5,5,442,genetic_greedy,area,success,445,18.441605986,89,5,20,28347,521,4862,0.018379369950964827,9.332053742802303
medium,20,5,5,5,442,genetic_stochastic,area,success,440,39.778215918,88,5,20,28273,1045,16011,0.036961058253457364,15.321531100478468
medium,20,5,5,6,542,greedy,area,success,470,0.559880025,94,5,20,,,,,
medium,20,5,5,6,542,stochastic_greedy,area,success,470,0.563349334,94,5,20,,,,,
medium,20,5,5,6,542,genetic_greedy,area,success,470,17.140499215,94,5,20,28159,511,5867,0.018146951241166234,11.481409001956948
medium,20,5,5,6,542,genetic_stochastic,area,success,455,27.1225294,5,91,20,28267,690,10111,0.024410089503661515,14.653623188405797
medium,20,5,5,7,642,greedy,area,success,460,0.524680068,5,92,20,,,,,
medium,20,5,5,7,642,stochastic_greedy,area,success,455,0.510144229,5,91,20,,,,,
medium,20,5,5,7,642,genetic_greedy,area,success,450,14.52475684,5,90,20,28367,191,2555,0.006733175873373991,13.37696335078534
medium,20,5,5,7,642,genetic_stochastic,area,success,450,28.803700001,5,90,20,28243,733,10542,0.025953333569380024,14.381991814461118
medium,20,5,5,8,742,greedy,area,success,485,0.609774864,5,97,20,,,,,
medium,20,5,5,8,742,stochastic_greedy,area,success,485,0.609768823,5,97,20,,,,,
medium,20,5,5,8,742,genetic_greedy,area,success,460,13.599732036,92,5,20,28356,182,2127,0.0064183946960079,11.686813186813186
medium,20,5,5,8,742,genetic_stochastic,area,success,455,28.621621701,91,5,20,28402,680,9831,0.02394197591718893,14.45735294117647
medium,20,5,5,9,842,greedy,area,success,470,0.556742596,94,5,20,,,,,
medium,20,5,5,9,842,stochastic_greedy,area,success,460,0.540492183,5,92,20,,,,,
medium,20,5,5,9,842,genetic_greedy,area,success,450,15.238470073,5,90,20,28258,262,2929,0.009271710666006086,11.179389312977099
medium,20,5,5,9,842,genetic_stochastic,area,success,450,30.643488367,5,90,20,28376,838,12060,0.029531998872286438,14.391408114558473
medium,20,5,5,10,942,greedy,area,success,455,0.513021902,5,91,20,,,,,
medium,20,5,5,10,942,stochastic_greedy,area,success,460,0.5252047,5,92,20,,,,,
medium,20,5,5,10,942,genetic_greedy,area,success,460,17.597650371,5,92,20,28354,330,3758,0.011638569514001551,11.387878787878789
medium,20,5,5,10,942,genetic_stochastic,area,success,450,31.945297209,5,90,20,28468,738,11251,0.02592384431642546,15.245257452574526
medium,20,5,5,1,42,merge_greedy,area,success,520,2.884076054,26,20,20,,,,,
medium,20,5,5,2,142,merge_greedy,area,success,504,2.744710921,21,24,20,,,,,
medium,20,5,5,3,242,merge_greedy,area,success,496,3.691773554,16,31,20,,,,,
medium,20,5,5,4,342,merge_greedy,area,success,529,3.76249931,23,23,20,,,,,
medium,20,5,5,5,442,merge_greedy,area,success,525,3.834228083,21,25,20,,,,,
medium,20,5,5,6,542,merge_greedy,area,success,528,4.082840621,16,33,20,,,,,
medium,20,5,5,7,642,merge_greedy,area,success,567,3.077785373,27,21,20,,,,,
medium,20,5,5,8,742,merge_greedy,area,success,496,3.666641602,31,16,20,,,,,
medium,20,5,5,9,842,merge_greedy,area,success,494,2.9109253,26,19,20,,,,,
medium,20,5,5,10,942,merge_greedy,area,success,525,3.246752121,25,21,20,,,,,
medium,20,5,5,1,42,beam_search,area,success,460,10.457989678,92,5,20,,,,,
medium,20,5,5,2,142,beam_search,area,success,450,10.007669471,5,90,20,,,,,
medium,20,5,5,3,242,beam_search,area,success,455,10.113044104,5,91,20,,,,,
medium,20,5,5,4,342,beam_search,area,success,465,10.343637717,93,5,20,,,,,
medium,20,5,5,5,442,beam_search,area,success,440,10.187770732,88,5,20,,,,,
medium,20,5,5,6,542,beam_search,area,success,455,10.257206457,5,91,20,,,,,
medium,20,5,5,7,642,beam_search,area,success,450,10.871188982,5,90,20,,,,,
medium,20,5,5,8,742,beam_search,area,success,455,10.452977089,91,5,20,,,,,
medium,20,5,5,9,842,beam_search,area,success,460,10.407279886,92,5,20,,,,,
medium,20,5,5,10,942,beam_search,area,success,450,10.173984695,5,90,20,,,,,
medium,20,10,10,1,42,greedy,area,success,2000,81.096310641,10,200,20,,,,,
medium,20,10,10,1,42,stochastic_greedy,area,success,2000,81.093340419,10,200,20,,,,,
medium,20,10,10,1,42,genetic_greedy,area,success,2000,1420.091912381,10,200,20,28267,844,8691,0.029858138465348287,10.29739336492891
medium,20,10,10,1,42,genetic_stochastic,area,success,2000,2069.949650473,10,200,20,28560,1110,16253,0.038865546218487396,14.642342342342342
medium,20,10,10,2,142,greedy,area,success,1990,79.979642058,10,199,20,,,,,
medium,20,10,10,2,142,stochastic_greedy,area,success,1980,78.873274803,10,198,20,,,,,
medium,20,10,10,2,142,genetic_greedy,area,success,1980,953.595836045,10,198,20,28281,234,1833,0.008274106290442347,7.833333333333333
medium,20,10,10,2,142,genetic_stochastic,area,success,1980,2240.127986322,10,198,20,28235,1146,17512,0.0405879227908624,15.280977312390926
medium,20,10,10,3,242,greedy,area,success,2000,81.049773265,10,200,20,,,,,
medium,20,10,10,3,242,stochastic_greedy,area,success,2000,81.042972876,10,200,20,,,,,
medium,20,10,10,3,242,genetic_greedy,area,success,2000,1410.627482374,10,200,20,28446,864,8517,0.03037333895802573,9.85763888888889
medium,20,10,10,3,242,genetic_stochastic,area,success,2000,2726.475355335,10,200,20,28238,1862,25831,0.06593951412989589,13.872717508055853
medium,20,10,10,4,342,greedy,area,success,2000,81.115702147,10,200,20,,,,,
medium,20,10,10,4,342,stochastic_greedy,area,success,2000,80.532987402,200,10,20,,,,,
medium,20,10,10,4,342,genetic_greedy,area,success,2000,1656.52960936,10,200,20,28420,1074,12404,0.03779028852920478,11.549348230912477
medium,20,10,10,4,342,genetic_stochastic,area,success,2000,2137.952222079,200,10,20,28356,1367,18916,0.048208492029905486,13.837600585223116
medium,20,10,10,5,442,greedy,area,success,2000,81.059628293,10,200,20,,,,,
medium,20,10,10,5,442,stochastic_greedy,area,success,2000,80.62816061,200,10,20,,,,,
medium,20,10,10,5,442,genetic_greedy,area,success,2000,1571.948088157,10,200,20,28412,793,9180,0.02791074194002534,11.576292559899118
medium,20,10,10,5,442,genetic_stochastic,area,success,2000,2031.519573004,200,10,20,28338,1142,16504,0.04029924483026325,14.45183887915937
medium,20,10,10,6,542,greedy,area,success,1990,79.911089501,10,199,20,,,,,
medium,20,10,10,6,542,stochastic_greedy,area,success,1990,79.949237709,10,199,20,,,,,
medium,20,10,10,6,542,genetic_greedy,area,success,1990,1441.940487351,10,199,20,28264,828,8072,0.029295216529861307,9.748792270531402
medium,20,10,10,6,542,genetic_stochastic,area,success,1990,2181.868206609,10,199,20,28484,1087,16940,0.038161775031596686,15.584176632934682
medium,20,10,10,7,642,greedy,area,success,2000,81.087948143,10,200,20,,,,,
medium,20,10,10,7,642,stochastic_greedy,area,success,2000,80.577213444,200,10,20,,,,,
medium,20,10,10,7,642,genetic_greedy,area,success,2000,1204.716878604,10,200,20,28362,631,4086,0.02224807841478034,6.475435816164818
medium,20,10,10,7,642,genetic_stochastic,area,success,2000,2385.889735358,200,10,20,28284,1618,21794,0.05720548720124452,13.469715698393077
medium,20,10,10,8,742,greedy,area,success,1990,79.427107384,199,10,20,,,,,
medium,20,10,10,8,742,stochastic_greedy,area,success,1990,79.467692344,199,10,20,,,,,
medium,20,10,10,8,742,genetic_greedy,area,success,1990,966.018528879,199,10,20,28263,205,1525,0.007253299366663128,7.439024390243903
medium,20,10,10,8,742,genetic_stochastic,area,success,1990,2502.462773767,199,10,20,28333,1310,20641,0.04623583806868316,15.75648854961832
medium,20,10,10,9,842,greedy,area,success,1990,79.836432544,10,199,20,,,,,
medium,20,10,10,9,842,stochastic_greedy,area,success,2000,80.567184089,200,10,20,,,,,
medium,20,10,10,9,842,genetic_greedy,area,success,51,332.226122447,51,51,20,28457,272,3684,0.009558280915064835,13.544117647058824
medium,20,10,10,9,842,genetic_stochastic,area,success,51,1190.90265365,51,51,20,28357,1204,16180,0.04245865218464576,13.438538205980066
medium,20,10,10,10,942,greedy,area,success,53,0.11544807,53,52,20,,,,,
medium,20,10,10,10,942,stochastic_greedy,area,success,56,0.157524075,53,56,20,,,,,
medium,20,10,10,10,942,genetic_greedy,area,success,50,671.686114699,50,50,20,28273,830,9892,0.029356630000353694,11.918072289156626
medium,20,10,10,10,942,genetic_stochastic,area,success,50,1066.253477605,49,50,20,28396,988,13831,0.03479363290604311,13.998987854251013
medium,50,5,5,1,42,greedy,area,success,1115,6.386487881,223,5,50,,,,,
medium,50,5,5,1,42,stochastic_greedy,area,success,1135,6.825019263,227,5,50,,,,,
medium,50,5,5,1,42,genetic_greedy,area,success,1110,243.28275274,222,5,50,28251,610,22580,0.021592156029875048,37.01639344262295
medium,50,5,5,1,42,genetic_stochastic,area,success,1100,311.548213068,220,5,50,28423,779,33176,0.027407381346092954,42.58793324775353
medium,50,5,5,2,142,greedy,area,success,1140,6.821463724,5,228,50,,,,,
medium,50,5,5,2,142,stochastic_greedy,area,success,1110,6.420618368,222,5,50,,,,,
medium,50,5,5,1,42,merge_greedy,area,success,1184,94.895234171,37,32,50,,,,,
medium,50,5,5,2,142,merge_greedy,area,success,1152,123.50618195,32,36,50,,,,,
medium,50,5,5,2,142,genetic_greedy,area,success,1095,186.185449981,219,5,50,28540,356,11346,0.012473721093202522,31.870786516853933
medium,50,5,5,1,42,beam_search,area,success,1090,342.219921981,5,218,50,,,,,
medium,50,5,5,2,142,genetic_stochastic,area,success,1080,272.782960024,216,5,50,28299,600,25973,0.0212021626205873,43.288333333333334
medium,50,5,5,2,142,beam_search,area,success,1080,344.719008417,216,5,50,,,,,
medium,50,5,5,3,242,merge_greedy,area,success,1188,92.208831291,36,33,50,,,,,
medium,50,5,5,3,242,greedy,area,success,1085,5.98901678,217,5,50,,,,,
medium,50,5,5,3,242,stochastic_greedy,area,success,1095,6.002264919,219,5,50,,,,,
medium,50,5,5,3,242,genetic_greedy,area,success,1090,177.080112144,218,5,50,28327,288,10631,0.010166978501076711,36.91319444444444
medium,50,5,5,3,242,genetic_stochastic,area,success,1090,347.479645466,218,5,50,28085,787,34451,0.028022075841196366,43.77509529860229
medium,50,5,5,3,242,beam_search,area,success,1080,342.804171985,216,5,50,,,,,
medium,50,5,5,4,342,merge_greedy,area,success,1218,109.313534756,42,29,50,,,,,
medium,50,5,5,4,342,greedy,area,success,1135,6.629698474,227,5,50,,,,,
medium,50,5,5,4,342,stochastic_greedy,area,success,1130,6.588842111,5,226,50,,,,,
medium,50,5,5,4,342,genetic_greedy,area,success,1120,274.922319758,5,224,50,28283,862,32765,0.030477672099847964,38.01044083526682
medium,50,5,5,4,342,genetic_stochastic,area,success,1080,315.203433841,5,216,50,28234,727,31500,0.025749096833604875,43.328748280605225
medium,50,5,5,4,342,beam_search,area,success,1085,341.513822912,5,217,50,,,,,
medium,50,5,5,5,442,merge_greedy,area,success,1092,143.15348155,42,26,50,,,,,
medium,50,5,5,5,442,greedy,area,success,1120,6.5055184,224,5,50,,,,,
medium,50,5,5,5,442,stochastic_greedy,area,success,1135,6.623130242,227,5,50,,,,,
medium,50,5,5,5,442,genetic_greedy,area,success,1100,194.84829323,5,220,50,28403,423,16385,0.014892793014822377,38.73522458628842
medium,50,5,5,5,442,genetic_stochastic,area,success,1089,311.448093807,121,9,50,28250,754,32638,0.026690265486725664,43.286472148541115
medium,50,5,5,5,442,beam_search,area,success,1100,347.378555733,220,5,50,,,,,
medium,50,5,5,6,542,merge_greedy,area,success,1196,121.277460097,46,26,50,,,,,
medium,50,5,5,6,542,greedy,area,success,1130,6.654419087,5,226,50,,,,,
medium,50,5,5,6,542,stochastic_greedy,area,success,1145,6.981791803,5,229,50,,,,,
medium,50,5,5,6,542,genetic_greedy,area,success,1080,219.72823192,216,5,50,28387,508,19071,0.01789551555289393,37.54133858267716
medium,50,5,5,6,542,genetic_stochastic,area,success,1090,343.011034993,218,5,50,28487,897,38527,0.03148804717941517,42.95094760312151
medium,50,5,5,6,542,beam_search,area,success,1075,346.994775403,215,5,50,,,,,
medium,50,5,5,7,642,merge_greedy,area,success,1178,102.926034872,38,31,50,,,,,
medium,50,5,5,7,642,greedy,area,success,1145,6.885802863,5,229,50,,,,,
medium,50,5,5,7,642,stochastic_greedy,area,success,1150,6.944791231,5,230,50,,,,,
medium,50,5,5,7,642,genetic_greedy,area,success,1115,235.438196271,223,5,50,28482,459,16728,0.016115441331367178,36.44444444444444
medium,50,5,5,7,642,genetic_stochastic,area,success,1105,282.606516438,221,5,50,28268,602,25774,0.021296165275222868,42.81395348837209
medium,50,5,5,7,642,beam_search,area,success,1130,348.44343765,5,226,50,,,,,
medium,50,5,5,8,742,merge_greedy,area,success,1170,108.043532688,39,30,50,,,,,
medium,50,5,5,8,742,greedy,area,success,1120,6.504497465,224,5,50,,,,,
medium,50,5,5,8,742,stochastic_greedy,area,success,1140,6.725715477,5,228,50,,,,,
medium,50,5,5,8,742,genetic_greedy,area,success,1105,345.72011249,221,5,50,28427,1045,31042,0.03676082597530517,29.705263157894738
medium,50,5,5,8,742,genetic_stochastic,area,success,1095,287.373772228,219,5,50,28282,602,26145,0.02128562336468425,43.43023255813954
medium,50,5,5,8,742,beam_search,area,success,1090,341.992540233,218,5,50,,,,,
medium,50,5,5,9,842,merge_greedy,area,success,1120,98.203260059,35,32,50,,,,,
medium,50,5,5,9,842,greedy,area,success,1110,6.347679996,222,5,50,,,,,
medium,50,5,5,9,842,stochastic_greedy,area,success,1105,6.344778597,221,5,50,,,,,
medium,50,5,5,9,842,genetic_greedy,area,success,1090,234.576698475,5,218,50,28310,619,23309,0.02186506534793359,37.65589660743134
medium,50,5,5,9,842,genetic_stochastic,area,success,1090,254.880963237,5,218,50,28326,595,25149,0.021005436701263855,42.267226890756305
medium,50,5,5,9,842,beam_search,area,success,1112,250.270559256,8,139,50,,,,,
medium,50,5,5,10,942,merge_greedy,area,success,1178,92.065431515,38,31,50,,,,,
medium,50,5,5,10,942,greedy,area,success,1110,6.24537974,5,222,50,,,,,
medium,50,5,5,10,942,stochastic_greedy,area,success,1140,6.727470405,228,5,50,,,,,
medium,50,5,5,10,942,genetic_greedy,area,success,1105,229.941896004,5,221,50,28451,509,19881,0.017890408070015115,39.05893909626719
medium,50,5,5,10,942,genetic_stochastic,area,success,1105,322.28261108,5,221,50,28380,710,30220,0.025017618040873855,42.563380281690144
medium,50,5,5,10,942,beam_search,area,success,1100,347.01109774,5,220,50,,,,,
medium,20,2,4,1,42,merge_greedy,area,success,98,0.151563179,14,7,20,,,,,
medium,20,2,4,1,42,greedy,area,success,100,0.014869592,50,2,20,,,,,
medium,20,2,4,1,42,stochastic_greedy,area,success,94,0.013251845,47,2,20,,,,,
medium,20,2,4,1,42,genetic_greedy,area,success,90,1.449239096,30,3,20,28185,759,10474,0.026929217668972858,13.79973649538867
medium,20,2,4,1,42,genetic_stochastic,area,success,76,1.396586429,19,4,20,28413,751,10648,0.02643156301692887,14.178428761651132
medium,20,2,4,1,42,beam_search,area,success,76,1.134793716,19,4,20,,,,,
medium,20,2,4,2,142,merge_greedy,area,success,90,0.138519634,15,6,20,,,,,
medium,20,2,4,2,142,greedy,area,success,92,0.012255354,46,2,20,,,,,
medium,20,2,4,2,142,stochastic_greedy,area,success,86,0.012339681,43,2,20,,,,,
medium,20,2,4,2,142,genetic_greedy,area,success,84,1.280580387,28,3,20,28364,695,8801,0.02450289098857707,12.663309352517986
medium,20,2,4,2,142,genetic_stochastic,area,success,75,1.320773598,25,3,20,28290,713,10955,0.025203252032520326,15.364656381486675
medium,20,2,4,2,142,beam_search,area,success,72,1.305705097,24,3,20,,,,,
medium,20,2,4,3,242,merge_greedy,area,success,96,0.146147397,16,6,20,,,,,
medium,20,2,4,3,242,greedy,area,success,100,0.007130042,25,4,20,,,,,
medium,20,2,4,3,242,stochastic_greedy,area,success,136,0.014835454,4,34,20,,,,,
medium,20,2,4,3,242,genetic_greedy,area,success,96,1.190903235,48,2,20,28372,266,3773,0.009375440575215001,14.18421052631579
medium,20,2,4,3,242,genetic_stochastic,area,success,88,1.487543369,22,4,20,28224,801,11580,0.028380102040816327,14.456928838951312
medium,20,2,4,3,242,beam_search,area,success,94,1.688057508,47,2,20,,,,,
medium,20,2,4,4,342,merge_greedy,area,success,96,0.138676125,16,6,20,,,,,
medium,20,2,4,4,342,greedy,area,success,94,0.015184635,47,2,20,,,,,
medium,20,2,4,4,342,stochastic_greedy,area,success,90,0.021998205,45,2,20,,,,,
medium,20,2,4,4,342,genetic_greedy,area,success,78,1.003158066,13,6,20,28223,311,4654,0.011019381355631932,14.964630225080386
medium,20,2,4,4,342,genetic_stochastic,area,success,75,1.578802916,15,5,20,28557,1072,14621,0.03753895717337255,13.638992537313433
medium,20,2,4,4,342,beam_search,area,success,88,1.644091485,44,2,20,,,,,
medium,20,2,4,5,442,merge_greedy,area,success,104,0.153426359,13,8,20,,,,,
medium,20,2,4,5,442,greedy,area,success,125,0.008885562,5,25,20,,,,,
medium,20,2,4,5,442,stochastic_greedy,area,success,116,0.008447935,4,29,20,,,,,
medium,20,2,4,5,442,genetic_greedy,area,success,88,1.624099477,22,4,20,28197,705,11342,0.025002659857431643,16.087943262411347
medium,20,2,4,5,442,genetic_stochastic,area,success,76,1.512359968,19,4,20,28321,923,13008,0.03259065710956534,14.0931744312026
medium,20,2,4,5,442,beam_search,area,success,78,1.225221226,26,3,20,,,,,
medium,20,2,4,6,542,merge_greedy,area,success,90,0.154586519,15,6,20,,,,,
medium,20,2,4,6,542,greedy,area,success,102,0.014575538,51,2,20,,,,,
medium,20,2,4,6,542,stochastic_greedy,area,success,106,0.015686783,53,2,20,,,,,
medium,20,2,4,6,542,genetic_greedy,area,success,90,1.235989968,15,6,20,28412,461,6295,0.0162255385048571,13.655097613882864
medium,20,2,4,6,542,genetic_stochastic,area,success,80,1.500322514,20,4,20,28307,847,11936,0.029921927438442786,14.092089728453365
medium,20,2,4,6,542,beam_search,area,success,88,1.702220452,44,2,20,,,,,
medium,20,2,4,7,642,merge_greedy,area,success,80,0.135730704,10,8,20,,,,,
medium,20,2,4,7,642,greedy,area,success,94,0.012628119,47,2,20,,,,,
medium,20,2,4,7,642,stochastic_greedy,area,success,92,0.011949505,46,2,20,,,,,
medium,20,2,4,7,642,genetic_greedy,area,success,78,0.909894319,39,2,20,28373,117,1654,0.004123638670567089,14.136752136752136
medium,20,2,4,7,642,genetic_stochastic,area,success,72,1.234683583,24,3,20,28347,664,8525,0.02342399548453099,12.838855421686747
medium,20,2,4,7,642,beam_search,area,success,76,1.651675041,38,2,20,,,,,
medium,20,2,4,8,742,merge_greedy,area,success,95,0.157471828,19,5,20,,,,,
medium,20,2,4,8,742,greedy,area,success,90,0.011845508,45,2,20,,,,,
medium,20,2,4,8,742,stochastic_greedy,area,success,92,0.012460301,46,2,20,,,,,
medium,20,2,4,8,742,genetic_greedy,area,success,84,1.037766887,42,2,20,28363,210,2917,0.0074040122695060466,13.89047619047619
medium,20,2,4,8,742,genetic_stochastic,area,success,72,1.62559039,18,4,20,28344,1027,13874,0.03623341800733841,13.50925024342746
medium,20,2,4,8,742,beam_search,area,success,72,1.29888848,24,3,20,,,,,
medium,20,2,4,9,842,merge_greedy,area,success,96,0.153680993,16,6,20,,,,,
medium,20,2,4,9,842,greedy,area,success,104,0.015324802,52,2,20,,,,,
medium,20,2,4,9,842,stochastic_greedy,area,success,104,0.015826457,52,2,20,,,,,
medium,20,2,4,9,842,genetic_greedy,area,success,80,1.077009025,20,4,20,28495,245,3591,0.008597999649061239,14.657142857142857
medium,20,2,4,9,842,genetic_stochastic,area,success,81,1.230231694,27,3,20,28238,609,8791,0.021566683192860685,14.435139573070607
medium,20,2,4,9,842,beam_search,area,success,92,1.72134674,46,2,20,,,,,
medium,20,2,4,10,942,merge_greedy,area,success,98,0.142117881,14,7,20,,,,,
medium,20,2,4,10,942,greedy,area,success,88,0.012082879,44,2,20,,,,,
medium,20,2,4,10,942,stochastic_greedy,area,success,90,0.015951643,45,2,20,,,,,
medium,20,2,4,10,942,genetic_greedy,area,success,78,1.154045516,26,3,20,28358,285,3959,0.010050074053177234,13.891228070175439
medium,20,2,4,10,942,genetic_stochastic,area,success,80,1.382939335,20,4,20,28392,834,11911,0.02937447168216399,14.281774580335732
medium,20,2,4,10,942,beam_search,area,success,78,1.329817834,26,3,20,,,,,
medium,20,4,6,1,42,merge_greedy,area,success,480,4.984132153,32,15,20,,,,,
medium,20,4,6,1,42,greedy,area,success,440,0.744632694,110,4,20,,,,,
medium,20,4,6,1,42,stochastic_greedy,area,success,444,0.753411022,111,4,20,,,,,
medium,20,4,6,1,42,genetic_greedy,area,success,436,16.884283304,109,4,20,28324,256,2205,0.0090382714305889,8.61328125
medium,20,4,6,1,42,genetic_stochastic,area,success,432,37.704240148,108,4,20,28222,1269,17994,0.044964920983629794,14.17966903073286
medium,20,4,6,1,42,beam_search,area,success,432,10.659078475,108,4,20,,,,,
medium,20,4,6,2,142,merge_greedy,area,success,512,3.998438974,32,16,20,,,,,
medium,20,4,6,2,142,greedy,area,success,462,0.481711564,6,77,20,,,,,
medium,20,4,6,2,142,stochastic_greedy,area,success,462,0.499057353,6,77,20,,,,,
medium,20,4,6,2,142,genetic_greedy,area,success,436,13.020506239,109,4,20,28411,279,3449,0.00982014008658618,12.362007168458781
medium,20,4,6,2,142,genetic_stochastic,area,success,432,22.558137539,108,4,20,28193,591,8304,0.02096265030326677,14.050761421319796
medium,20,4,6,2,142,beam_search,area,success,432,10.509681018,108,4,20,,,,,
medium,20,4,6,3,242,merge_greedy,area,success,510,5.252982473,34,15,20,,,,,
medium,20,4,6,3,242,greedy,area,success,448,0.732330596,112,4,20,,,,,
medium,20,4,6,3,242,stochastic_greedy,area,success,444,0.882336616,111,4,20,,,,,
medium,20,4,6,3,242,genetic_greedy,area,success,448,25.184127541,112,4,20,28464,520,7739,0.018268690275435637,14.882692307692308
medium,20,4,6,3,242,genetic_stochastic,area,success,444,45.57134888,111,4,20,28430,1459,21396,0.05131902919451284,14.664838930774502
medium,20,4,6,3,242,beam_search,area,success,444,10.713756913,111,4,20,,,,,
medium,20,4,6,4,342,merge_greedy,area,success,512,3.939483831,32,16,20,,,,,
medium,20,4,6,4,342,greedy,area,success,444,0.712808627,111,4,20,,,,,
medium,20,4,6,4,342,stochastic_greedy,area,success,436,0.776980969,109,4,20,,,,,
medium,20,4,6,4,342,genetic_greedy,area,success,440,27.516744715,110,4,20,28436,694,10370,0.024405682937121958,14.94236311239193
medium,20,4,6,4,342,genetic_stochastic,area,success,424,30.555178136,106,4,20,28176,872,12795,0.03094832481544577,14.67316513761468
medium,20,4,6,4,342,beam_search,area,success,424,10.701718309,106,4,20,,,,,
medium,20,4,6,5,442,merge_greedy,area,success,450,2.87998893,25,18,20,,,,,
medium,20,4,6,5,442,greedy,area,success,444,0.814573144,111,4,20,,,,,
medium,20,4,6,5,442,stochastic_greedy,area,success,448,0.727830269,112,4,20,,,,,
medium,20,4,6,5,442,genetic_greedy,area,success,444,14.25113552,111,4,20,28387,217,2486,0.007644344242082644,11.456221198156681
medium,20,4,6,5,442,genetic_stochastic,area,success,444,32.368470234,111,4,20,28170,1015,14355,0.036031238906638265,14.142857142857142
medium,20,4,6,5,442,beam_search,area,success,450,9.216951267,6,75,20,,,,,
medium,20,4,6,6,542,merge_greedy,area,success,460,3.229195916,23,20,20,,,,,
medium,20,4,6,6,542,greedy,area,success,444,0.87582909,111,4,20,,,,,
medium,20,4,6,6,542,stochastic_greedy,area,success,452,0.745971151,113,4,20,,,,,
medium,20,4,6,6,542,genetic_greedy,area,success,436,19.325233271,109,4,20,28366,331,3834,0.01166889938658958,11.58308157099698
medium,20,4,6,6,542,genetic_stochastic,area,success,432,28.05508406,108,4,20,28371,695,10492,0.02449684537027246,15.096402877697841
medium,20,4,6,6,542,beam_search,area,success,432,10.689315598,108,4,20,,,,,
medium,20,4,6,7,642,merge_greedy,area,success,540,5.014858153,30,18,20,,,,,
medium,20,4,6,7,642,greedy,area,success,444,0.84053785,111,4,20,,,,,
medium,20,4,6,7,642,stochastic_greedy,area,success,448,0.825240355,112,4,20,,,,,
medium,20,4,6,7,642,genetic_greedy,area,success,440,21.524492714,110,4,20,28332,528,5305,0.018636171113934775,10.047348484848484
medium,20,4,6,7,642,genetic_stochastic,area,success,440,43.468286616,110,4,20,28433,1379,20767,0.048499982414799706,15.059463379260334
medium,20,4,6,7,642,beam_search,area,success,468,9.323714503,6,78,20,,,,,
medium,20,4,6,8,742,merge_greedy,area,success,462,4.086568748,33,14,20,,,,,
medium,20,4,6,8,742,greedy,area,success,436,0.653444517,109,4,20,,,,,
medium,20,4,6,8,742,stochastic_greedy,area,success,436,0.726119605,109,4,20,,,,,
medium,20,4,6,8,742,genetic_greedy,area,success,432,20.168857353,108,4,20,28291,567,6394,0.02004170937754056,11.27689594356261
medium,20,4,6,8,742,genetic_stochastic,area,success,428,37.861181378,107,4,20,28354,1320,18982,0.046554278056006204,14.38030303030303
medium,20,4,6,8,742,beam_search,area,success,428,10.807485339,107,4,20,,,,,
medium,20,4,6,9,842,merge_greedy,area,success,456,3.381551757,24,19,20,,,,,
medium,20,4,6,9,842,greedy,area,success,448,0.824384865,112,4,20,,,,,
medium,20,4,6,9,842,stochastic_greedy,area,success,444,0.718491179,111,4,20,,,,,
medium,20,4,6,9,842,genetic_greedy,area,success,432,14.505462937,108,4,20,28308,218,1881,0.0077010032499646745,8.628440366972477
medium,20,4,6,9,842,genetic_stochastic,area,success,428,35.084165145,107,4,20,28359,1133,17031,0.03995204344299869,15.031774051191526
medium,20,4,6,9,842,beam_search,area,success,428,10.655809986,107,4,20,,,,,
medium,20,4,6,10,942,merge_greedy,area,success,448,3.248160089,32,14,20,,,,,
medium,20,4,6,10,942,greedy,area,success,432,0.687675731,108,4,20,,,,,
medium,20,4,6,10,942,stochastic_greedy,area,success,428,0.746282957,107,4,20,,,,,
medium,20,4,6,10,942,genetic_greedy,area,success,432,11.525668085,108,4,20,28511,137,1923,0.004805162919574901,14.036496350364963
medium,20,4,6,10,942,genetic_stochastic,area,success,420,32.95347519,105,4,20,28390,1086,15913,0.03825290595280028,14.652854511970535
medium,20,4,6,10,942,beam_search,area,success,420,10.576808582,105,4,20,,,,,
medium,30,2,4,1,42,merge_greedy,area,success,112,0.462730433,14,8,30,,,,,
medium,30,2,4,1,42,greedy,area,success,144,0.032765468,72,2,30,,,,,
medium,30,2,4,1,42,stochastic_greedy,area,success,134,0.028591098,67,2,30,,,,,
medium,30,2,4,1,42,genetic_greedy,area,success,117,2.342316953,39,3,30,28277,427,10877,0.015100611804646885,25.473067915690866
medium,30,2,4,1,42,genetic_stochastic,area,success,114,3.121665704,19,6,30,28342,912,21547,0.03217839249170842,23.62609649122807
medium,30,2,4,1,42,beam_search,area,success,124,7.793951844,62,2,30,,,,,
medium,30,2,4,2,142,merge_greedy,area,success,128,0.451997062,16,8,30,,,,,
medium,30,2,4,2,142,greedy,area,success,140,0.035000457,70,2,30,,,,,
medium,30,2,4,2,142,stochastic_greedy,area,success,128,0.032591319,64,2,30,,,,,
medium,30,2,4,2,142,genetic_greedy,area,success,112,2.105494123,28,4,30,28295,308,7312,0.010885315426753844,23.74025974025974
medium,30,2,4,2,142,genetic_stochastic,area,success,96,2.724648783,32,3,30,28489,675,16615,0.023693355330127418,24.614814814814814
medium,30,2,4,2,142,beam_search,area,success,122,7.828838243,61,2,30,,,,,
medium,30,2,4,3,242,merge_greedy,area,success,120,0.464608253,20,6,30,,,,,
medium,30,2,4,3,242,greedy,area,success,138,0.033526815,69,2,30,,,,,
medium,30,2,4,3,242,stochastic_greedy,area,success,134,0.036139492,67,2,30,,,,,
medium,30,2,4,3,242,genetic_greedy,area,success,108,2.183278794,27,4,30,28393,256,6440,0.009016306836192018,25.15625
medium,30,2,4,3,242,genetic_stochastic,area,success,116,2.994647813,29,4,30,28205,685,16643,0.024286474029427407,24.296350364963505
medium,30,2,4,3,242,beam_search,area,success,126,8.487704353,63,2,30,,,,,
medium,30,2,4,4,342,merge_greedy,area,success,105,0.510083729,21,5,30,,,,,
medium,30,2,4,4,342,greedy,area,success,120,0.013486468,40,3,30,,,,,
medium,30,2,4,4,342,stochastic_greedy,area,success,111,0.012653175,37,3,30,,,,,
medium,30,2,4,4,342,genetic_greedy,area,success,96,2.027810424,32,3,30,28438,350,7907,0.012307475912511428,22.591428571428573
medium,30,2,4,4,342,genetic_stochastic,area,success,100,3.134053963,25,4,30,28462,923,21512,0.032429203850748364,23.306608884073672
medium,30,2,4,4,342,beam_search,area,success,112,7.792724642,56,2,30,,,,,
medium,30,2,4,5,442,merge_greedy,area,success,138,0.698987364,23,6,30,,,,,
medium,30,2,4,5,442,greedy,area,success,170,0.060226995,85,2,30,,,,,
medium,30,2,4,5,442,stochastic_greedy,area,success,164,0.047813878,82,2,30,,,,,
medium,30,2,4,5,442,genetic_greedy,area,success,116,2.587400695,29,4,30,28322,482,11212,0.01701857213473625,23.261410788381742
medium,30,2,4,5,442,genetic_stochastic,area,success,124,3.093150008,31,4,30,28456,756,18076,0.02656733202136632,23.91005291005291
medium,30,2,4,5,442,beam_search,area,success,115,4.211782567,23,5,30,,,,,
medium,30,2,4,6,542,merge_greedy,area,success,112,0.559856086,14,8,30,,,,,
medium,30,2,4,6,542,greedy,area,success,126,0.026022836,63,2,30,,,,,
medium,30,2,4,6,542,stochastic_greedy,area,success,124,0.053317774,62,2,30,,,,,
medium,30,2,4,6,542,genetic_greedy,area,success,100,2.254354367,20,5,30,28257,360,9042,0.012740205966663127,25.116666666666667
medium,30,2,4,6,542,genetic_stochastic,area,success,108,2.754248737,27,4,30,28395,696,16430,0.02451135763338616,23.60632183908046
medium,30,2,4,6,542,beam_search,area,success,99,5.599344546,33,3,30,,,,,
medium,30,2,4,7,642,merge_greedy,area,success,102,0.488542091,17,6,30,,,,,
medium,30,2,4,7,642,greedy,area,success,102,0.010291564,34,3,30,,,,,
medium,30,2,4,7,642,stochastic_greedy,area,success,115,0.00931244,23,5,30,,,,,
medium,30,2,4,7,642,genetic_greedy,area,success,99,2.100801476,33,3,30,28324,335,8240,0.011827425504872193,24.597014925373134
medium,30,2,4,7,642,genetic_stochastic,area,success,102,2.503946585,34,3,30,28251,702,16235,0.024848677922905384,23.126780626780626
medium,30,2,4,7,642,beam_search,area,success,108,7.598591468,54,2,30,,,,,
medium,30,2,4,8,742,merge_greedy,area,success,119,0.53341161,17,7,30,,,,,
medium,30,2,4,8,742,greedy,area,success,126,0.025385339,63,2,30,,,,,
medium,30,2,4,8,742,stochastic_greedy,area,success,124,0.023589446,62,2,30,,,,,
medium,30,2,4,8,742,genetic_greedy,area,success,115,2.46187653,23,5,30,28326,491,12212,0.017333898185412696,24.871690427698574
medium,30,2,4,8,742,genetic_stochastic,area,success,108,2.824350695,27,4,30,28330,754,18101,0.026614895870102365,24.00663129973475
medium,30,2,4,8,742,beam_search,area,success,116,7.815849242,58,2,30,,,,,
medium,30,2,4,9,842,merge_greedy,area,success,126,0.56582171,18,7,30,,,,,
medium,30,2,4,9,842,greedy,area,success,148,0.044345671,74,2,30,,,,,
medium,30,2,4,9,842,stochastic_greedy,area,success,148,0.091914005,74,2,30,,,,,
medium,30,2,4,9,842,genetic_greedy,area,success,120,2.877979348,40,3,30,28277,690,17438,0.02440145701453478,25.27246376811594
medium,30,2,4,9,842,genetic_stochastic,area,success,111,2.946264381,37,3,30,28333,830,19797,0.02929446228779162,23.851807228915664
medium,30,2,4,9,842,beam_search,area,success,128,7.969038756,64,2,30,,,,,
medium,30,2,4,10,942,merge_greedy,area,success,126,0.520486715,18,7,30,,,,,
medium,30,2,4,10,942,greedy,area,success,134,0.028759393,67,2,30,,,,,
medium,30,2,4,10,942,stochastic_greedy,area,success,138,0.032652844,69,2,30,,,,,
medium,30,2,4,10,942,genetic_greedy,area,success,116,2.35333306,29,4,30,28219,499,11337,0.01768312130125093,22.71943887775551
medium,30,2,4,10,942,genetic_stochastic,area,success,114,2.735207368,38,3,30,28263,738,17385,0.026111877719987263,23.556910569105693
medium,30,2,4,10,942,beam_search,area,success,111,5.60795475,37,3,30,,,,,
medium,30,4,6,1,42,merge_greedy,area,success,648,12.586546307,27,24,30,,,,,
medium,30,4,6,1,42,greedy,area,success,664,2.167685934,166,4,30,,,,,
medium,30,4,6,1,42,stochastic_greedy,area,success,656,2.343433224,164,4,30,,,,,
medium,30,4,6,1,42,genetic_greedy,area,success,648,64.279468052,162,4,30,28327,751,13018,0.026511808521904896,17.33422103861518
medium,30,4,6,1,42,genetic_stochastic,area,success,644,95.941951984,161,4,30,28298,1148,26497,0.04056823803802389,23.08101045296167
medium,30,4,6,1,42,beam_search,area,success,644,50.355393524,161,4,30,,,,,
medium,30,4,6,2,142,merge_greedy,area,success,690,13.530416155,30,23,30,,,,,
medium,30,4,6,2,142,greedy,area,success,672,1.145086673,6,112,30,,,,,
medium,30,4,6,2,142,stochastic_greedy,area,success,690,1.355683504,6,115,30,,,,,
medium,30,4,6,2,142,genetic_greedy,area,success,648,42.372211129,162,4,30,28391,337,6299,0.011869958789757317,18.69139465875371
medium,30,4,6,2,142,genetic_stochastic,area,success,640,85.614914658,160,4,30,28336,862,20789,0.030420666290231508,24.117169373549885
medium,30,4,6,2,142,beam_search,area,success,666,42.539420112,6,111,30,,,,,
medium,30,4,6,3,242,merge_greedy,area,success,704,18.294666264,44,16,30,,,,,
medium,30,4,6,3,242,greedy,area,success,652,2.052540025,163,4,30,,,,,
medium,30,4,6,3,242,stochastic_greedy,area,success,640,2.065007183,160,4,30,,,,,
medium,30,4,6,3,242,genetic_greedy,area,success,636,36.700090263,159,4,30,28403,226,4913,0.00795690596063796,21.738938053097346
medium,30,4,6,3,242,genetic_stochastic,area,success,632,99.486912428,158,4,30,28222,1179,28446,0.041775919495429095,24.127226463104325
medium,30,4,6,3,242,beam_search,area,success,636,49.293289824,159,4,30,,,,,
medium,30,4,6,4,342,merge_greedy,area,success,720,14.430150778,30,24,30,,,,,
medium,30,4,6,4,342,greedy,area,success,666,1.157037683,6,111,30,,,,,
medium,30,4,6,4,342,stochastic_greedy,area,success,666,1.241746316,6,111,30,,,,,
medium,30,4,6,4,342,genetic_greedy,area,success,640,35.542149893,160,4,30,28487,254,5448,0.008916347807771965,21.448818897637796
medium,30,4,6,4,342,genetic_stochastic,area,success,636,74.846594324,159,4,30,28400,826,19317,0.029084507042253523,23.386198547215496
medium,30,4,6,4,342,beam_search,area,success,636,50.306636144,159,4,30,,,,,
medium,30,4,6,5,442,merge_greedy,area,success,735,18.187726267,35,21,30,,,,,
medium,30,4,6,5,442,greedy,area,success,656,2.111501695,164,4,30,,,,,
medium,30,4,6,5,442,stochastic_greedy,area,success,656,2.128239855,164,4,30,,,,,
medium,30,4,6,5,442,genetic_greedy,area,success,644,42.380636162,161,4,30,28195,346,6303,0.012271679375775847,18.216763005780347
medium,30,4,6,5,442,genetic_stochastic,area,success,644,103.769721759,161,4,30,28412,1151,28573,0.040511051668309164,24.824500434404865
medium,30,4,6,5,442,beam_search,area,success,672,41.611289803,6,112,30,,,,,
medium,30,4,6,6,542,merge_greedy,area,success,750,23.681066316,50,15,30,,,,,
medium,30,4,6,6,542,greedy,area,success,632,2.013760504,158,4,30,,,,,
medium,30,4,6,6,542,stochastic_greedy,area,success,628,1.981959224,157,4,30,,,,,
medium,30,4,6,6,542,genetic_greedy,area,success,632,34.73918688,158,4,30,28358,202,3899,0.00712321038155018,19.301980198019802
medium,30,4,6,6,542,genetic_stochastic,area,success,628,81.764710966,157,4,30,28330,911,22066,0.0321567243205083,24.22173435784852
medium,30,4,6,6,542,beam_search,area,success,628,49.924566157,157,4,30,,,,,
medium,30,4,6,7,642,merge_greedy,area,success,697,23.42646692,41,17,30,,,,,
medium,30,4,6,7,642,greedy,area,success,640,1.982287932,160,4,30,,,,,
medium,30,4,6,7,642,stochastic_greedy,area,success,632,1.882003516,158,4,30,,,,,
medium,30,4,6,7,642,genetic_greedy,area,success,636,43.619165425,159,4,30,28275,328,5650,0.011600353669319186,17.225609756097562
medium,30,4,6,7,642,genetic_stochastic,area,success,624,83.882327695,156,4,30,28408,823,19976,0.028970712475359053,24.27217496962333
medium,30,4,6,7,642,beam_search,area,success,624,49.914337583,156,4,30,,,,,
medium,30,4,6,8,742,merge_greedy,area,success,760,15.898163852,38,20,30,,,,,
medium,30,4,6,8,742,greedy,area,success,690,1.178947964,6,115,30,,,,,
medium,30,4,6,8,742,stochastic_greedy,area,success,696,1.257335015,6,116,30,,,,,
medium,30,4,6,8,742,genetic_greedy,area,success,620,56.566422741,155,4,30,28439,693,8016,0.024367945427054397,11.567099567099566
medium,30,4,6,8,742,genetic_stochastic,area,success,616,59.716488797,154,4,30,28267,567,13203,0.020058725722574028,23.285714285714285
medium,30,4,6,8,742,beam_search,area,success,680,39.821329281,136,5,30,,,,,
medium,30,4,6,9,842,merge_greedy,area,success,697,18.063543541,41,17,30,,,,,
medium,30,4,6,9,842,greedy,area,success,656,2.13488451,164,4,30,,,,,
medium,30,4,6,9,842,stochastic_greedy,area,success,660,2.230773959,165,4,30,,,,,
medium,30,4,6,9,842,genetic_greedy,area,success,648,55.463918352,162,4,30,28481,436,7697,0.015308451248200555,17.65366972477064
medium,30,4,6,9,842,genetic_stochastic,area,success,640,62.219555493,160,4,30,28421,563,13496,0.019809295943140636,23.97158081705151
medium,30,4,6,9,842,beam_search,area,success,636,49.751896592,159,4,30,,,,,
medium,30,4,6,10,942,merge_greedy,area,success,702,14.30341521,39,18,30,,,,,
medium,30,4,6,10,942,greedy,area,success,640,1.913703478,160,4,30,,,,,
medium,30,4,6,10,942,stochastic_greedy,area,success,636,1.908978571,159,4,30,,,,,
medium,30,4,6,10,942,genetic_greedy,area,success,636,46.834299148,159,4,30,28284,430,6917,0.015202941592419743,16.086046511627906
medium,30,4,6,10,942,genetic_stochastic,area,success,628,90.071838123,157,4,30,28362,1191,26721,0.041992807277342926,22.435768261964736
medium,30,4,6,10,942,beam_search,area,success,624,51.21029311,156,4,30,,,,,
medium,50,2,4,1,42,merge_greedy,area,success,189,2.642927604,27,7,50,,,,,
medium,50,2,4,1,42,greedy,area,success,180,0.065703835,90,2,50,,,,,
medium,50,2,4,1,42,stochastic_greedy,area,success,178,0.065749629,89,2,50,,,,,
medium,50,2,4,1,42,genetic_greedy,area,success,159,7.151809748,53,3,50,28371,562,24869,0.0198089598533714,44.2508896797153
medium,50,2,4,1,42,genetic_stochastic,area,success,156,8.028266233,13,12,50,28225,718,31388,0.025438441098317093,43.71587743732591
medium,50,2,4,1,42,beam_search,area,success,168,56.59436543,84,2,50,,,,,
medium,50,2,4,2,142,merge_greedy,area,success,161,2.764222338,23,7,50,,,,,
medium,50,2,4,2,142,greedy,area,success,192,0.10916665,96,2,50,,,,,
medium,50,2,4,2,142,stochastic_greedy,area,success,192,0.079971367,96,2,50,,,,,
medium,50,2,4,2,142,genetic_greedy,area,success,162,7.867882084,54,3,50,28395,572,25271,0.02014439161824265,44.18006993006993
medium,50,2,4,2,142,genetic_stochastic,area,success,156,8.094315771,52,3,50,28441,762,32562,0.02679230688091136,42.732283464566926
medium,50,2,4,2,142,beam_search,area,success,186,56.414781633,93,2,50,,,,,
medium,50,2,4,3,242,merge_greedy,area,success,155,2.360060082,31,5,50,,,,,
medium,50,2,4,3,242,greedy,area,success,180,0.133224094,90,2,50,,,,,
medium,50,2,4,3,242,stochastic_greedy,area,success,190,0.080357729,95,2,50,,,,,
medium,50,2,4,3,242,genetic_greedy,area,success,153,6.784958703,51,3,50,28383,469,20299,0.01652397561920868,43.28144989339019
medium,50,2,4,3,242,genetic_stochastic,area,success,160,7.991432659,40,4,50,28285,750,31291,0.0265158211065936,41.721333333333334
medium,50,2,4,3,242,beam_search,area,success,170,56.742421009,85,2,50,,,,,
medium,50,2,4,4,342,merge_greedy,area,success,161,2.608064694,23,7,50,,,,,
medium,50,2,4,4,342,greedy,area,success,164,0.050807224,82,2,50,,,,,
medium,50,2,4,4,342,stochastic_greedy,area,success,170,0.054304335,85,2,50,,,,,
medium,50,2,4,4,342,genetic_greedy,area,success,144,6.918559504,48,3,50,28507,607,26232,0.021293015750517418,43.21581548599671
medium,50,2,4,4,342,genetic_stochastic,area,success,141,9.110475715,47,3,50,28343,874,38996,0.03083653812228769,44.617848970251714
medium,50,2,4,4,342,beam_search,area,success,156,55.261219189,78,2,50,,,,,
medium,50,2,4,5,442,merge_greedy,area,success,161,2.972256548,23,7,50,,,,,
medium,50,2,4,5,442,greedy,area,success,186,0.070655826,93,2,50,,,,,
medium,50,2,4,5,442,stochastic_greedy,area,success,186,0.072778289,93,2,50,,,,,
medium,50,2,4,5,442,genetic_greedy,area,success,168,7.244602669,42,4,50,28245,526,22788,0.018622765091166577,43.32319391634981
medium,50,2,4,5,442,genetic_stochastic,area,success,165,9.484732486,55,3,50,28316,904,39494,0.03192541319395395,43.68805309734513
medium,50,2,4,5,442,beam_search,area,success,144,36.814823137,48,3,50,,,,,
medium,50,2,4,6,542,merge_greedy,area,success,152,2.196415987,19,8,50,,,,,
medium,50,2,4,6,542,greedy,area,success,176,0.062931487,88,2,50,,,,,
medium,50,2,4,6,542,stochastic_greedy,area,success,174,0.059839078,87,2,50,,,,,
medium,50,2,4,6,542,genetic_greedy,area,success,153,6.50184693,51,3,50,28246,531,21895,0.01879912199957516,41.23352165725047
medium,50,2,4,6,542,genetic_stochastic,area,success,152,8.705540034,38,4,50,28284,965,40781,0.034118229387639656,42.26010362694301
medium,50,2,4,6,542,beam_search,area,success,164,55.888098104,82,2,50,,,,,
medium,50,2,4,7,642,merge_greedy,area,success,154,2.456325915,22,7,50,,,,,
medium,50,2,4,7,642,greedy,area,success,172,0.057361034,86,2,50,,,,,
medium,50,2,4,7,642,stochastic_greedy,area,success,166,0.05628115,83,2,50,,,,,
medium,50,2,4,7,642,genetic_greedy,area,success,147,5.346523321,49,3,50,28494,409,17308,0.014353899066470135,42.31784841075795
medium,50,2,4,7,642,genetic_stochastic,area,success,148,7.069518502,37,4,50,28217,557,24879,0.01973987312612964,44.666068222621185
medium,50,2,4,7,642,beam_search,area,success,160,54.715008686,80,2,50,,,,,
medium,50,2,4,8,742,merge_greedy,area,success,168,2.431012556,24,7,50,,,,,
medium,50,2,4,8,742,greedy,area,success,174,0.063104923,87,2,50,,,,,
medium,50,2,4,8,742,stochastic_greedy,area,success,178,0.068812473,89,2,50,,,,,
medium,50,2,4,8,742,genetic_greedy,area,success,153,6.16254521,51,3,50,28390,482,19713,0.01697780908770694,40.898340248962654
medium,50,2,4,8,742,genetic_stochastic,area,success,150,8.823473877,50,3,50,28421,813,35147,0.02860560852890468,43.23124231242313
medium,50,2,4,8,742,beam_search,area,success,168,56.413706382,84,2,50,,,,,
medium,50,2,4,9,842,merge_greedy,area,success,160,2.842084255,20,8,50,,,,,
medium,50,2,4,9,842,greedy,area,success,192,0.0850337,96,2,50,,,,,
medium,50,2,4,9,842,stochastic_greedy,area,success,190,0.075346807,95,2,50,,,,,
medium,50,2,4,9,842,genetic_greedy,area,success,162,7.097439492,54,3,50,28334,586,25603,0.020681866309028022,43.69112627986348
medium,50,2,4,9,842,genetic_stochastic,area,success,153,8.620517948,51,3,50,28419,824,35826,0.02899468665329533,43.478155339805824
medium,50,2,4,9,842,beam_search,area,success,186,56.671160157,93,2,50,,,,,
medium,50,2,4,10,942,merge_greedy,area,success,184,2.655999769,23,8,50,,,,,
medium,50,2,4,10,942,greedy,area,success,198,0.082880751,99,2,50,,,,,
medium,50,2,4,10,942,stochastic_greedy,area,success,186,0.071309432,93,2,50,,,,,
medium,50,2,4,10,942,genetic_greedy,area,success,164,6.903375083,41,4,50,28347,473,20280,0.016686069072564997,42.87526427061311
medium,50,2,4,10,942,genetic_stochastic,area,success,150,9.622289076,50,3,50,28295,940,40300,0.03322141721152147,42.87234042553192
medium,50,2,4,10,942,beam_search,area,success,188,57.411389738,94,2,50,,,,,
medium,30,5,5,1,42,merge_greedy,area,success,744,12.530476588,31,24,30,,,,,
medium,30,5,5,1,42,greedy,area,success,690,1.641317818,138,5,30,,,,,
medium,30,5,5,1,42,stochastic_greedy,area,success,695,1.672610843,139,5,30,,,,,
medium,30,5,5,1,42,genetic_greedy,area,success,680,47.849831776,136,5,30,28403,453,6681,0.01594901946977432,14.748344370860927
medium,30,5,5,1,42,genetic_stochastic,area,success,675,79.161155389,5,135,30,28340,648,15640,0.022865208186309105,24.135802469135804
medium,30,5,5,1,42,beam_search,area,success,675,47.232929684,5,135,30,,,,,
medium,30,5,5,2,142,merge_greedy,area,success,720,16.448614712,30,24,30,,,,,
medium,30,5,5,2,142,greedy,area,success,695,1.672443374,5,139,30,,,,,
medium,30,5,5,2,142,stochastic_greedy,area,success,690,1.653729158,5,138,30,,,,,
medium,30,5,5,2,142,genetic_greedy,area,success,680,43.367164855,136,5,30,28423,307,4945,0.010801111775674629,16.107491856677523
medium,30,5,5,2,142,genetic_stochastic,area,success,670,87.215257189,67,10,30,28395,796,19181,0.028033104419792218,24.09673366834171
medium,30,5,5,2,142,beam_search,area,success,672,35.947351178,8,84,30,,,,,
medium,30,5,5,3,242,merge_greedy,area,success,736,12.98551543,32,23,30,,,,,
medium,30,5,5,3,242,greedy,area,success,685,1.647540721,137,5,30,,,,,
medium,30,5,5,3,242,stochastic_greedy,area,success,685,1.649888938,137,5,30,,,,,
medium,30,5,5,3,242,genetic_greedy,area,success,675,98.576641819,135,5,30,28285,1288,27233,0.045536503447056745,21.143633540372672
medium,30,5,5,3,242,genetic_stochastic,area,success,665,99.451816598,5,133,30,28346,775,18641,0.027340718267127636,24.052903225806453
medium,30,5,5,3,242,beam_search,area,success,675,53.030047445,135,5,30,,,,,
medium,30,5,5,4,342,merge_greedy,area,success,775,13.155715833,31,25,30,,,,,
medium,30,5,5,4,342,greedy,area,success,690,1.679218882,138,5,30,,,,,
medium,30,5,5,4,342,stochastic_greedy,area,success,680,1.662497631,136,5,30,,,,,
medium,30,5,5,4,342,genetic_greedy,area,success,690,49.191729894,5,138,30,28253,290,6024,0.010264396701235266,20.77241379310345
medium,30,5,5,4,342,genetic_stochastic,area,success,680,87.465892769,136,5,30,28405,685,16138,0.02411547262805844,23.55912408759124
medium,30,5,5,4,342,beam_search,area,success,680,51.844515929,136,5,30,,,,,
medium,30,5,5,5,442,merge_greedy,area,success,798,18.500955839,38,21,30,,,,,
medium,30,5,5,5,442,greedy,area,success,680,1.691490025,136,5,30,,,,,
medium,30,5,5,5,442,stochastic_greedy,area,success,685,1.663020435,5,137,30,,,,,
medium,30,5,5,5,442,genetic_greedy,area,success,670,47.951554606,134,5,30,28374,422,7794,0.014872770846549659,18.46919431279621
medium,30,5,5,5,442,genetic_stochastic,area,success,655,97.349482588,131,5,30,28388,770,19148,0.02712413695927857,24.867532467532467
medium,30,5,5,5,442,beam_search,area,success,660,50.312561746,132,5,30,,,,,
medium,30,5,5,6,542,merge_greedy,area,success,713,13.584478733,23,31,30,,,,,
medium,30,5,5,6,542,greedy,area,success,705,1.779472184,141,5,30,,,,,
medium,30,5,5,6,542,stochastic_greedy,area,success,685,1.657742277,5,137,30,,,,,
medium,30,5,5,6,542,genetic_greedy,area,success,670,44.724812077,134,5,30,28358,291,5727,0.010261654559559913,19.68041237113402
medium,30,5,5,6,542,genetic_stochastic,area,success,665,94.441560845,5,133,30,28371,822,18876,0.02897324733002009,22.963503649635037
medium,30,5,5,6,542,beam_search,area,success,660,48.385986212,5,132,30,,,,,
medium,30,5,5,7,642,merge_greedy,area,success,754,14.564793709,29,26,30,,,,,
medium,30,5,5,7,642,greedy,area,success,700,1.738798481,140,5,30,,,,,
medium,30,5,5,7,642,stochastic_greedy,area,success,700,1.765907175,5,140,30,,,,,
medium,30,5,5,7,642,genetic_greedy,area,success,690,39.218921657,5,138,30,28207,208,3530,0.00737405608536888,16.971153846153847
medium,30,5,5,7,642,genetic_stochastic,area,success,690,98.472412742,138,5,30,28311,831,20325,0.029352548479389638,24.458483754512635
medium,30,5,5,7,642,beam_search,area,success,690,48.547093659,5,138,30,,,,,
medium,30,5,5,8,742,merge_greedy,area,success,744,23.192877701,24,31,30,,,,,
medium,30,5,5,8,742,greedy,area,success,705,1.766594962,5,141,30,,,,,
medium,30,5,5,8,742,stochastic_greedy,area,success,715,1.81049452,5,143,30,,,,,
medium,30,5,5,8,742,genetic_greedy,area,success,695,48.409072361,139,5,30,28375,377,7070,0.013286343612334802,18.753315649867375
medium,30,5,5,8,742,genetic_stochastic,area,success,690,90.637168326,138,5,30,28225,683,16462,0.02419840566873339,24.102489019033676
medium,30,5,5,8,742,beam_search,area,success,700,48.408641644,5,140,30,,,,,
medium,30,5,5,9,842,merge_greedy,area,success,754,12.700393438,26,29,30,,,,,
medium,30,5,5,9,842,greedy,area,success,685,1.648837647,5,137,30,,,,,
medium,30,5,5,9,842,stochastic_greedy,area,success,675,1.599167187,135,5,30,,,,,
medium,30,5,5,9,842,genetic_greedy,area,success,665,57.323360515,5,133,30,28415,374,8788,0.013162062291043462,23.497326203208555
medium,30,5,5,9,842,genetic_stochastic,area,success,660,69.60978958,132,5,30,28224,539,12767,0.019097222222222224,23.686456400742117
medium,30,5,5,9,842,beam_search,area,success,655,48.316994528,131,5,30,,,,,
medium,30,5,5,10,942,merge_greedy,area,success,783,16.967239827,29,27,30,,,,,
medium,30,5,5,10,942,greedy,area,success,705,1.750595131,5,141,30,,,,,
medium,30,5,5,10,942,stochastic_greedy,area,success,695,1.685667934,5,139,30,,,,,
medium,30,5,5,10,942,genetic_greedy,area,success,690,59.245547232,5,138,30,28239,392,6969,0.013881511384964056,17.778061224489797
medium,30,5,5,10,942,genetic_stochastic,area,success,680,87.231870504,5,136,30,28468,671,16389,0.02357032457496136,24.424739195231
medium,30,5,5,10,942,beam_search,area,success,680,47.690662693,5,136,30,,,,,
medium,50,4,6,1,42,merge_greedy,area,success,1104,134.170600914,46,24,50,,,,,
medium,50,4,6,1,42,greedy,area,success,1099,3.215441713,157,7,50,,,,,
medium,50,4,6,1,42,stochastic_greedy,area,success,1092,3.15927019,156,7,50,,,,,
medium,50,4,6,1,42,genetic_greedy,area,success,1035,220.607165051,115,9,50,28407,453,19366,0.015946773682543037,42.75055187637969
medium,50,4,6,1,42,genetic_stochastic,area,success,1036,278.337118739,259,4,50,28495,687,28981,0.024109492893490087,42.18486171761281
medium,50,4,6,1,42,beam_search,area,success,1074,301.762188812,6,179,50,,,,,
medium,50,4,6,2,142,merge_greedy,area,success,1044,143.360677341,58,18,50,,,,,
medium,50,4,6,2,142,greedy,area,success,1104,4.263635519,6,184,50,,,,,
medium,50,4,6,2,142,stochastic_greedy,area,success,1104,4.28251442,6,184,50,,,,,
medium,50,4,6,2,142,genetic_greedy,area,success,1068,210.200997734,267,4,50,28306,396,13906,0.01398996679149297,35.11616161616162
medium,50,4,6,2,142,genetic_stochastic,area,success,1056,369.091250496,264,4,50,28226,1046,44511,0.03705803160206901,42.55353728489484
medium,50,4,6,2,142,beam_search,area,success,1044,365.510592714,261,4,50,,,,,
medium,50,4,6,3,242,merge_greedy,area,success,1110,122.722814505,37,30,50,,,,,
medium,50,4,6,3,242,greedy,area,success,1060,7.834185558,265,4,50,,,,,
medium,50,4,6,3,242,stochastic_greedy,area,success,1056,7.805490544,264,4,50,,,,,
medium,50,4,6,3,242,genetic_greedy,area,success,1056,171.141321854,264,4,50,28452,347,13737,0.012195979193026852,39.5878962536023
medium,50,4,6,3,242,genetic_stochastic,area,success,1044,392.566542875,261,4,50,28615,1048,45772,0.036624148174034594,43.67557251908397
medium,50,4,6,3,242,beam_search,area,success,1050,302.620192523,6,175,50,,,,,
medium,50,4,6,4,342,merge_greedy,area,success,1100,133.610795175,55,20,50,,,,,
medium,50,4,6,4,342,greedy,area,success,1086,4.145591906,6,181,50,,,,,
medium,50,4,6,4,342,stochastic_greedy,area,success,1098,4.210660542,6,183,50,,,,,
medium,50,4,6,4,342,genetic_greedy,area,success,1044,168.893729268,261,4,50,28480,321,11880,0.011271067415730337,37.00934579439252
medium,50,4,6,4,342,genetic_stochastic,area,success,1036,367.628580996,259,4,50,28434,1061,44619,0.037314482661602304,42.05372290292177
medium,50,4,6,4,342,beam_search,area,success,1024,366.50239113,256,4,50,,,,,
medium,50,4,6,5,442,merge_greedy,area,success,1140,150.262015471,60,19,50,,,,,
medium,50,4,6,5,442,greedy,area,success,1056,7.811481936,264,4,50,,,,,
medium,50,4,6,5,442,stochastic_greedy,area,success,1056,7.795816639,264,4,50,,,,,
medium,50,4,6,5,442,genetic_greedy,area,success,1032,186.250520374,258,4,50,28350,398,15736,0.014038800705467373,39.537688442211056
medium,50,4,6,5,442,genetic_stochastic,area,success,1036,327.576578398,259,4,50,28470,840,36059,0.029504741833508957,42.92738095238095
medium,50,4,6,5,442,beam_search,area,success,1028,360.868603861,257,4,50,,,,,
medium,50,4,6,6,542,merge_greedy,area,success,1122,165.22643525,51,22,50,,,,,
medium,50,4,6,6,542,greedy,area,success,1048,7.646935653,262,4,50,,,,,
medium,50,4,6,6,542,stochastic_greedy,area,success,1040,7.498139377,260,4,50,,,,,
medium,50,4,6,6,542,genetic_greedy,area,success,1036,188.288710656,259,4,50,28205,352,12458,0.012480056727530579,35.39204545454545
medium,50,4,6,6,542,genetic_stochastic,area,success,1024,377.911047004,256,4,50,28529,1215,50481,0.04258824354165936,41.54814814814815
medium,50,4,6,6,542,beam_search,area,success,1020,366.529102184,255,4,50,,,,,
medium,50,4,6,7,642,merge_greedy,area,success,1147,77.904046559,37,31,50,,,,,
medium,50,4,6,7,642,greedy,area,success,1128,4.588496899,6,188,50,,,,,
medium,50,4,6,7,642,stochastic_greedy,area,success,1092,4.176709705,6,182,50,,,,,
medium,50,4,6,7,642,genetic_greedy,area,success,1008,190.555136903,252,4,50,28490,379,14155,0.013302913302913303,37.34828496042216
medium,50,4,6,7,642,genetic_stochastic,area,success,996,279.321010769,249,4,50,28188,676,29342,0.023981836242372642,43.405325443786985
medium,50,4,6,7,642,beam_search,area,success,988,358.111950815,247,4,50,,,,,
medium,50,4,6,8,742,merge_greedy,area,success,1113,134.848484784,53,21,50,,,,,
medium,50,4,6,8,742,greedy,area,success,1004,6.783103847,251,4,50,,,,,
medium,50,4,6,8,742,stochastic_greedy,area,success,996,6.633258351,249,4,50,,,,,
medium,50,4,6,8,742,genetic_greedy,area,success,996,253.992240809,249,4,50,28213,637,22660,0.02257824407188176,35.57299843014129
medium,50,4,6,8,742,genetic_stochastic,area,success,988,319.18255603,247,4,50,28348,962,39515,0.0339353746296035,41.07588357588357
medium,50,4,6,8,742,beam_search,area,success,988,361.548528682,247,4,50,,,,,
medium,50,4,6,9,842,merge_greedy,area,success,1150,104.922897041,46,25,50,,,,,
medium,50,4,6,9,842,greedy,area,success,1048,7.63147307,262,4,50,,,,,
medium,50,4,6,9,842,stochastic_greedy,area,success,1048,7.62407105,262,4,50,,,,,
medium,50,4,6,9,842,genetic_greedy,area,success,1040,209.11530953,260,4,50,28447,423,15891,0.014869757795198087,37.56737588652482
medium,50,4,6,9,842,genetic_stochastic,area,success,1032,344.847871575,258,4,50,28388,885,38481,0.03117514442722277,43.48135593220339
medium,50,4,6,9,842,beam_search,area,success,1024,374.172617234,256,4,50,,,,,
medium,50,4,6,10,942,merge_greedy,area,success,1100,95.444890362,44,25,50,,,,,
medium,50,4,6,10,942,greedy,area,success,1028,7.262913357,257,4,50,,,,,
medium,50,4,6,10,942,stochastic_greedy,area,success,1004,6.80399823,251,4,50,,,,,
medium,50,4,6,10,942,genetic_greedy,area,success,1004,181.622546403,251,4,50,28348,391,15733,0.013792860166502045,40.23785166240409
medium,50,4,6,10,942,genetic_stochastic,area,success,996,368.915907906,249,4,50,28286,928,40964,0.03280774941667256,44.14224137931034
medium,50,4,6,10,942,beam_search,area,success,996,354.836726113,249,4,50,,,,,
large,60,3,3,1,42,greedy,area,success,250,0.091840118,5,50,60,,,,,
large,60,3,3,1,42,stochastic_greedy,area,success,265,0.094685751,5,53,60,,,,,
large,60,3,3,1,42,genetic_greedy,area,success,225,52.078319731,15,15,60,50326,2324,118586,0.046178913484083775,51.026678141135974
large,60,3,3,1,42,genetic_stochastic,area,success,225,45.444486968,15,15,60,50385,1590,80745,0.03155701101518309,50.783018867924525
large,60,3,3,2,142,greedy,area,success,250,0.092943473,5,50,60,,,,,
large,60,3,3,2,142,stochastic_greedy,area,success,309,0.251556318,103,3,60,,,,,
large,60,3,3,2,142,genetic_greedy,area,success,210,35.829512859,14,15,60,50305,1512,74006,0.030056654408110527,48.945767195767196
large,60,3,3,2,142,genetic_stochastic,area,success,224,40.17008112,14,16,60,50415,1282,67364,0.0254289397996628,52.546021840873635
large,60,3,3,3,242,greedy,area,success,303,0.266332392,101,3,60,,,,,
large,60,3,3,3,242,stochastic_greedy,area,success,294,0.258333345,98,3,60,,,,,
large,60,3,3,3,242,genetic_greedy,area,success,225,27.870238868,15,15,60,50139,872,46438,0.017391651209637208,53.2545871559633
large,60,3,3,3,242,genetic_stochastic,area,success,210,37.417884753,14,15,60,50792,1331,68023,0.026204914159710192,51.10668670172802
large,60,3,3,4,342,greedy,area,success,282,0.201265168,3,94,60,,,,,
large,60,3,3,4,342,stochastic_greedy,area,success,260,0.113408639,65,4,60,,,,,
large,60,3,3,4,342,genetic_greedy,area,success,210,39.758464064,15,14,60,50741,2082,98373,0.04103190713624091,47.2492795389049
large,60,3,3,4,342,genetic_stochastic,area,success,210,44.168216203,14,15,60,50415,2056,103561,0.04078151343846077,50.37013618677043
large,60,3,3,5,442,greedy,area,success,297,0.200617921,99,3,60,,,,,
large,60,3,3,5,442,stochastic_greedy,area,success,306,0.316868822,3,102,60,,,,,
large,60,3,3,5,442,genetic_greedy,area,success,231,19.044340203,7,33,60,50474,618,32962,0.012243927566667987,53.336569579288025
large,60,3,3,5,442,genetic_stochastic,area,success,224,38.44568315,16,14,60,50373,1485,75007,0.02948007861354297,50.50976430976431
large,60,3,3,6,542,greedy,area,success,256,0.132929887,64,4,60,,,,,
large,60,3,3,6,542,stochastic_greedy,area,success,276,0.126198809,4,69,60,,,,,
large,60,3,3,6,542,genetic_greedy,area,success,210,23.865210052,15,14,60,50274,804,42392,0.01599236185702351,52.72636815920398
large,60,3,3,6,542,genetic_stochastic,area,success,224,37.833345327,14,16,60,50370,1526,81275,0.030295810998610284,53.26015727391874
large,60,3,3,7,642,greedy,area,success,264,0.11214882,4,66,60,,,,,
large,60,3,3,7,642,stochastic_greedy,area,success,234,0.08172881,6,39,60,,,,,
large,60,3,3,7,642,genetic_greedy,area,success,222,17.13172082,37,6,60,50481,552,28813,0.01093480715516729,52.197463768115945
large,60,3,3,7,642,genetic_stochastic,area,success,210,28.995926761,14,15,60,50563,1382,69121,0.02733223898898404,50.015195369030394
large,60,3,3,8,742,greedy,area,success,276,0.112036565,4,69,60,,,,,
large,60,3,3,8,742,stochastic_greedy,area,success,309,0.154785156,3,103,60,,,,,
large,60,3,3,8,742,genetic_greedy,area,success,240,26.843047317,60,4,60,50401,2141,60340,0.04247931588658955,28.183092013078
large,60,3,3,8,742,genetic_stochastic,area,success,225,30.588573374,15,15,60,50437,1429,74179,0.028332375042131767,51.90972708187544
large,60,3,3,9,842,greedy,area,success,312,0.164051742,104,3,60,,,,,
large,60,3,3,9,842,stochastic_greedy,area,success,327,0.179110384,109,3,60,,,,,
large,60,3,3,9,842,genetic_greedy,area,success,225,25.070699384,15,15,60,50483,1030,53681,0.02040290790959333,52.11747572815534
large,60,3,3,9,842,genetic_stochastic,area,success,225,22.778170359,15,15,60,50489,907,47310,0.017964309057418446,52.160970231532524
large,60,3,3,10,942,greedy,area,success,297,0.142107467,3,99,60,,,,,
large,60,3,3,10,942,stochastic_greedy,area,success,256,0.061203356,4,64,60,,,,,
large,60,3,3,10,942,genetic_greedy,area,success,235,21.981444126,5,47,60,50602,900,46140,0.01778585826647168,51.266666666666666
large,60,3,3,10,942,genetic_stochastic,area,success,225,32.756986678,15,15,60,50436,1505,78323,0.029839796970417956,52.04186046511628
large,60,3,3,1,42,merge_greedy,area,success,272,4.024665952,16,17,60,,,,,
large,60,3,3,1,42,beam_search,area,success,215,83.288728298,5,43,60,,,,,
large,60,3,3,2,142,merge_greedy,area,success,255,2.908975216,17,15,60,,,,,
large,60,3,3,2,142,beam_search,area,success,232,111.729643323,58,4,60,,,,,
large,60,3,3,3,242,merge_greedy,area,success,224,2.975695704,16,14,60,,,,,
large,60,3,3,3,242,beam_search,area,success,198,83.673999556,6,33,60,,,,,
large,60,3,3,4,342,merge_greedy,area,success,224,3.127397947,16,14,60,,,,,
large,60,3,3,4,342,beam_search,area,success,216,107.676822071,4,54,60,,,,,
large,60,3,3,5,442,merge_greedy,area,success,255,3.181087887,17,15,60,,,,,
large,60,3,3,5,442,beam_search,area,success,210,82.405646006,35,6,60,,,,,
large,60,3,3,6,542,merge_greedy,area,success,240,3.194719272,15,16,60,,,,,
large,60,3,3,6,542,beam_search,area,success,210,91.571576813,5,42,60,,,,,
large,60,3,3,7,642,merge_greedy,area,success,240,2.94437927,15,16,60,,,,,
large,60,3,3,7,642,beam_search,area,success,200,70.855288149,25,8,60,,,,,
large,60,3,3,8,742,merge_greedy,area,success,272,3.340704039,16,17,60,,,,,
large,60,3,3,8,742,beam_search,area,success,216,84.719984503,36,6,60,,,,,
large,60,3,3,9,842,merge_greedy,area,success,260,3.46813121,13,20,60,,,,,
large,60,3,3,9,842,beam_search,area,success,222,80.209680037,6,37,60,,,,,
large,60,3,3,10,942,merge_greedy,area,success,252,3.66625474,14,18,60,,,,,
large,60,3,3,10,942,beam_search,area,success,228,107.598790187,4,57,60,,,,,
large,80,3,3,1,42,greedy,area,success,328,0.130754989,4,82,80,,,,,
large,80,3,3,1,42,stochastic_greedy,area,success,390,0.294752324,3,130,80,,,,,
large,80,3,3,1,42,genetic_greedy,area,success,256,48.599956228,16,16,80,50548,1476,82148,0.029199968346917782,55.65582655826558
large,80,3,3,1,42,genetic_stochastic,area,success,256,67.516341484,16,16,80,50744,1549,109021,0.03052577644647643,70.38153647514525
large,80,3,3,2,142,greedy,area,success,393,0.307089178,131,3,80,,,,,
large,80,3,3,2,142,stochastic_greedy,area,success,332,0.121949702,4,83,80,,,,,
large,80,3,3,2,142,genetic_greedy,area,success,289,88.45298839,17,17,80,50366,2006,138925,0.039828455704244925,69.25473579262213
large,80,3,3,2,142,genetic_stochastic,area,success,288,68.026141976,16,18,80,50337,1518,103720,0.030156743548483224,68.32674571805006
large,80,3,3,3,242,greedy,area,success,336,0.122417367,4,84,80,,,,,
large,80,3,3,3,242,stochastic_greedy,area,success,332,0.120624731,83,4,80,,,,,
large,80,3,3,3,242,genetic_greedy,area,success,272,80.408501718,16,17,80,50457,1590,115806,0.03151198049824603,72.83396226415094
large,80,3,3,3,242,genetic_stochastic,area,success,272,60.252725312,17,16,80,50296,1260,89014,0.02505169397168761,70.64603174603175
large,80,3,3,4,342,greedy,area,success,357,0.240823844,3,119,80,,,,,
large,80,3,3,4,342,stochastic_greedy,area,success,360,0.239983566,3,120,80,,,,,
large,80,3,3,4,342,genetic_greedy,area,success,256,56.040195646,16,16,80,50605,1321,95475,0.0261041399071238,72.27479182437547
large,80,3,3,4,342,genetic_stochastic,area,success,272,46.582512673,16,17,80,50289,4421,84572,0.0879118693948975,19.12960868581769
large,80,3,3,5,442,greedy,area,success,342,0.215133608,114,3,80,,,,,
large,80,3,3,5,442,stochastic_greedy,area,success,342,0.210157332,114,3,80,,,,,
large,80,3,3,5,442,genetic_greedy,area,success,265,44.039086832,53,5,80,50319,926,65710,0.018402591466444088,70.96112311015119
large,80,3,3,5,442,genetic_stochastic,area,success,256,60.620302314,16,16,80,50675,1512,99295,0.029837197829304392,65.67129629629629
large,80,3,3,6,542,greedy,area,success,328,0.121601101,4,82,80,,,,,
large,80,3,3,6,542,stochastic_greedy,area,success,320,0.111931832,4,80,80,,,,,
large,80,3,3,6,542,genetic_greedy,area,success,256,51.105559091,16,16,80,50528,1151,77477,0.022779449018366055,67.31277150304084
large,80,3,3,6,542,genetic_stochastic,area,success,272,54.905209269,17,16,80,50125,1158,79970,0.023102244389027433,69.0587219343696
large,80,3,3,7,642,greedy,area,success,328,0.128942896,4,82,80,,,,,
large,80,3,3,7,642,stochastic_greedy,area,success,363,0.246992496,3,121,80,,,,,
large,80,3,3,7,642,genetic_greedy,area,success,272,41.764886385,16,17,80,50335,799,58212,0.015873646567994438,72.85607008760951
large,80,3,3,7,642,genetic_stochastic,area,success,272,36.195841609,16,17,80,50316,706,51247,0.014031322044677637,72.58781869688386
large,80,3,3,8,742,greedy,area,success,320,0.115642541,4,80,80,,,,,
large,80,3,3,8,742,stochastic_greedy,area,success,363,0.247568615,3,121,80,,,,,
large,80,3,3,8,742,genetic_greedy,area,success,272,37.067115354,17,16,80,50411,650,46270,0.012894011227708238,71.18461538461538
large,80,3,3,8,742,genetic_stochastic,area,success,272,50.381499331,16,17,80,50333,1056,74781,0.020980271392525777,70.8153409090909
large,80,3,3,9,842,greedy,area,success,405,0.334272047,135,3,80,,,,,
large,80,3,3,9,842,stochastic_greedy,area,success,369,0.259147036,3,123,80,,,,,
large,80,3,3,9,842,genetic_greedy,area,success,272,42.207140789,17,16,80,50348,738,52990,0.014657980456026058,71.80216802168022
large,80,3,3,9,842,genetic_stochastic,area,success,272,51.276225434,17,16,80,50363,958,69237,0.01902190099874908,72.27244258872652
large,80,3,3,10,942,greedy,area,success,357,0.238050328,3,119,80,,,,,
large,80,3,3,10,942,stochastic_greedy,area,success,308,0.102782925,4,77,80,,,,,
large,80,3,3,10,942,genetic_greedy,area,success,272,53.877876531,17,16,80,50438,1160,80512,0.0229985328522146,69.40689655172413
large,80,3,3,10,942,genetic_stochastic,area,success,272,77.87783197,16,17,80,50351,1802,127940,0.035788762884550455,70.99889012208656
large,80,3,3,1,42,merge_greedy,area,success,289,8.964318806,17,17,80,,,,,
large,80,3,3,1,42,beam_search,area,success,255,249.684974384,5,51,80,,,,,
large,80,3,3,2,142,merge_greedy,area,success,340,7.940987788,20,17,80,,,,,
large,80,3,3,2,142,beam_search,area,success,288,338.671550423,72,4,80,,,,,
large,80,3,3,3,242,merge_greedy,area,success,330,8.149036508,15,22,80,,,,,
large,80,3,3,3,242,beam_search,area,success,240,232.290101308,6,40,80,,,,,
large,80,3,3,4,342,merge_greedy,area,success,300,7.499162791,12,25,80,,,,,
large,80,3,3,4,342,beam_search,area,success,250,282.003221188,50,5,80,,,,,
large,80,3,3,5,442,merge_greedy,area,success,320,6.758703347,20,16,80,,,,,
large,80,3,3,5,442,beam_search,area,success,240,242.932324493,6,40,80,,,,,
large,80,3,3,6,542,merge_greedy,area,success,315,7.644817587,21,15,80,,,,,
large,80,3,3,6,542,beam_search,area,success,272,335.117707883,4,68,80,,,,,
large,80,3,3,7,642,merge_greedy,area,success,286,8.50005155,13,22,80,,,,,
large,80,3,3,7,642,beam_search,area,success,280,340.496449782,4,70,80,,,,,
large,80,3,3,8,742,merge_greedy,area,success,266,7.216012685,14,19,80,,,,,
large,80,3,3,8,742,beam_search,area,success,260,270.800095748,52,5,80,,,,,
large,80,3,3,9,842,merge_greedy,area,success,306,7.479438586,18,17,80,,,,,
large,80,3,3,9,842,beam_search,area,success,264,322.105337379,4,66,80,,,,,
large,80,3,3,10,942,merge_greedy,area,success,320,8.059960407,16,20,80,,,,,
large,80,3,3,10,942,beam_search,area,success,276,341.938755453,4,69,80,,,,,
large,100,3,3,1,42,greedy,area,success,444,0.437447487,3,148,100,,,,,
large,100,3,3,1,42,stochastic_greedy,area,success,441,0.424405348,3,147,100,,,,,
large,100,3,3,1,42,genetic_greedy,area,success,289,89.246972178,17,17,100,50382,2088,93904,0.041443372633083245,44.97318007662835
large,100,3,3,1,42,genetic_stochastic,area,success,306,96.672829764,18,17,100,50412,1133,101718,0.022474807585495516,89.77758164165931
large,100,3,3,2,142,greedy,area,success,388,0.193392988,4,97,100,,,,,
large,100,3,3,2,142,stochastic_greedy,area,success,392,0.192588517,4,98,100,,,,,
large,100,3,3,2,142,genetic_greedy,area,success,324,122.220237538,18,18,100,50272,1521,133949,0.03025541056651814,88.0664036817883
large,100,3,3,2,142,genetic_stochastic,area,success,324,109.208892478,18,18,100,50373,1381,122087,0.02741548051535545,88.40477914554671
large,100,3,3,3,242,greedy,area,success,411,0.357124285,137,3,100,,,,,
large,100,3,3,3,242,stochastic_greedy,area,success,414,0.36266125,138,3,100,,,,,
large,100,3,3,3,242,genetic_greedy,area,success,289,165.654511841,17,17,100,50521,2317,208354,0.04586211674353239,89.92403970651705
large,100,3,3,3,242,genetic_stochastic,area,success,289,133.978509604,17,17,100,50302,1824,160978,0.036260983658701444,88.25548245614036
large,100,3,3,4,342,greedy,area,success,429,0.402983373,143,3,100,,,,,
large,100,3,3,4,342,stochastic_greedy,area,success,435,0.41004304,3,145,100,,,,,
large,100,3,3,4,342,genetic_greedy,area,success,306,92.298303828,18,17,100,50409,1196,106845,0.02372592195838045,89.33528428093645
large,100,3,3,4,342,genetic_stochastic,area,success,323,105.40062259,17,19,100,50329,1432,129642,0.02845278070297443,90.53212290502793
large,100,3,3,5,442,greedy,area,success,417,0.370993308,139,3,100,,,,,
large,100,3,3,5,442,stochastic_greedy,area,success,429,0.391980286,3,143,100,,,,,
large,100,3,3,5,442,genetic_greedy,area,success,306,132.613685415,18,17,100,50380,2003,174107,0.03975784041286225,86.92311532700948
large,100,3,3,5,442,genetic_stochastic,area,success,306,127.074312787,18,17,100,50540,1715,153311,0.03393351800554017,89.39416909620991
large,100,3,3,6,542,greedy,area,success,450,0.455981249,150,3,100,,,,,
large,100,3,3,6,542,stochastic_greedy,area,success,444,0.434705899,3,148,100,,,,,
large,100,3,3,6,542,genetic_greedy,area,success,324,97.898860029,18,18,100,50610,1206,106611,0.023829282750444575,88.40049751243781
large,100,3,3,6,542,genetic_stochastic,area,success,306,133.397415345,17,18,100,50288,1902,168265,0.037822144447979635,88.46740273396425
large,100,3,3,7,642,greedy,area,success,392,0.197893556,98,4,100,,,,,
large,100,3,3,7,642,stochastic_greedy,area,success,384,0.183424754,4,96,100,,,,,
large,100,3,3,7,642,genetic_greedy,area,success,306,90.096983004,17,18,100,50212,1197,107770,0.023838922966621524,90.03341687552214
large,100,3,3,7,642,genetic_stochastic,area,success,323,102.789818794,17,19,100,50285,1416,125557,0.028159490901859402,88.670197740113
large,100,3,3,8,742,greedy,area,success,426,0.391091947,3,142,100,,,,,
large,100,3,3,8,742,stochastic_greedy,area,success,405,0.345663881,3,135,100,,,,,
large,100,3,3,8,742,genetic_greedy,area,success,306,196.275428671,18,17,100,50584,2989,264503,0.05908983077653013,88.49213783874205
large,100,3,3,8,742,genetic_stochastic,area,success,306,93.093102491,17,18,100,50491,1178,104587,0.02333089065377988,88.78353140916808
large,100,3,3,9,842,greedy,area,success,426,0.395365405,3,142,100,,,,,
large,100,3,3,9,842,stochastic_greedy,area,success,435,0.413423982,3,145,100,,,,,
large,100,3,3,9,842,genetic_greedy,area,success,306,94.957782819,17,18,100,50499,1079,97288,0.02136675973781659,90.16496756255792
large,100,3,3,9,842,genetic_stochastic,area,success,306,122.966191909,17,18,100,50457,1489,134072,0.029510276076659334,90.04163868368032
large,100,3,3,10,942,greedy,area,success,360,0.162399637,4,90,100,,,,,
large,100,3,3,10,942,stochastic_greedy,area,success,438,0.426592144,3,146,100,,,,,
large,100,3,3,10,942,genetic_greedy,area,success,306,140.498123277,17,18,100,50384,2026,181045,0.04021117815179422,89.36080947680158
large,100,3,3,10,942,genetic_stochastic,area,success,324,123.275751052,18,18,100,50357,1588,142669,0.031534841233592154,89.84193954659949
large,100,3,3,1,42,merge_greedy,area,success,340,13.964005327,20,17,100,,,,,
large,100,3,3,1,42,beam_search,area,success,300,613.828067756,60,5,100,,,,,
large,100,3,3,2,142,merge_greedy,area,success,345,16.537612361,15,23,100,,,,,
large,100,3,3,2,142,beam_search,area,success,310,695.776208589,5,62,100,,,,,
large,100,3,3,3,242,merge_greedy,area,success,345,14.004246916,15,23,100,,,,,
large,100,3,3,3,242,beam_search,area,success,266,504.286157254,7,38,100,,,,,
large,100,3,3,4,342,merge_greedy,area,success,374,15.093769814,17,22,100,,,,,
large,100,3,3,4,342,beam_search,area,success,324,816.443216379,81,4,100,,,,,
large,100,3,3,5,442,merge_greedy,area,success,323,15.532871075,17,19,100,,,,,
large,100,3,3,5,442,beam_search,area,success,276,561.193861657,46,6,100,,,,,
large,100,3,3,6,542,merge_greedy,area,success,342,16.600575224,18,19,100,,,,,
large,100,3,3,6,542,beam_search,area,success,411,1142.480235907,3,137,100,,,,,
large,100,3,3,7,642,merge_greedy,area,success,368,14.460594767,23,16,100,,,,,
large,100,3,3,7,642,beam_search,area,success,288,503.377838877,8,36,100,,,,,
large,100,3,3,8,742,merge_greedy,area,success,374,16.455031908,22,17,100,,,,,
large,100,3,3,8,742,beam_search,area,success,288,558.447225289,48,6,100,,,,,
large,100,3,3,9,842,merge_greedy,area,success,380,15.503764009,20,19,100,,,,,
large,100,3,3,9,842,beam_search,area,success,294,568.852701812,49,6,100,,,,,
large,100,3,3,10,942,merge_greedy,area,success,378,17.393665599,14,27,100,,,,,
large,100,3,3,10,942,beam_search,area,success,305,639.519545359,5,61,100,,,,,
large,60,2,4,1,42,merge_greedy,area,success,184,4.148201699,23,8,60,,,,,
large,60,2,4,1,42,greedy,area,success,194,0.09664463,97,2,60,,,,,
large,60,2,4,1,42,stochastic_greedy,area,success,194,0.089932392,97,2,60,,,,,
large,60,2,4,1,42,genetic_greedy,area,success,168,13.621951155,56,3,60,50374,678,36823,0.013459324254575774,54.31120943952802
large,60,2,4,1,42,genetic_stochastic,area,success,165,17.371535319,33,5,60,50309,1171,61197,0.02327615337216005,52.26046114432109
large,60,2,4,1,42,beam_search,area,success,172,153.038565342,86,2,60,,,,,
large,60,2,4,2,142,merge_greedy,area,success,184,4.835711291,23,8,60,,,,,
large,60,2,4,2,142,greedy,area,success,208,0.1004901,104,2,60,,,,,
large,60,2,4,2,142,stochastic_greedy,area,success,208,0.104368625,104,2,60,,,,,
large,60,2,4,2,142,genetic_greedy,area,success,186,14.967129557,62,3,60,50551,738,38504,0.014599117722695891,52.173441734417345
large,60,2,4,2,142,genetic_stochastic,area,success,171,21.047883018,57,3,60,50384,1226,65362,0.024333121625912987,53.313213703099514
large,60,2,4,2,142,beam_search,area,success,198,155.092661157,99,2,60,,,,,
large,60,2,4,3,242,merge_greedy,area,success,189,4.244924702,27,7,60,,,,,
large,60,2,4,3,242,greedy,area,success,212,0.118502925,106,2,60,,,,,
large,60,2,4,3,242,stochastic_greedy,area,success,218,0.113126234,109,2,60,,,,,
large,60,2,4,3,242,genetic_greedy,area,success,184,14.8319014,46,4,60,50458,624,32246,0.012366720837131872,51.67628205128205
large,60,2,4,3,242,genetic_stochastic,area,success,180,23.521820517,45,4,60,50442,1293,69069,0.02563340073748067,53.417633410672856
large,60,2,4,3,242,beam_search,area,success,216,160.328443383,108,2,60,,,,,
large,60,2,4,4,342,merge_greedy,area,success,161,3.947232697,23,7,60,,,,,
large,60,2,4,4,342,greedy,area,success,176,0.071163922,88,2,60,,,,,
large,60,2,4,4,342,stochastic_greedy,area,success,178,0.075822192,89,2,60,,,,,
large,60,2,4,4,342,genetic_greedy,area,success,168,13.384603153,56,3,60,50533,762,39802,0.01507925514020541,52.23359580052493
large,60,2,4,4,342,genetic_stochastic,area,success,156,20.361056557,13,12,60,50564,1310,70817,0.025907760461988765,54.0587786259542
large,60,2,4,4,342,beam_search,area,success,172,151.775772037,86,2,60,,,,,
large,60,2,4,5,442,merge_greedy,area,success,184,4.513573708,23,8,60,,,,,
large,60,2,4,5,442,greedy,area,success,210,0.103381976,105,2,60,,,,,
large,60,2,4,5,442,stochastic_greedy,area,success,220,0.117294147,110,2,60,,,,,
large,60,2,4,5,442,genetic_greedy,area,success,176,16.60141768,44,4,60,50226,829,43273,0.01650539561183451,52.19903498190591
large,60,2,4,5,442,genetic_stochastic,area,success,177,21.161187712,59,3,60,50203,1388,72622,0.027647750134454117,52.321325648414984
large,60,2,4,5,442,beam_search,area,success,198,156.669576356,99,2,60,,,,,
large,60,2,4,6,542,merge_greedy,area,success,175,4.338822454,25,7,60,,,,,
large,60,2,4,6,542,greedy,area,success,212,0.107855129,106,2,60,,,,,
large,60,2,4,6,542,stochastic_greedy,area,success,214,0.116956484,107,2,60,,,,,
large,60,2,4,6,542,genetic_greedy,area,success,183,15.780952824,61,3,60,50587,792,42499,0.015656196255955088,53.660353535353536
large,60,2,4,6,542,genetic_stochastic,area,success,180,20.622400044,60,3,60,50574,1338,69906,0.026456281883972,52.24663677130045
large,60,2,4,6,542,beam_search,area,success,186,157.857088847,93,2,60,,,,,
large,60,2,4,7,642,merge_greedy,area,success,175,3.982534499,25,7,60,,,,,
large,60,2,4,7,642,greedy,area,success,194,0.085125431,97,2,60,,,,,
large,60,2,4,7,642,stochastic_greedy,area,success,204,0.104677817,102,2,60,,,,,
large,60,2,4,7,642,genetic_greedy,area,success,170,13.970200282,34,5,60,50373,690,37518,0.013697814305282592,54.37391304347826
large,60,2,4,7,642,genetic_stochastic,area,success,164,20.792259445,41,4,60,50690,1713,86201,0.0337936476622608,50.32165791009924
large,60,2,4,7,642,beam_search,area,success,184,151.656970026,92,2,60,,,,,
large,60,2,4,8,742,merge_greedy,area,success,189,3.837952934,27,7,60,,,,,
large,60,2,4,8,742,greedy,area,success,196,0.090156984,98,2,60,,,,,
large,60,2,4,8,742,stochastic_greedy,area,success,192,0.093338569,96,2,60,,,,,
large,60,2,4,8,742,genetic_greedy,area,success,168,13.82843904,56,3,60,50308,764,39329,0.015186451459012483,51.47774869109948
large,60,2,4,8,742,genetic_stochastic,area,success,169,20.623371194,13,13,60,50343,1847,85399,0.036688318137576226,46.236599891716295
large,60,2,4,8,742,beam_search,area,success,182,152.578889137,91,2,60,,,,,
large,60,2,4,9,842,merge_greedy,area,success,174,4.589822697,29,6,60,,,,,
large,60,2,4,9,842,greedy,area,success,212,0.111973056,106,2,60,,,,,
large,60,2,4,9,842,stochastic_greedy,area,success,216,0.114803056,108,2,60,,,,,
large,60,2,4,9,842,genetic_greedy,area,success,156,13.467470426,52,3,60,50358,613,32002,0.012172842448071805,52.20554649265905
large,60,2,4,9,842,genetic_stochastic,area,success,174,18.275834706,58,3,60,50595,1017,54325,0.02010080047435517,53.41691248770895
large,60,2,4,9,842,beam_search,area,success,188,154.651447851,94,2,60,,,,,
large,60,2,4,10,942,merge_greedy,area,success,198,5.087802589,33,6,60,,,,,
large,60,2,4,10,942,greedy,area,success,208,0.10614368,104,2,60,,,,,
large,60,2,4,10,942,stochastic_greedy,area,success,214,0.123142222,107,2,60,,,,,
large,60,2,4,10,942,genetic_greedy,area,success,174,14.164039879,58,3,60,50189,638,33732,0.012711948833409712,52.87147335423197
large,60,2,4,10,942,genetic_stochastic,area,success,182,24.69334352,14,13,60,50488,1540,81164,0.030502297575661544,52.703896103896106
large,60,2,4,10,942,beam_search,area,success,168,99.906481421,56,3,60,,,,,
large,80,2,4,1,42,merge_greedy,area,success,210,10.67063597,30,7,80,,,,,
large,80,2,4,1,42,greedy,area,success,220,0.127997919,110,2,80,,,,,
large,80,2,4,1,42,stochastic_greedy,area,success,226,0.139145815,113,2,80,,,,,
large,80,2,4,1,42,genetic_greedy,area,success,192,29.395732068,48,4,80,50337,902,62657,0.017919224427359597,69.46452328159646
large,80,2,4,1,42,genetic_stochastic,area,success,204,42.970566554,68,3,80,50485,1520,109063,0.03010795285728434,71.75197368421053
large,80,2,4,1,42,beam_search,area,success,212,477.799589596,106,2,80,,,,,
large,80,2,4,2,142,merge_greedy,area,success,210,11.040273846,35,6,80,,,,,
large,80,2,4,2,142,greedy,area,success,242,0.161514676,121,2,80,,,,,
large,80,2,4,2,142,stochastic_greedy,area,success,268,0.205535159,134,2,80,,,,,
large,80,2,4,2,142,genetic_greedy,area,success,207,28.838071797,69,3,80,50284,775,56337,0.015412457242860552,72.69290322580645
large,80,2,4,2,142,genetic_stochastic,area,success,210,36.473138221,14,15,80,50210,974,72585,0.019398526190001993,74.52258726899385
large,80,2,4,2,142,beam_search,area,success,244,481.413121138,122,2,80,,,,,
large,80,2,4,3,242,merge_greedy,area,success,220,9.552472731,22,10,80,,,,,
large,80,2,4,3,242,greedy,area,success,237,0.08468887,79,3,80,,,,,
large,80,2,4,3,242,stochastic_greedy,area,success,231,0.082273266,77,3,80,,,,,
large,80,2,4,3,242,genetic_greedy,area,success,225,40.314082115,15,15,80,50202,1234,83730,0.024580693996255128,67.85251215559157
large,80,2,4,3,242,genetic_stochastic,area,success,225,55.961994613,15,15,80,50205,1928,131295,0.03840254954685788,68.0990663900415
large,80,2,4,3,242,beam_search,area,success,258,482.60571625,129,2,80,,,,,
large,80,2,4,4,342,merge_greedy,area,success,232,9.580752991,29,8,80,,,,,
large,80,2,4,4,342,greedy,area,success,242,0.158864474,121,2,80,,,,,
large,80,2,4,4,342,stochastic_greedy,area,success,240,0.165101519,120,2,80,,,,,
large,80,2,4,4,342,genetic_greedy,area,success,192,29.640583286,64,3,80,50096,819,60060,0.016348610667518363,73.33333333333333
large,80,2,4,4,342,genetic_stochastic,area,success,204,31.920973507,68,3,80,50413,1057,76156,0.02096681411540674,72.0491958372753
large,80,2,4,4,342,beam_search,area,success,226,476.137119975,113,2,80,,,,,
large,80,2,4,5,442,merge_greedy,area,success,240,10.276924364,24,10,80,,,,,
large,80,2,4,5,442,greedy,area,success,244,0.162277142,122,2,80,,,,,
large,80,2,4,5,442,stochastic_greedy,area,success,236,0.154601825,118,2,80,,,,,
large,80,2,4,5,442,genetic_greedy,area,success,225,35.000694211,15,15,80,50287,915,65169,0.018195557499950284,71.22295081967214
large,80,2,4,5,442,genetic_stochastic,area,success,207,36.932664154,69,3,80,50665,1038,74132,0.020487516036711735,71.41811175337187
large,80,2,4,5,442,beam_search,area,success,228,483.490340308,114,2,80,,,,,
large,80,2,4,6,542,merge_greedy,area,success,207,8.909643184,23,9,80,,,,,
large,80,2,4,6,542,greedy,area,success,246,0.183919282,123,2,80,,,,,
large,80,2,4,6,542,stochastic_greedy,area,success,236,0.165328797,118,2,80,,,,,
large,80,2,4,6,542,genetic_greedy,area,success,210,39.431428039,15,14,80,50637,1068,76205,0.02109129687777712,71.35299625468164
large,80,2,4,6,542,genetic_stochastic,area,success,210,42.744444741,15,14,80,50431,1405,95239,0.02785984810929785,67.78576512455516
large,80,2,4,6,542,beam_search,area,success,230,481.971706888,115,2,80,,,,,
large,80,2,4,7,642,merge_greedy,area,success,231,12.055472484,33,7,80,,,,,
large,80,2,4,7,642,greedy,area,success,258,0.188426501,129,2,80,,,,,
large,80,2,4,7,642,stochastic_greedy,area,success,252,0.178092548,126,2,80,,,,,
large,80,2,4,7,642,genetic_greedy,area,success,216,33.295534357,72,3,80,50333,1055,76198,0.020960403711282855,72.2255924170616
large,80,2,4,7,642,genetic_stochastic,area,success,210,43.254948519,14,15,80,50215,1536,109945,0.03058846958080255,71.57877604166667
large,80,2,4,7,642,beam_search,area,success,242,477.49547523,121,2,80,,,,,
large,80,2,4,8,742,merge_greedy,area,success,217,8.7818511,31,7,80,,,,,
large,80,2,4,8,742,greedy,area,success,220,0.126276465,110,2,80,,,,,
large,80,2,4,8,742,stochastic_greedy,area,success,226,0.146117305,113,2,80,,,,,
large,80,2,4,8,742,genetic_greedy,area,success,196,35.203104093,14,14,80,50486,1166,80158,0.0230955116269857,68.74614065180103
large,80,2,4,8,742,genetic_stochastic,area,success,195,34.522164054,65,3,80,50554,1194,84342,0.023618309134786564,70.63819095477388
large,80,2,4,8,742,beam_search,area,success,210,475.445794126,105,2,80,,,,,
large,80,2,4,9,842,merge_greedy,area,success,204,11.80135135,34,6,80,,,,,
large,80,2,4,9,842,greedy,area,success,256,0.187188516,128,2,80,,,,,
large,80,2,4,9,842,stochastic_greedy,area,success,244,0.171230335,122,2,80,,,,,
large,80,2,4,9,842,genetic_greedy,area,success,204,29.841962426,51,4,80,50370,919,66076,0.01824498709549335,71.89989118607181
large,80,2,4,9,842,genetic_stochastic,area,success,225,37.257477973,15,15,80,50211,1117,76767,0.022246121367827765,68.72605192479857
large,80,2,4,9,842,beam_search,area,success,242,487.680547482,121,2,80,,,,,
large,80,2,4,10,942,merge_greedy,area,success,204,10.705166281,34,6,80,,,,,
large,80,2,4,10,942,greedy,area,success,250,0.183650712,125,2,80,,,,,
large,80,2,4,10,942,stochastic_greedy,area,success,262,0.209649557,131,2,80,,,,,
large,80,2,4,10,942,genetic_greedy,area,success,207,26.477014598,69,3,80,50502,636,46304,0.012593560651063325,72.80503144654088
large,80,2,4,10,942,genetic_stochastic,area,success,210,32.6922292,15,14,80,50426,837,59907,0.016598580097568715,71.57347670250896
large,80,2,4,10,942,beam_search,area,success,236,495.386836272,118,2,80,,,,,
large,100,2,4,1,42,merge_greedy,area,success,248,17.797359071,31,8,100,,,,,
large,100,2,4,1,42,greedy,area,success,286,0.254240487,143,2,100,,,,,
large,100,2,4,1,42,stochastic_greedy,area,success,266,0.20672932,133,2,100,,,,,
large,100,2,4,1,42,genetic_greedy,area,success,222,44.831735983,74,3,100,50522,795,71813,0.0157357190926725,90.3308176100629
large,100,2,4,1,42,genetic_stochastic,area,success,224,76.108696297,14,16,100,50396,1551,134568,0.03077625208349869,86.76208897485493
large,100,2,4,1,42,beam_search,area,success,254,1143.169298155,127,2,100,,,,,
large,100,2,4,2,142,merge_greedy,area,success,252,17.791555665,28,9,100,,,,,
large,100,2,4,2,142,greedy,area,success,276,0.233828852,138,2,100,,,,,
large,100,2,4,2,142,stochastic_greedy,area,success,280,0.250215379,140,2,100,,,,,
large,100,2,4,2,142,genetic_greedy,area,success,243,44.362742475,81,3,100,50382,661,62075,0.013119764995434878,93.910741301059
large,100,2,4,2,142,genetic_stochastic,area,success,240,56.237610391,16,15,100,50385,1110,100722,0.022030366180410838,90.74054054054054
large,100,2,4,2,142,beam_search,area,success,266,1175.35483591,133,2,100,,,,,
large,100,2,4,3,242,merge_greedy,area,success,264,18.267547566,33,8,100,,,,,
large,100,2,4,3,242,greedy,area,success,302,0.304496281,151,2,100,,,,,
large,100,2,4,3,242,stochastic_greedy,area,success,286,0.263604098,143,2,100,,,,,
large,100,2,4,3,242,genetic_greedy,area,success,256,86.629343499,16,16,100,50406,1624,142503,0.032218386699996035,87.7481527093596
large,100,2,4,3,242,genetic_stochastic,area,success,240,100.927570434,16,15,100,50385,2343,185970,0.046501935099732064,79.37259923175417
large,100,2,4,3,242,beam_search,area,success,274,1203.176255585,137,2,100,,,,,
large,100,2,4,4,342,merge_greedy,area,success,252,18.535704893,28,9,100,,,,,
large,100,2,4,4,342,greedy,area,success,282,0.301549522,141,2,100,,,,,
large,100,2,4,4,342,stochastic_greedy,area,success,282,0.293751812,141,2,100,,,,,
large,100,2,4,4,342,genetic_greedy,area,success,234,61.163365616,78,3,100,50278,1067,97782,0.02122200564859382,91.64198687910029
large,100,2,4,4,342,genetic_stochastic,area,success,237,58.627255657,79,3,100,50669,1078,96084,0.02127533600426296,89.1317254174397
large,100,2,4,4,342,beam_search,area,success,266,1268.86225134,133,2,100,,,,,
large,100,2,4,5,442,merge_greedy,area,success,248,19.746657295,31,8,100,,,,,
large,100,2,4,5,442,greedy,area,success,286,0.261268431,143,2,100,,,,,
large,100,2,4,5,442,stochastic_greedy,area,success,292,0.269542983,146,2,100,,,,,
large,100,2,4,5,442,genetic_greedy,area,success,243,50.421465543,81,3,100,50409,804,72681,0.015949532821519966,90.39925373134328
large,100,2,4,5,442,genetic_stochastic,area,success,246,64.815905809,82,3,100,50444,1173,105544,0.02325350884148759,89.97783461210571
large,100,2,4,5,442,beam_search,area,success,280,1164.615742943,140,2,100,,,,,
large,100,2,4,6,542,merge_greedy,area,success,240,16.372553928,30,8,100,,,,,
large,100,2,4,6,542,greedy,area,success,284,0.252498822,142,2,100,,,,,
large,100,2,4,6,542,stochastic_greedy,area,success,272,0.226698147,136,2,100,,,,,
large,100,2,4,6,542,genetic_greedy,area,success,231,53.040782617,77,3,100,50145,1055,93816,0.021038986937880148,88.92511848341232
large,100,2,4,6,542,genetic_stochastic,area,success,225,71.628672788,15,15,100,50514,1418,124318,0.028071425743358278,87.67136812411847
large,100,2,4,6,542,beam_search,area,success,266,1183.110420087,133,2,100,,,,,
large,100,2,4,7,642,merge_greedy,area,success,252,21.223053277,36,7,100,,,,,
large,100,2,4,7,642,greedy,area,success,302,0.300597149,151,2,100,,,,,
large,100,2,4,7,642,stochastic_greedy,area,success,304,0.303186081,152,2,100,,,,,
large,100,2,4,7,642,genetic_greedy,area,success,237,46.400021407,79,3,100,50365,817,72857,0.01622158244812866,89.17625458996328
large,100,2,4,7,642,genetic_stochastic,area,success,240,65.43394053,16,15,100,50126,1177,100354,0.023480828312652118,85.2625318606627
large,100,2,4,7,642,beam_search,area,success,274,1208.729297945,137,2,100,,,,,
large,100,2,4,8,742,merge_greedy,area,success,252,17.492093683,28,9,100,,,,,
large,100,2,4,8,742,greedy,area,success,276,0.241795969,138,2,100,,,,,
large,100,2,4,8,742,stochastic_greedy,area,success,254,0.191893082,127,2,100,,,,,
large,100,2,4,8,742,genetic_greedy,area,success,225,35.647600144,15,15,100,50279,525,45320,0.010441735118041329,86.32380952380953
large,100,2,4,8,742,genetic_stochastic,area,success,225,58.238848656,15,15,100,50545,1000,87935,0.019784350578692253,87.935
large,100,2,4,8,742,beam_search,area,success,256,1225.954560553,128,2,100,,,,,
large,100,2,4,9,842,merge_greedy,area,success,252,28.216759006,28,9,100,,,,,
large,100,2,4,9,842,greedy,area,success,288,0.385700723,144,2,100,,,,,
large,100,2,4,9,842,stochastic_greedy,area,success,290,0.424676614,145,2,100,,,,,
large,100,2,4,9,842,genetic_greedy,area,success,236,79.940770401,59,4,100,50404,947,85950,0.018788191413379892,90.76029567053854
large,100,2,4,9,842,genetic_stochastic,area,success,243,107.743873557,81,3,100,50481,1337,122390,0.026485212258077297,91.54076290201945
large,100,2,4,9,842,beam_search,area,success,280,1320.692199145,140,2,100,,,,,
large,100,2,4,10,942,merge_greedy,area,success,260,17.110365461,26,10,100,,,,,
large,100,2,4,10,942,greedy,area,success,270,0.227769709,135,2,100,,,,,
large,100,2,4,10,942,stochastic_greedy,area,success,272,0.23290289,136,2,100,,,,,
large,100,2,4,10,942,genetic_greedy,area,success,225,46.974727978,75,3,100,50511,603,55454,0.01193799370434163,91.96351575456053
large,100,2,4,10,942,genetic_stochastic,area,success,234,73.857616021,78,3,100,50314,1177,106580,0.02339309138609532,90.55225148683093
large,100,2,4,10,942,beam_search,area,success,262,1381.541112164,131,2,100,,,,,
1d,10,1,8,1,42,greedy,area,success,48,0.006513195,48,1,10,,,,,
1d,10,1,8,1,42,stochastic_greedy,area,success,48,0.006848877,48,1,10,,,,,
1d,10,1,8,1,42,genetic_greedy,area,success,44,0.213144404,44,1,10,12597,69,552,0.005477494641581329,8.0
1d,10,1,8,1,42,genetic_stochastic,area,success,44,0.215920008,44,1,10,12489,54,323,0.004323804948354552,5.981481481481482
1d,10,1,8,2,142,greedy,area,success,51,0.007225997,51,1,10,,,,,
1d,10,1,8,2,142,stochastic_greedy,area,success,42,0.0063797,42,1,10,,,,,
1d,10,1,8,2,142,genetic_greedy,area,success,41,0.277499211,41,1,10,12528,109,361,0.008700510855683269,3.311926605504587
1d,10,1,8,2,142,genetic_stochastic,area,success,41,0.247456039,41,1,10,12602,175,1174,0.013886684653229646,6.708571428571428
1d,10,1,8,3,242,greedy,area,success,53,0.007890856,53,1,10,,,,,
1d,10,1,8,3,242,stochastic_greedy,area,success,51,0.00750802,51,1,10,,,,,
1d,10,1,8,3,242,genetic_greedy,area,success,51,0.661910929,51,1,10,12584,464,1422,0.036872218690400506,3.064655172413793
1d,10,1,8,3,242,genetic_stochastic,area,success,51,0.606845083,51,1,10,12708,627,3373,0.049338999055712936,5.379585326953748
1d,10,1,8,4,342,greedy,area,success,50,0.006875438,50,1,10,,,,,
1d,10,1,8,4,342,stochastic_greedy,area,success,40,0.004124346,40,1,10,,,,,
1d,10,1,8,4,342,genetic_greedy,area,success,42,0.264348663,42,1,10,12554,80,527,0.006372470925601402,6.5875
1d,10,1,8,4,342,genetic_stochastic,area,success,40,0.509596063,40,1,10,12592,495,2933,0.039310673443456165,5.925252525252525
1d,10,1,8,5,442,greedy,area,success,46,0.006318604,46,1,10,,,,,
1d,10,1,8,5,442,stochastic_greedy,area,success,52,0.011531021,52,1,10,,,,,
1d,10,1,8,5,442,genetic_greedy,area,success,46,0.223404788,46,1,10,12681,33,96,0.0026023184291459663,2.909090909090909
1d,10,1,8,5,442,genetic_stochastic,area,success,46,0.280653216,46,1,10,12538,166,981,0.013239751156484288,5.909638554216867
1d,10,1,8,6,542,greedy,area,success,50,0.006688091,50,1,10,,,,,
1d,10,1,8,6,542,stochastic_greedy,area,success,51,0.007636214,51,1,10,,,,,
1d,10,1,8,6,542,genetic_greedy,area,success,48,0.240295449,48,1,10,12642,36,216,0.0028476506881822496,6.0
1d,10,1,8,6,542,genetic_stochastic,area,success,47,0.411778574,47,1,10,12671,326,2214,0.025728040407229105,6.791411042944786
1d,10,1,8,7,642,greedy,area,success,55,0.008320777,55,1,10,,,,,
1d,10,1,8,7,642,stochastic_greedy,area,success,55,0.008988278,55,1,10,,,,,
1d,10,1,8,7,642,genetic_greedy,area,success,46,0.253837419,46,1,10,12623,59,400,0.004674007763606116,6.779661016949152
1d,10,1,8,7,642,genetic_stochastic,area,success,45,0.372405915,45,1,10,12639,252,1393,0.019938286256824117,5.527777777777778
1d,10,1,8,8,742,greedy,area,success,53,0.007401613,53,1,10,,,,,
1d,10,1,8,8,742,stochastic_greedy,area,success,54,0.009376738,54,1,10,,,,,
1d,10,1,8,8,742,genetic_greedy,area,success,53,0.380480935,53,1,10,12602,184,530,0.014600857006824314,2.880434782608696
1d,10,1,8,8,742,genetic_stochastic,area,success,53,0.642657898,53,1,10,12552,754,4643,0.06007010834926705,6.157824933687003
1d,10,1,8,9,842,greedy,area,success,46,0.005895157,46,1,10,,,,,
1d,10,1,8,9,842,stochastic_greedy,area,success,46,0.00569095,46,1,10,,,,,
1d,10,1,8,9,842,genetic_greedy,area,success,39,0.145407361,39,1,10,12485,0,0,0.0,
1d,10,1,8,9,842,genetic_stochastic,area,success,39,0.249813103,39,1,10,12578,161,1106,0.012800127206233105,6.869565217391305
1d,10,1,8,10,942,greedy,area,success,43,0.004848921,43,1,10,,,,,
1d,10,1,8,10,942,stochastic_greedy,area,success,43,0.004906514,43,1,10,,,,,
1d,10,1,8,10,942,genetic_greedy,area,success,43,0.216506748,43,1,10,12616,56,371,0.004438807863031071,6.625
1d,10,1,8,10,942,genetic_stochastic,area,success,42,0.45956969,42,1,10,12527,529,2896,0.042228785822623134,5.474480151228733
1d,10,1,8,1,42,merge_greedy,area,success,45,0.064351576,45,1,10,,,,,
1d,10,1,8,2,142,merge_greedy,area,success,41,0.06414199,41,1,10,,,,,
1d,10,1,8,3,242,merge_greedy,area,success,51,0.060235874,51,1,10,,,,,
1d,10,1,8,4,342,merge_greedy,area,success,40,0.052539086,40,1,10,,,,,
1d,10,1,8,5,442,merge_greedy,area,success,50,0.058313753,50,1,10,,,,,
1d,10,1,8,6,542,merge_greedy,area,success,44,0.052061002,44,1,10,,,,,
1d,10,1,8,7,642,merge_greedy,area,success,47,0.053810225,47,1,10,,,,,
1d,10,1,8,8,742,merge_greedy,area,success,54,0.070385301,54,1,10,,,,,
1d,10,1,8,9,842,merge_greedy,area,success,44,0.051570689,44,1,10,,,,,
1d,10,1,8,10,942,merge_greedy,area,success,43,0.044403679,43,1,10,,,,,
1d,20,1,8,1,42,greedy,area,success,87,0.041089659,87,1,20,,,,,
1d,20,1,8,1,42,stochastic_greedy,area,success,80,0.099385758,80,1,20,,,,,
1d,20,1,8,1,42,genetic_greedy,area,success,82,0.784499161,82,1,20,12425,75,1181,0.006036217303822937,15.746666666666666
1d,20,1,8,1,42,genetic_stochastic,area,success,80,1.744001146,80,1,20,12563,600,9191,0.0477592931624612,15.318333333333333
1d,20,1,8,2,142,greedy,area,success,77,0.021601183,77,1,20,,,,,
1d,20,1,8,2,142,stochastic_greedy,area,success,79,0.027130935,79,1,20,,,,,
1d,20,1,8,2,142,genetic_greedy,area,success,66,0.701188569,66,1,20,12607,142,2431,0.01126358372332831,17.119718309859156
1d,20,1,8,2,142,genetic_stochastic,area,success,66,1.402120746,66,1,20,12545,653,9419,0.0520526106018334,14.424196018376723
1d,20,1,8,3,242,greedy,area,success,85,0.026328704,85,1,20,,,,,
1d,20,1,8,3,242,stochastic_greedy,area,success,88,0.029686631,88,1,20,,,,,
1d,20,1,8,3,242,genetic_greedy,area,success,81,1.020238263,81,1,20,12540,241,4176,0.019218500797448166,17.327800829875518
1d,20,1,8,3,242,genetic_stochastic,area,success,81,1.317247448,81,1,20,12536,412,6305,0.03286534779834078,15.303398058252426
1d,20,1,8,4,342,greedy,area,success,65,0.013651182,65,1,20,,,,,
1d,20,1,8,4,342,stochastic_greedy,area,success,68,0.018250871,68,1,20,,,,,
1d,20,1,8,4,342,genetic_greedy,area,success,69,0.661571056,69,1,20,12641,65,1141,0.005141998259631358,17.553846153846155
1d,20,1,8,4,342,genetic_stochastic,area,success,62,1.1436045,62,1,20,12653,473,6119,0.037382438947285226,12.936575052854122
1d,20,1,8,5,442,greedy,area,success,78,0.024745713,78,1,20,,,,,
1d,20,1,8,5,442,stochastic_greedy,area,success,81,0.074652349,81,1,20,,,,,
1d,20,1,8,5,442,genetic_greedy,area,success,78,0.613713224,78,1,20,12596,46,802,0.0036519530009526836,17.434782608695652
1d,20,1,8,5,442,genetic_stochastic,area,success,77,1.464589332,77,1,20,12635,569,8787,0.045033636723387414,15.442882249560633
1d,20,1,8,6,542,greedy,area,success,91,0.031266391,91,1,20,,,,,
1d,20,1,8,6,542,stochastic_greedy,area,success,83,0.042447633,83,1,20,,,,,
1d,20,1,8,6,542,genetic_greedy,area,success,81,1.257917384,81,1,20,12668,116,1261,0.009156930849384275,10.870689655172415
1d,20,1,8,6,542,genetic_stochastic,area,success,76,2.091484431,76,1,20,12614,831,11108,0.06587918186142382,13.367027677496992
1d,20,1,8,7,642,greedy,area,success,74,0.02533232,74,1,20,,,,,
1d,20,1,8,7,642,stochastic_greedy,area,success,77,0.023118794,77,1,20,,,,,
1d,20,1,8,7,642,genetic_greedy,area,success,73,1.213120973,73,1,20,12644,297,4261,0.02348940208794685,14.346801346801346
1d,20,1,8,7,642,genetic_stochastic,area,success,68,1.097200183,68,1,20,12689,295,4169,0.023248482937977776,14.132203389830508
1d,20,1,8,8,742,greedy,area,success,70,0.030291178,70,1,20,,,,,
1d,20,1,8,8,742,stochastic_greedy,area,success,69,0.054296913,69,1,20,,,,,
1d,20,1,8,8,742,genetic_greedy,area,success,69,0.942724621,69,1,20,12590,121,1140,0.009610802223987292,9.421487603305785
1d,20,1,8,8,742,genetic_stochastic,area,success,69,1.243875296,69,1,20,12646,332,4438,0.0262533607464811,13.367469879518072
1d,20,1,8,9,842,greedy,area,success,69,0.017551203,69,1,20,,,,,
1d,20,1,8,9,842,stochastic_greedy,area,success,73,0.052123301,73,1,20,,,,,
1d,20,1,8,9,842,genetic_greedy,area,success,69,0.824845873,69,1,20,12644,177,2482,0.013998734577665296,14.022598870056497
1d,20,1,8,9,842,genetic_stochastic,area,success,69,1.53372074,69,1,20,12471,713,10493,0.05717264052602037,14.716690042075736
1d,20,1,8,10,942,greedy,area,success,74,0.019154731,74,1,20,,,,,
1d,20,1,8,10,942,stochastic_greedy,area,success,75,0.024870538,75,1,20,,,,,
1d,20,1,8,10,942,genetic_greedy,area,success,72,0.776938704,72,1,20,12626,126,2218,0.009979407571677491,17.603174603174605
1d,20,1,8,10,942,genetic_stochastic,area,success,66,1.124202225,66,1,20,12496,427,5981,0.03417093469910371,14.007025761124122
1d,20,1,8,1,42,merge_greedy,area,success,78,0.460836907,78,1,20,,,,,
1d,20,1,8,2,142,merge_greedy,area,success,65,0.332192448,65,1,20,,,,,
1d,20,1,8,3,242,merge_greedy,area,success,80,0.486092593,80,1,20,,,,,
1d,20,1,8,4,342,merge_greedy,area,success,62,0.438971875,62,1,20,,,,,
1d,20,1,8,5,442,merge_greedy,area,success,77,0.468141783,77,1,20,,,,,
1d,20,1,8,6,542,merge_greedy,area,success,80,0.445182312,80,1,20,,,,,
1d,20,1,8,7,642,merge_greedy,area,success,67,0.344993696,67,1,20,,,,,
1d,20,1,8,8,742,merge_greedy,area,success,71,0.415934928,71,1,20,,,,,
1d,20,1,8,9,842,merge_greedy,area,success,67,0.39488325,67,1,20,,,,,
1d,20,1,8,10,942,merge_greedy,area,success,67,0.368149158,67,1,20,,,,,
1d,50,1,8,1,42,greedy,area,success,120,0.121588224,120,1,50,,,,,
1d,50,1,8,1,42,stochastic_greedy,area,success,131,0.100117516,131,1,50,,,,,
1d,50,1,8,1,42,genetic_greedy,area,success,122,6.467995441,122,1,50,12802,182,7302,0.01421652866739572,40.120879120879124
1d,50,1,8,1,42,genetic_stochastic,area,success,117,7.188203535,117,1,50,12608,703,29905,0.055758248730964466,42.539118065433854
1d,50,1,8,2,142,greedy,area,success,144,0.130349765,144,1,50,,,,,
1d,50,1,8,2,142,stochastic_greedy,area,success,151,0.240104709,151,1,50,,,,,
1d,50,1,8,2,142,genetic_greedy,area,success,148,11.222528829,148,1,50,12648,441,17850,0.03486717267552182,40.476190476190474
1d,50,1,8,2,142,genetic_stochastic,area,success,138,5.115779812,138,1,50,12594,302,13266,0.023979672860092106,43.9271523178808
1d,50,1,8,3,242,greedy,area,success,134,0.134489518,134,1,50,,,,,
1d,50,1,8,3,242,stochastic_greedy,area,success,136,0.109400493,136,1,50,,,,,
1d,50,1,8,3,242,genetic_greedy,area,success,131,7.338722806,131,1,50,12676,211,8416,0.016645629536131273,39.88625592417062
1d,50,1,8,3,242,genetic_stochastic,area,success,128,8.956863826,128,1,50,12592,578,24524,0.045902160101651844,42.42906574394463
1d,50,1,8,4,342,greedy,area,success,107,0.065324989,107,1,50,,,,,
1d,50,1,8,4,342,stochastic_greedy,area,success,116,0.082395496,116,1,50,,,,,
1d,50,1,8,4,342,genetic_greedy,area,success,106,3.484632545,106,1,50,12562,203,8582,0.016159847158095843,42.275862068965516
1d,50,1,8,4,342,genetic_stochastic,area,success,104,5.271463412,104,1,50,12621,468,18455,0.037081055383884,39.43376068376068
1d,50,1,8,5,442,greedy,area,success,158,0.200530647,158,1,50,,,,,
1d,50,1,8,5,442,stochastic_greedy,area,success,159,0.320649772,159,1,50,,,,,
1d,50,1,8,5,442,genetic_greedy,area,success,151,7.765473849,151,1,50,12661,445,18668,0.035147302740699785,41.95056179775281
1d,50,1,8,5,442,genetic_stochastic,area,success,147,6.900797692,147,1,50,12583,610,26401,0.04847810538027497,43.28032786885246
1d,50,1,8,6,542,greedy,area,success,135,0.214563279,135,1,50,,,,,
1d,50,1,8,6,542,stochastic_greedy,area,success,138,0.249786309,138,1,50,,,,,
1d,50,1,8,6,542,genetic_greedy,area,success,135,4.385065041,135,1,50,12698,254,11536,0.02000315010237833,45.41732283464567
1d,50,1,8,6,542,genetic_stochastic,area,success,128,5.31339688,128,1,50,12560,437,18381,0.03479299363057325,42.06178489702517
1d,50,1,8,7,642,greedy,area,success,143,0.193272737,143,1,50,,,,,
1d,50,1,8,7,642,stochastic_greedy,area,success,122,0.102915809,122,1,50,,,,,
1d,50,1,8,7,642,genetic_greedy,area,success,123,4.410146131,123,1,50,12578,186,7910,0.014787724598505327,42.526881720430104
1d,50,1,8,7,642,genetic_stochastic,area,success,118,6.717327164,118,1,50,12498,640,28281,0.051208193310929746,44.1890625
1d,50,1,8,8,742,greedy,area,success,128,0.136185867,128,1,50,,,,,
1d,50,1,8,8,742,stochastic_greedy,area,success,124,0.111492078,124,1,50,,,,,
1d,50,1,8,8,742,genetic_greedy,area,success,121,4.652545159,121,1,50,12612,430,17717,0.03409451316206787,41.20232558139535
1d,50,1,8,8,742,genetic_stochastic,area,success,119,5.706965238,119,1,50,12677,519,21052,0.040940285556519684,40.5626204238921
1d,50,1,8,9,842,greedy,area,success,155,0.175579456,155,1,50,,,,,
1d,50,1,8,9,842,stochastic_greedy,area,success,149,0.352937725,149,1,50,,,,,
1d,50,1,8,9,842,genetic_greedy,area,success,149,7.990039604,149,1,50,12477,392,16357,0.03141780876813337,41.72704081632653
1d,50,1,8,9,842,genetic_stochastic,area,success,149,11.126983968,149,1,50,12545,777,32624,0.06193702670386608,41.98712998712999
1d,50,1,8,10,942,greedy,area,success,127,0.106945084,127,1,50,,,,,
1d,50,1,8,10,942,stochastic_greedy,area,success,139,0.240107398,139,1,50,,,,,
1d,50,1,8,10,942,genetic_greedy,area,success,127,15.012670582,127,1,50,12729,2254,12380,0.17707596826145022,5.4924578527063
1d,50,1,8,10,942,genetic_stochastic,area,success,123,6.230303288,123,1,50,12674,533,22900,0.04205459996843933,42.96435272045028
1d,50,1,8,1,42,merge_greedy,area,success,113,5.282594015,113,1,50,,,,,
1d,50,1,8,2,142,merge_greedy,area,success,135,5.954511206,135,1,50,,,,,
1d,50,1,8,3,242,merge_greedy,area,success,118,5.09768721,118,1,50,,,,,
1d,50,1,8,4,342,merge_greedy,area,success,102,4.932541937,102,1,50,,,,,
1d,50,1,8,5,442,merge_greedy,area,success,142,6.123834389,142,1,50,,,,,
1d,50,1,8,6,542,merge_greedy,area,success,123,5.152211434,123,1,50,,,,,
1d,50,1,8,7,642,merge_greedy,area,success,117,4.939295776,117,1,50,,,,,
1d,50,1,8,8,742,merge_greedy,area,success,117,5.099310333,117,1,50,,,,,
1d,50,1,8,9,842,merge_greedy,area,success,149,6.893284947,149,1,50,,,,,
1d,50,1,8,10,942,merge_greedy,area,success,120,5.224825589,120,1,50,,,,,
1d,100,1,8,1,42,greedy,area,success,193,0.348559922,193,1,100,,,,,
1d,100,1,8,1,42,stochastic_greedy,area,success,178,0.28871836,178,1,100,,,,,
1d,100,1,8,1,42,genetic_greedy,area,success,185,16.041107658,185,1,100,12568,237,21583,0.018857415658816042,91.0675105485232
1d,100,1,8,1,42,genetic_stochastic,area,success,178,18.457672013,178,1,100,12698,374,33811,0.029453457237360214,90.40374331550802
1d,100,1,8,2,142,greedy,area,success,211,0.443157829,211,1,100,,,,,
1d,100,1,8,2,142,stochastic_greedy,area,success,202,0.362946474,202,1,100,,,,,
1d,100,1,8,2,142,genetic_greedy,area,success,194,46.376397332,194,1,100,12601,440,35919,0.03491786366161416,81.63409090909092
1d,100,1,8,2,142,genetic_stochastic,area,success,196,24.494977065,196,1,100,12599,338,31224,0.02682752599412652,92.37869822485207
1d,100,1,8,3,242,greedy,area,success,198,0.344324304,198,1,100,,,,,
1d,100,1,8,3,242,stochastic_greedy,area,success,203,0.398147028,203,1,100,,,,,
1d,100,1,8,3,242,genetic_greedy,area,success,184,20.580011543,184,1,100,12546,298,27682,0.02375259046708114,92.89261744966443
1d,100,1,8,3,242,genetic_stochastic,area,success,185,24.757521196,185,1,100,12505,537,49742,0.04294282287085166,92.6294227188082
1d,100,1,8,4,342,greedy,area,success,194,0.331481628,194,1,100,,,,,
1d,100,1,8,4,342,stochastic_greedy,area,success,187,0.317774098,187,1,100,,,,,
1d,100,1,8,4,342,genetic_greedy,area,success,176,30.81993728,176,1,100,12606,519,49952,0.04117087101380295,96.2466281310212
1d,100,1,8,4,342,genetic_stochastic,area,success,176,20.261579901,176,1,100,12686,348,32540,0.0274318145987703,93.50574712643679
1d,100,1,8,5,442,greedy,area,success,215,0.530147399,215,1,100,,,,,
1d,100,1,8,5,442,stochastic_greedy,area,success,214,0.470009984,214,1,100,,,,,
1d,100,1,8,5,442,genetic_greedy,area,success,202,24.902292889,202,1,100,12574,346,31268,0.027517098775250517,90.3699421965318
1d,100,1,8,5,442,genetic_stochastic,area,success,197,24.867635416,197,1,100,12613,385,35588,0.030524062475223976,92.43636363636364
1d,100,1,8,6,542,greedy,area,success,179,0.403810941,179,1,100,,,,,
1d,100,1,8,6,542,stochastic_greedy,area,success,198,0.338589914,198,1,100,,,,,
1d,100,1,8,6,542,genetic_greedy,area,success,174,27.763972347,174,1,100,12581,519,46745,0.041252682616644144,90.0674373795761
1d,100,1,8,6,542,genetic_stochastic,area,success,172,25.637105023,172,1,100,12666,463,42754,0.03655455550292121,92.34125269978402
1d,100,1,8,7,642,greedy,area,success,198,0.389054523,198,1,100,,,,,
1d,100,1,8,7,642,stochastic_greedy,area,success,198,0.438996062,198,1,100,,,,,
1d,100,1,8,7,642,genetic_greedy,area,success,188,18.873061737,188,1,100,12551,208,18604,0.016572384670544178,89.4423076923077
1d,100,1,8,7,642,genetic_stochastic,area,success,187,24.762955771,187,1,100,12602,481,43765,0.03816854467544834,90.98752598752598
1d,100,1,8,8,742,greedy,area,success,199,0.357703321,199,1,100,,,,,
1d,100,1,8,8,742,stochastic_greedy,area,success,188,0.308303026,188,1,100,,,,,
1d,100,1,8,8,742,genetic_greedy,area,success,182,17.303539461,182,1,100,12551,199,18269,0.01585531033383794,91.80402010050251
1d,100,1,8,8,742,genetic_stochastic,area,success,178,26.004856006,178,1,100,12584,593,51809,0.047123331214240304,87.36762225969646
1d,100,1,8,9,842,greedy,area,success,215,0.46977343,215,1,100,,,,,
1d,100,1,8,9,842,stochastic_greedy,area,success,205,0.458573984,205,1,100,,,,,
1d,100,1,8,9,842,genetic_greedy,area,success,193,32.673455693,193,1,100,12616,281,24693,0.022273303741280913,87.87544483985765
1d,100,1,8,9,842,genetic_stochastic,area,success,194,35.703078236,194,1,100,12691,591,54237,0.04656843432353636,91.77157360406092
1d,100,1,8,10,942,greedy,area,success,183,0.368443186,183,1,100,,,,,
1d,100,1,8,10,942,stochastic_greedy,area,success,188,0.419976117,188,1,100,,,,,
1d,100,1,8,10,942,genetic_greedy,area,success,173,23.128199728,173,1,100,12618,242,21177,0.019178950705341577,87.50826446280992
1d,100,1,8,10,942,genetic_stochastic,area,success,171,28.462989724,171,1,100,12545,565,50159,0.04503786369071343,88.77699115044248
1d,100,1,8,1,42,merge_greedy,area,success,165,36.379175585,165,1,100,,,,,
1d,100,1,8,2,142,merge_greedy,area,success,194,38.284375676,194,1,100,,,,,
1d,100,1,8,3,242,merge_greedy,area,success,183,37.638109159,183,1,100,,,,,
1d,100,1,8,4,342,merge_greedy,area,success,174,35.880233782,174,1,100,,,,,
1d,100,1,8,5,442,merge_greedy,area,success,193,37.822440853,193,1,100,,,,,
1d,100,1,8,6,542,merge_greedy,area,success,169,35.73254921,169,1,100,,,,,
1d,100,1,8,7,642,merge_greedy,area,success,181,36.660913909,181,1,100,,,,,
1d,100,1,8,8,742,merge_greedy,area,success,168,34.884642807,168,1,100,,,,,
1d,100,1,8,9,842,merge_greedy,area,success,192,41.655251253,192,1,100,,,,,
1d,100,1,8,10,942,merge_greedy,area,success,163,35.770913757,163,1,100,,,,,
1d,200,1,8,1,42,greedy,area,success,251,0.809235254,251,1,200,,,,,
1d,200,1,8,1,42,stochastic_greedy,area,success,240,0.737332798,240,1,200,,,,,
1d,200,1,8,1,42,genetic_greedy,area,success,230,98.328251562,230,1,200,12649,390,74386,0.030832476875642344,190.73333333333332
1d,200,1,8,1,42,genetic_stochastic,area,success,226,100.290378503,226,1,200,12602,341,65611,0.027059196952864625,192.40762463343108
1d,200,1,8,2,142,greedy,area,success,249,0.800679746,249,1,200,,,,,
1d,200,1,8,2,142,stochastic_greedy,area,success,262,1.007342329,262,1,200,,,,,
1d,200,1,8,2,142,genetic_greedy,area,success,245,115.611027885,245,1,200,12641,279,52851,0.022071038683648445,189.43010752688173
1d,200,1,8,2,142,genetic_stochastic,area,success,245,114.950654231,245,1,200,12561,403,76922,0.03208343284770321,190.87344913151364
1d,200,1,8,3,242,greedy,area,success,246,1.239045078,246,1,200,,,,,
1d,200,1,8,3,242,stochastic_greedy,area,success,248,0.768361655,248,1,200,,,,,
1d,200,1,8,3,242,genetic_greedy,area,success,240,110.478317952,240,1,200,12605,352,66252,0.02792542641808806,188.2159090909091
1d,200,1,8,3,242,genetic_stochastic,area,success,233,141.636829496,233,1,200,12654,456,87036,0.036036036036036036,190.8684210526316
1d,200,1,8,4,342,greedy,area,success,258,0.921515769,258,1,200,,,,,
1d,200,1,8,4,342,stochastic_greedy,area,success,267,0.99930775,267,1,200,,,,,
1d,200,1,8,4,342,genetic_greedy,area,success,240,77.326684148,240,1,200,12562,210,35079,0.0167170832669957,167.04285714285714
1d,200,1,8,4,342,genetic_stochastic,area,success,235,100.335514093,235,1,200,12587,490,89755,0.03892905378565186,183.1734693877551
1d,200,1,8,5,442,greedy,area,success,280,1.014578167,280,1,200,,,,,
1d,200,1,8,5,442,stochastic_greedy,area,success,252,0.887848701,252,1,200,,,,,
1d,200,1,8,5,442,genetic_greedy,area,success,247,118.495298888,247,1,200,12591,461,82023,0.03661345405448336,177.92407809110628
1d,200,1,8,5,442,genetic_stochastic,area,success,243,208.863165022,243,1,200,12692,688,131995,0.054207374724235736,191.8531976744186
1d,200,1,8,6,542,greedy,area,success,257,0.98594486,257,1,200,,,,,
1d,200,1,8,6,542,stochastic_greedy,area,success,250,0.864262775,250,1,200,,,,,
1d,200,1,8,6,542,genetic_greedy,area,success,241,111.702751694,241,1,200,12612,353,67467,0.027989216619092927,191.12464589235128
1d,200,1,8,6,542,genetic_stochastic,area,success,236,140.765648849,236,1,200,12590,476,91106,0.03780778395552025,191.39915966386553
1d,200,1,8,7,642,greedy,area,success,251,0.881520029,251,1,200,,,,,
1d,200,1,8,7,642,stochastic_greedy,area,success,248,0.908980458,248,1,200,,,,,
1d,200,1,8,7,642,genetic_greedy,area,success,246,105.181687735,246,1,200,12556,311,59212,0.024769034724434532,190.39228295819936
1d,200,1,8,7,642,genetic_stochastic,area,success,239,114.236083196,239,1,200,12476,426,80528,0.03414555947419044,189.03286384976525
1d,200,1,8,8,742,greedy,area,success,261,0.936826344,261,1,200,,,,,
1d,200,1,8,8,742,stochastic_greedy,area,success,256,0.894258224,256,1,200,,,,,
1d,200,1,8,8,742,genetic_greedy,area,success,246,95.67532817,246,1,200,12681,228,36384,0.01797965460137213,159.57894736842104
1d,200,1,8,8,742,genetic_stochastic,area,success,247,110.984069188,247,1,200,12543,501,94930,0.03994259746472136,189.4810379241517
1d,200,1,8,9,842,greedy,area,success,271,1.039025035,271,1,200,,,,,
1d,200,1,8,9,842,stochastic_greedy,area,success,255,0.85126523,255,1,200,,,,,
1d,200,1,8,9,842,genetic_greedy,area,success,244,95.843602097,244,1,200,12637,246,42735,0.019466645564611855,173.71951219512195
1d,200,1,8,9,842,genetic_stochastic,area,success,238,123.586350618,238,1,200,12575,460,86859,0.03658051689860835,188.82391304347826
1d,200,1,8,10,942,greedy,area,success,257,0.933622364,257,1,200,,,,,
1d,200,1,8,10,942,stochastic_greedy,area,success,251,0.884601174,251,1,200,,,,,
1d,200,1,8,10,942,genetic_greedy,area,success,244,71.503502317,244,1,200,12465,354,66109,0.028399518652226233,186.74858757062148
1d,200,1,8,10,942,genetic_stochastic,area,success,238,109.784103466,238,1,200,12537,448,84574,0.03573422668900056,188.78125
1d,300,1,8,1,42,greedy,area,success,297,1.455751545,297,1,300,,,,,
1d,300,1,8,1,42,stochastic_greedy,area,success,280,1.303621217,280,1,300,,,,,
1d,300,1,8,1,42,genetic_greedy,area,success,263,136.944015727,263,1,300,12629,207,59440,0.0163908464644865,287.1497584541063
1d,300,1,8,1,42,genetic_stochastic,area,success,256,336.873883561,256,1,300,12567,629,180623,0.050051722765974374,287.1589825119237
1d,300,1,8,2,142,greedy,area,success,286,1.350148742,286,1,300,,,,,
1d,300,1,8,2,142,stochastic_greedy,area,success,281,1.347041142,281,1,300,,,,,
1d,300,1,8,2,142,genetic_greedy,area,success,263,235.966155603,263,1,300,12687,303,87250,0.023882714589737526,287.95379537953795
1d,300,1,8,2,142,genetic_stochastic,area,success,261,428.942148515,261,1,300,12644,468,135363,0.03701360329009807,289.2371794871795
1d,300,1,8,3,242,greedy,area,success,277,1.493764591,277,1,300,,,,,
1d,300,1,8,3,242,stochastic_greedy,area,success,273,1.264751864,273,1,300,,,,,
1d,300,1,8,3,242,genetic_greedy,area,success,261,371.804477749,261,1,300,12614,474,136059,0.037577295068970985,287.04430379746833
1d,300,1,8,3,242,genetic_stochastic,area,success,259,304.225860666,259,1,300,12646,486,139238,0.03843112446623438,286.49794238683126
1d,300,1,8,4,342,greedy,area,success,279,1.315208446,279,1,300,,,,,
1d,300,1,8,4,342,stochastic_greedy,area,success,271,1.269579747,271,1,300,,,,,
1d,300,1,8,4,342,genetic_greedy,area,success,263,303.534180162,263,1,300,12674,420,120061,0.033138709168376204,285.8595238095238
1d,300,1,8,4,342,genetic_stochastic,area,success,262,249.291218267,262,1,300,12590,453,128259,0.03598093725178713,283.1324503311258
1d,300,1,8,5,442,greedy,area,success,270,1.373491977,270,1,300,,,,,
1d,300,1,8,5,442,stochastic_greedy,area,success,269,1.335206844,269,1,300,,,,,
1d,300,1,8,5,442,genetic_greedy,area,success,256,289.650977885,256,1,300,12592,462,131945,0.036689961880559084,285.5952380952381
1d,300,1,8,5,442,genetic_stochastic,area,success,258,444.304059578,258,1,300,12527,663,189310,0.05292568053005508,285.53544494720967
1d,300,1,8,6,542,greedy,area,success,290,1.388011127,290,1,300,,,,,
1d,300,1,8,6,542,stochastic_greedy,area,success,281,1.387682509,281,1,300,,,,,
1d,300,1,8,6,542,genetic_greedy,area,success,252,373.248095557,252,1,300,12654,461,132230,0.03643116801011538,286.8329718004338
1d,300,1,8,6,542,genetic_stochastic,area,success,253,265.977074254,253,1,300,12499,383,110287,0.03064245139611169,287.9556135770235
1d,300,1,8,7,642,greedy,area,success,283,1.413454202,283,1,300,,,,,
1d,300,1,8,7,642,stochastic_greedy,area,success,286,1.498926196,286,1,300,,,,,
1d,300,1,8,7,642,genetic_greedy,area,success,263,207.353599277,263,1,300,12549,212,59294,0.01689377639652562,279.688679245283
1d,300,1,8,7,642,genetic_stochastic,area,success,258,321.208464013,258,1,300,12511,567,160989,0.04532011829589961,283.9312169312169
1d,300,1,8,8,742,greedy,area,success,275,1.364928094,275,1,300,,,,,
1d,300,1,8,8,742,stochastic_greedy,area,success,275,1.420752642,275,1,300,,,,,
1d,300,1,8,8,742,genetic_greedy,area,success,269,454.339179927,269,1,300,12647,486,139529,0.03842808571202657,287.09670781893004
1d,300,1,8,8,742,genetic_stochastic,area,success,260,349.491014535,260,1,300,12585,550,157460,0.04370282081843464,286.2909090909091
1d,300,1,8,9,842,greedy,area,success,266,1.347221131,266,1,300,,,,,
1d,300,1,8,9,842,stochastic_greedy,area,success,287,1.351605036,287,1,300,,,,,
1d,300,1,8,9,842,genetic_greedy,area,success,265,218.644585908,265,1,300,12637,262,75051,0.020732768853367098,286.4541984732824
1d,300,1,8,9,842,genetic_stochastic,area,success,257,319.976812811,257,1,300,12528,501,143448,0.039990421455938695,286.32335329341316
1d,300,1,8,10,942,greedy,area,success,282,1.401377729,282,1,300,,,,,
1d,300,1,8,10,942,stochastic_greedy,area,success,285,1.347474979,285,1,300,,,,,
1d,300,1,8,10,942,genetic_greedy,area,success,273,202.830692209,273,1,300,12600,189,55227,0.015,292.2063492063492
1d,300,1,8,10,942,genetic_stochastic,area,success,259,306.07637115,259,1,300,12659,524,146200,0.04139347499802512,279.00763358778624
1d,10,1,2,1,42,greedy,area,success,5,0.001246885,5,1,10,,,,,
1d,10,1,2,1,42,stochastic_greedy,area,success,5,0.001114174,5,1,10,,,,,
1d,10,1,2,1,42,genetic_greedy,area,success,5,0.124160698,5,1,10,28167,0,0,0.0,
1d,10,1,2,1,42,genetic_stochastic,area,success,5,0.080033226,5,1,10,28353,349,938,0.01230910309314711,2.687679083094556
1d,10,1,2,2,142,greedy,area,success,4,0.000754789,4,1,10,,,,,
1d,10,1,2,2,142,stochastic_greedy,area,success,4,0.000679579,4,1,10,,,,,
1d,10,1,2,2,142,genetic_greedy,area,success,4,0.087890668,4,1,10,28425,0,0,0.0,
1d,10,1,2,2,142,genetic_stochastic,area,success,4,0.071016735,4,1,10,28598,0,0,0.0,
1d,10,1,2,3,242,greedy,area,success,4,0.000707149,4,1,10,,,,,
1d,10,1,2,3,242,stochastic_greedy,area,success,4,0.001004682,4,1,10,,,,,
1d,10,1,2,3,242,genetic_greedy,area,success,4,0.078008868,4,1,10,28569,0,0,0.0,
1d,10,1,2,3,242,genetic_stochastic,area,success,4,0.077810094,4,1,10,28350,0,0,0.0,
1d,10,1,2,4,342,greedy,area,success,6,0.000875708,6,1,10,,,,,
1d,10,1,2,4,342,stochastic_greedy,area,success,6,0.00079545,6,1,10,,,,,
1d,10,1,2,4,342,genetic_greedy,area,success,5,0.074787986,5,1,10,28330,0,0,0.0,
1d,10,1,2,4,342,genetic_stochastic,area,success,5,0.074739848,5,1,10,28257,204,446,0.007219450047775773,2.1862745098039214
1d,10,1,2,5,442,greedy,area,success,4,0.000891821,4,1,10,,,,,
1d,10,1,2,5,442,stochastic_greedy,area,success,4,0.000615225,4,1,10,,,,,
1d,10,1,2,5,442,genetic_greedy,area,success,4,0.074631776,4,1,10,28216,0,0,0.0,
1d,10,1,2,5,442,genetic_stochastic,area,success,4,0.072980748,4,1,10,28362,0,0,0.0,
1d,10,1,2,6,542,greedy,area,success,5,0.00097037,5,1,10,,,,,
1d,10,1,2,6,542,stochastic_greedy,area,success,6,0.000772556,6,1,10,,,,,
1d,10,1,2,6,542,genetic_greedy,area,success,5,0.074815777,5,1,10,28400,34,102,0.0011971830985915493,3.0
1d,10,1,2,6,542,genetic_stochastic,area,success,5,0.084867624,5,1,10,28278,332,848,0.011740575712568074,2.5542168674698793
1d,10,1,2,7,642,greedy,area,success,4,0.000919057,4,1,10,,,,,
1d,10,1,2,7,642,stochastic_greedy,area,success,4,0.001041916,4,1,10,,,,,
1d,10,1,2,7,642,genetic_greedy,area,success,4,0.077015376,4,1,10,28416,0,0,0.0,
1d,10,1,2,7,642,genetic_stochastic,area,success,4,0.066899646,4,1,10,28308,0,0,0.0,
1d,10,1,2,8,742,greedy,area,success,5,0.000802594,5,1,10,,,,,
1d,10,1,2,8,742,stochastic_greedy,area,success,5,0.00067255,5,1,10,,,,,
1d,10,1,2,8,742,genetic_greedy,area,success,5,0.090254943,5,1,10,28363,0,0,0.0,
1d,10,1,2,8,742,genetic_stochastic,area,success,5,0.065367591,5,1,10,28422,160,406,0.005629441981563578,2.5375
1d,10,1,2,9,842,greedy,area,success,5,0.000826642,5,1,10,,,,,
1d,10,1,2,9,842,stochastic_greedy,area,success,5,0.000837172,5,1,10,,,,,
1d,10,1,2,9,842,genetic_greedy,area,success,5,0.13597485,5,1,10,28277,4314,8765,0.15256215298652614,2.031757070004636
1d,10,1,2,9,842,genetic_stochastic,area,success,5,0.076339001,5,1,10,28432,133,330,0.004677827799662353,2.481203007518797
1d,10,1,2,10,942,greedy,area,success,4,0.000727611,4,1,10,,,,,
1d,10,1,2,10,942,stochastic_greedy,area,success,4,0.000844313,4,1,10,,,,,
1d,10,1,2,10,942,genetic_greedy,area,success,4,0.071084448,4,1,10,28452,0,0,0.0,
1d,10,1,2,10,942,genetic_stochastic,area,success,4,0.075633107,4,1,10,28242,0,0,0.0,
1d,10,1,2,1,42,merge_greedy,area,success,5,0.001240511,5,1,10,,,,,
1d,10,1,2,2,142,merge_greedy,area,success,4,0.001692141,4,1,10,,,,,
1d,10,1,2,3,242,merge_greedy,area,success,4,0.002382971,4,1,10,,,,,
1d,10,1,2,4,342,merge_greedy,area,success,5,0.00389896,5,1,10,,,,,
1d,10,1,2,5,442,merge_greedy,area,success,4,0.003473143,4,1,10,,,,,
1d,10,1,2,6,542,merge_greedy,area,success,5,0.006714618,5,1,10,,,,,
1d,10,1,2,7,642,merge_greedy,area,success,4,0.003280863,4,1,10,,,,,
1d,10,1,2,8,742,merge_greedy,area,success,5,0.005478912,5,1,10,,,,,
1d,10,1,2,9,842,merge_greedy,area,success,5,0.00730885,5,1,10,,,,,
1d,10,1,2,10,942,merge_greedy,area,success,4,0.002473515,4,1,10,,,,,
1d,10,1,4,1,42,greedy,area,success,12,0.001032382,12,1,10,,,,,
1d,10,1,4,1,42,stochastic_greedy,area,success,12,0.001061915,12,1,10,,,,,
1d,10,1,4,1,42,genetic_greedy,area,success,11,0.115277469,11,1,10,28564,135,465,0.004726228819493068,3.4444444444444446
1d,10,1,4,1,42,genetic_stochastic,area,success,11,0.093031494,11,1,10,28242,0,0,0.0,
1d,10,1,4,2,142,greedy,area,success,14,0.00122015,14,1,10,,,,,
1d,10,1,4,2,142,stochastic_greedy,area,success,14,0.001220576,14,1,10,,,,,
1d,10,1,4,2,142,genetic_greedy,area,success,14,0.131527923,14,1,10,28237,358,2096,0.012678400679958918,5.854748603351955
1d,10,1,4,2,142,genetic_stochastic,area,success,14,0.175786889,14,1,10,28281,973,3275,0.03440472401965984,3.3658787255909557
1d,10,1,4,3,242,greedy,area,success,14,0.001239033,14,1,10,,,,,
1d,10,1,4,3,242,stochastic_greedy,area,success,17,0.001614827,17,1,10,,,,,
1d,10,1,4,3,242,genetic_greedy,area,success,14,0.102585837,14,1,10,28239,0,0,0.0,
1d,10,1,4,3,242,genetic_stochastic,area,success,14,0.134414722,14,1,10,28167,149,565,0.00528987822629318,3.791946308724832
1d,10,1,4,4,342,greedy,area,success,13,0.001086046,13,1,10,,,,,
1d,10,1,4,4,342,stochastic_greedy,area,success,13,0.001201357,13,1,10,,,,,
1d,10,1,4,4,342,genetic_greedy,area,success,13,0.124992429,13,1,10,28587,249,926,0.008710252912162871,3.718875502008032
1d,10,1,4,4,342,genetic_stochastic,area,success,13,0.302044083,13,1,10,28488,5372,6923,0.18857062622858747,1.2887192851824274
1d,10,1,4,5,442,greedy,area,success,13,0.001031581,13,1,10,,,,,
1d,10,1,4,5,442,stochastic_greedy,area,success,13,0.001126375,13,1,10,,,,,
1d,10,1,4,5,442,genetic_greedy,area,success,13,0.12717374,13,1,10,28303,42,256,0.001483941631629156,6.095238095238095
1d,10,1,4,5,442,genetic_stochastic,area,success,13,0.123486466,13,1,10,28336,142,840,0.005011293054771316,5.915492957746479
1d,10,1,4,6,542,greedy,area,success,17,0.001643455,17,1,10,,,,,
1d,10,1,4,6,542,stochastic_greedy,area,success,16,0.001330985,16,1,10,,,,,
1d,10,1,4,6,542,genetic_greedy,area,success,16,0.205937408,16,1,10,28304,691,2337,0.024413510457885812,3.38205499276411
1d,10,1,4,6,542,genetic_stochastic,area,success,15,0.153068343,15,1,10,28287,336,1707,0.011878247958426132,5.080357142857143
1d,10,1,4,7,642,greedy,area,success,18,0.001555174,18,1,10,,,,,
1d,10,1,4,7,642,stochastic_greedy,area,success,17,0.001211636,17,1,10,,,,,
1d,10,1,4,7,642,genetic_greedy,area,success,16,0.203974153,16,1,10,28329,1475,2082,0.05206678668502242,1.4115254237288135
1d,10,1,4,7,642,genetic_stochastic,area,success,16,0.166320819,16,1,10,28380,825,4789,0.029069767441860465,5.804848484848485
1d,10,1,4,8,742,greedy,area,success,12,0.001102292,12,1,10,,,,,
1d,10,1,4,8,742,stochastic_greedy,area,success,11,0.001447883,11,1,10,,,,,
1d,10,1,4,8,742,genetic_greedy,area,success,12,0.113505826,12,1,10,28305,0,0,0.0,
1d,10,1,4,8,742,genetic_stochastic,area,success,11,0.105858515,11,1,10,28387,29,154,0.001021594391799063,5.310344827586207
1d,10,1,4,9,842,greedy,area,success,13,0.001266731,13,1,10,,,,,
1d,10,1,4,9,842,stochastic_greedy,area,success,14,0.001054588,14,1,10,,,,,
1d,10,1,4,9,842,genetic_greedy,area,success,13,0.12551951,13,1,10,28325,201,1243,0.007096204766107679,6.1840796019900495
1d,10,1,4,9,842,genetic_stochastic,area,success,13,0.153611437,13,1,10,28317,428,1663,0.015114595472684253,3.885514018691589
1d,10,1,4,10,942,greedy,area,success,12,0.001634042,12,1,10,,,,,
1d,10,1,4,10,942,stochastic_greedy,area,success,12,0.003267074,12,1,10,,,,,
1d,10,1,4,10,942,genetic_greedy,area,success,12,0.144089545,12,1,10,28506,0,0,0.0,
1d,10,1,4,10,942,genetic_stochastic,area,success,12,0.108171305,12,1,10,28444,279,1026,0.009808747011672057,3.6774193548387095
1d,10,1,4,1,42,merge_greedy,area,success,12,0.008725804,12,1,10,,,,,
1d,10,1,4,2,142,merge_greedy,area,success,17,0.018247331,17,1,10,,,,,
1d,10,1,4,3,242,merge_greedy,area,success,14,0.030221608,14,1,10,,,,,
1d,10,1,4,4,342,merge_greedy,area,success,13,0.016650738,13,1,10,,,,,
1d,10,1,4,5,442,merge_greedy,area,success,13,0.013367631,13,1,10,,,,,
1d,10,1,4,6,542,merge_greedy,area,success,18,0.010597208,18,1,10,,,,,
1d,10,1,4,7,642,merge_greedy,area,success,16,0.011478238,16,1,10,,,,,
1d,10,1,4,8,742,merge_greedy,area,success,12,0.016870434,12,1,10,,,,,
1d,10,1,4,9,842,merge_greedy,area,success,13,0.008572652,13,1,10,,,,,
1d,10,1,4,10,942,merge_greedy,area,success,12,0.016345035,12,1,10,,,,,
1d,20,1,2,1,42,greedy,area,success,6,0.001063202,6,1,20,,,,,
1d,20,1,2,1,42,stochastic_greedy,area,success,6,0.001599134,6,1,20,,,,,
1d,20,1,2,1,42,genetic_greedy,area,success,5,0.170351673,5,1,20,28369,0,0,0.0,
1d,20,1,2,1,42,genetic_stochastic,area,success,5,0.132367051,5,1,20,28321,240,1655,0.008474277038240175,6.895833333333333
1d,20,1,2,2,142,greedy,area,success,5,0.001040619,5,1,20,,,,,
1d,20,1,2,2,142,stochastic_greedy,area,success,5,0.001247613,5,1,20,,,,,
1d,20,1,2,2,142,genetic_greedy,area,success,5,0.157493258,5,1,20,28234,0,0,0.0,
1d,20,1,2,2,142,genetic_stochastic,area,success,5,0.145274306,5,1,20,28274,211,1183,0.007462686567164179,5.606635071090047
1d,20,1,2,3,242,greedy,area,success,5,0.001151331,5,1,20,,,,,
1d,20,1,2,3,242,stochastic_greedy,area,success,5,0.001106403,5,1,20,,,,,
1d,20,1,2,3,242,genetic_greedy,area,success,5,0.152000292,5,1,20,28225,47,235,0.0016651904340124004,5.0
1d,20,1,2,3,242,genetic_stochastic,area,success,5,0.154048674,5,1,20,28223,225,977,0.007972221237997379,4.342222222222222
1d,20,1,2,4,342,greedy,area,success,5,0.00115126,5,1,20,,,,,
1d,20,1,2,4,342,stochastic_greedy,area,success,5,0.00106554,5,1,20,,,,,
1d,20,1,2,4,342,genetic_greedy,area,success,5,0.167807218,5,1,20,28483,0,0,0.0,
1d,20,1,2,4,342,genetic_stochastic,area,success,5,0.152291748,5,1,20,28297,303,1358,0.010707848888574761,4.481848184818482
1d,20,1,2,5,442,greedy,area,success,5,0.001047818,5,1,20,,,,,
1d,20,1,2,5,442,stochastic_greedy,area,success,5,0.001083658,5,1,20,,,,,
1d,20,1,2,5,442,genetic_greedy,area,success,5,0.147815134,5,1,20,28433,0,0,0.0,
1d,20,1,2,5,442,genetic_stochastic,area,success,5,0.14167118,5,1,20,28347,368,2074,0.01298197340106537,5.635869565217392
1d,20,1,2,6,542,greedy,area,success,6,0.001054719,6,1,20,,,,,
1d,20,1,2,6,542,stochastic_greedy,area,success,6,0.001137402,6,1,20,,,,,
1d,20,1,2,6,542,genetic_greedy,area,success,5,0.154333173,5,1,20,28461,60,240,0.0021081479919890377,4.0
1d,20,1,2,6,542,genetic_stochastic,area,success,5,0.13932854,5,1,20,28345,379,2206,0.013370964896807197,5.820580474934037
1d,20,1,2,7,642,greedy,area,success,5,0.00138125,5,1,20,,,,,
1d,20,1,2,7,642,stochastic_greedy,area,success,5,0.001300155,5,1,20,,,,,
1d,20,1,2,7,642,genetic_greedy,area,success,5,0.188776978,5,1,20,28262,34,136,0.001203028801924846,4.0
1d,20,1,2,7,642,genetic_stochastic,area,success,5,0.180664462,5,1,20,28273,263,1274,0.00930216107240123,4.844106463878327
1d,20,1,2,8,742,greedy,area,success,5,0.001257205,5,1,20,,,,,
1d,20,1,2,8,742,stochastic_greedy,area,success,5,0.001103135,5,1,20,,,,,
1d,20,1,2,8,742,genetic_greedy,area,success,5,0.154504503,5,1,20,28337,0,0,0.0,
1d,20,1,2,8,742,genetic_stochastic,area,success,5,0.149039196,5,1,20,28340,303,1466,0.010691601976005646,4.838283828382838
1d,20,1,2,9,842,greedy,area,success,6,0.001165872,6,1,20,,,,,
1d,20,1,2,9,842,stochastic_greedy,area,success,5,0.001682854,5,1,20,,,,,
1d,20,1,2,9,842,genetic_greedy,area,success,5,0.154326191,5,1,20,28368,74,377,0.002608573040045121,5.094594594594595
1d,20,1,2,9,842,genetic_stochastic,area,success,5,0.196840708,5,1,20,28435,439,2527,0.015438719887462635,5.75626423690205
1d,20,1,2,10,942,greedy,area,success,4,0.001051112,4,1,20,,,,,
1d,20,1,2,10,942,stochastic_greedy,area,success,4,0.001038214,4,1,20,,,,,
1d,20,1,2,10,942,genetic_greedy,area,success,4,0.170695018,4,1,20,28479,0,0,0.0,
1d,20,1,2,10,942,genetic_stochastic,area,success,4,0.152751242,4,1,20,28290,0,0,0.0,
1d,20,1,2,1,42,merge_greedy,area,success,5,0.009615503,5,1,20,,,,,
1d,20,1,2,2,142,merge_greedy,area,success,5,0.011247335,5,1,20,,,,,
1d,20,1,2,3,242,merge_greedy,area,success,5,0.016134233,5,1,20,,,,,
1d,20,1,2,4,342,merge_greedy,area,success,5,0.016241845,5,1,20,,,,,
1d,20,1,2,5,442,merge_greedy,area,success,5,0.011695146,5,1,20,,,,,
1d,20,1,2,6,542,merge_greedy,area,success,5,0.016473878,5,1,20,,,,,
1d,20,1,2,7,642,merge_greedy,area,success,6,0.016447472,6,1,20,,,,,
1d,20,1,2,8,742,merge_greedy,area,success,5,0.009685208,5,1,20,,,,,
1d,20,1,2,9,842,merge_greedy,area,success,6,0.010234422,6,1,20,,,,,
1d,20,1,2,10,942,merge_greedy,area,success,4,0.013078802,4,1,20,,,,,
1d,20,1,4,1,42,greedy,area,success,17,0.002295188,17,1,20,,,,,
1d,20,1,4,1,42,stochastic_greedy,area,success,17,0.002280867,17,1,20,,,,,
1d,20,1,4,1,42,genetic_greedy,area,success,17,0.421144292,17,1,20,28158,481,6092,0.017082179132040628,12.665280665280665
1d,20,1,4,1,42,genetic_stochastic,area,success,17,0.526597715,17,1,20,28256,1264,10860,0.04473386183465459,8.591772151898734
1d,20,1,4,2,142,greedy,area,success,21,0.003268442,21,1,20,,,,,
1d,20,1,4,2,142,stochastic_greedy,area,success,17,0.001643129,17,1,20,,,,,
1d,20,1,4,2,142,genetic_greedy,area,success,17,0.298544162,17,1,20,28175,59,856,0.0020940550133096716,14.508474576271187
1d,20,1,4,2,142,genetic_stochastic,area,success,16,0.477213745,16,1,20,28332,2082,8772,0.0734858110969928,4.213256484149856
1d,20,1,4,3,242,greedy,area,success,19,0.002262177,19,1,20,,,,,
1d,20,1,4,3,242,stochastic_greedy,area,success,20,0.002030087,20,1,20,,,,,
1d,20,1,4,3,242,genetic_greedy,area,success,17,0.260160817,17,1,20,28382,192,2403,0.0067648509618772465,12.515625
1d,20,1,4,3,242,genetic_stochastic,area,success,17,0.569355359,17,1,20,28270,2879,14657,0.10183940573045631,5.0910038207711015
1d,20,1,4,4,342,greedy,area,success,18,0.002350283,18,1,20,,,,,
1d,20,1,4,4,342,stochastic_greedy,area,success,16,0.001982405,16,1,20,,,,,
1d,20,1,4,4,342,genetic_greedy,area,success,16,0.38425982,16,1,20,28375,100,1145,0.003524229074889868,11.45
1d,20,1,4,4,342,genetic_stochastic,area,success,16,0.584910568,16,1,20,28354,5060,10274,0.17845806588135713,2.0304347826086957
1d,20,1,4,5,442,greedy,area,success,17,0.00244684,17,1,20,,,,,
1d,20,1,4,5,442,stochastic_greedy,area,success,19,0.001781047,19,1,20,,,,,
1d,20,1,4,5,442,genetic_greedy,area,success,16,0.340153754,16,1,20,28449,466,7174,0.016380189110337798,15.394849785407725
1d,20,1,4,5,442,genetic_stochastic,area,success,16,0.387979022,16,1,20,28267,1112,6863,0.03933915873633566,6.171762589928058
1d,20,1,4,6,542,greedy,area,success,18,0.005844092,18,1,20,,,,,
1d,20,1,4,6,542,stochastic_greedy,area,success,18,0.00616963,18,1,20,,,,,
1d,20,1,4,6,542,genetic_greedy,area,success,18,0.366726312,18,1,20,28382,279,3006,0.009830174053977873,10.774193548387096
1d,20,1,4,6,542,genetic_stochastic,area,success,17,0.701723544,17,1,20,28346,3335,13815,0.11765328441402667,4.142428785607196
1d,20,1,4,7,642,greedy,area,success,18,0.002333941,18,1,20,,,,,
1d,20,1,4,7,642,stochastic_greedy,area,success,22,0.0020614,22,1,20,,,,,
1d,20,1,4,7,642,genetic_greedy,area,success,17,0.303969717,17,1,20,28370,113,1234,0.003983080719069439,10.920353982300885
1d,20,1,4,7,642,genetic_stochastic,area,success,17,0.300866091,17,1,20,28221,334,3884,0.01183515821551327,11.62874251497006
1d,20,1,4,8,742,greedy,area,success,18,0.002865956,18,1,20,,,,,
1d,20,1,4,8,742,stochastic_greedy,area,success,22,0.003414771,22,1,20,,,,,
1d,20,1,4,8,742,genetic_greedy,area,success,18,0.320037588,18,1,20,28357,121,1698,0.004267024015234334,14.03305785123967
1d,20,1,4,8,742,genetic_stochastic,area,success,17,0.418430792,17,1,20,28513,921,10872,0.03230105565882229,11.80456026058632
1d,20,1,4,9,842,greedy,area,success,18,0.002387227,18,1,20,,,,,
1d,20,1,4,9,842,stochastic_greedy,area,success,20,0.001988299,20,1,20,,,,,
1d,20,1,4,9,842,genetic_greedy,area,success,16,0.300329762,16,1,20,28194,100,1415,0.003546853940554728,14.15
1d,20,1,4,9,842,genetic_stochastic,area,success,16,0.708464741,16,1,20,28191,3170,14119,0.11244723493313469,4.453943217665615
1d,20,1,4,10,942,greedy,area,success,19,0.002320224,19,1,20,,,,,
1d,20,1,4,10,942,stochastic_greedy,area,success,20,0.001714982,20,1,20,,,,,
1d,20,1,4,10,942,genetic_greedy,area,success,16,0.312723846,16,1,20,28308,179,2496,0.006323300833686591,13.94413407821229
1d,20,1,4,10,942,genetic_stochastic,area,success,16,0.412534092,16,1,20,28435,465,5533,0.01635308598558115,11.898924731182795
1d,20,1,4,1,42,merge_greedy,area,success,20,0.046462416,20,1,20,,,,,
1d,20,1,4,2,142,merge_greedy,area,success,20,0.050671152,20,1,20,,,,,
1d,20,1,4,3,242,merge_greedy,area,success,20,0.044508663,20,1,20,,,,,
1d,20,1,4,4,342,merge_greedy,area,success,16,0.045801878,16,1,20,,,,,
1d,20,1,4,5,442,merge_greedy,area,success,17,0.042248024,17,1,20,,,,,
1d,20,1,4,6,542,merge_greedy,area,success,18,0.047346019,18,1,20,,,,,
1d,20,1,4,7,642,merge_greedy,area,success,21,0.047905566,21,1,20,,,,,
1d,20,1,4,8,742,merge_greedy,area,success,17,0.045464045,17,1,20,,,,,
1d,20,1,4,9,842,merge_greedy,area,success,16,0.04346903,16,1,20,,,,,
1d,20,1,4,10,942,merge_greedy,area,success,16,0.043890566,16,1,20,,,,,
1d,50,1,2,1,42,greedy,area,success,5,0.002948938,5,1,50,,,,,
1d,50,1,2,1,42,stochastic_greedy,area,success,5,0.002754779,5,1,50,,,,,
1d,50,1,2,1,42,genetic_greedy,area,success,5,0.645981339,5,1,50,28395,0,0,0.0,
1d,50,1,2,1,42,genetic_stochastic,area,success,5,0.665231782,5,1,50,28407,225,2820,0.007920582954905482,12.533333333333333
1d,50,1,2,2,142,greedy,area,success,5,0.002292669,5,1,50,,,,,
1d,50,1,2,2,142,stochastic_greedy,area,success,5,0.004119097,5,1,50,,,,,
1d,50,1,2,2,142,genetic_greedy,area,success,5,0.637840061,5,1,50,28296,0,0,0.0,
1d,50,1,2,2,142,genetic_stochastic,area,success,5,0.663664425,5,1,50,28470,193,2794,0.006779065683175272,14.476683937823834
1d,50,1,2,3,242,greedy,area,success,5,0.002716406,5,1,50,,,,,
1d,50,1,2,3,242,stochastic_greedy,area,success,6,0.00198098,6,1,50,,,,,
1d,50,1,2,3,242,genetic_greedy,area,success,5,0.672729864,5,1,50,28424,45,540,0.0015831691528285956,12.0
1d,50,1,2,3,242,genetic_stochastic,area,success,5,0.633829222,5,1,50,28459,210,2595,0.007379036508661584,12.357142857142858
1d,50,1,2,4,342,greedy,area,success,5,0.002752687,5,1,50,,,,,
1d,50,1,2,4,342,stochastic_greedy,area,success,5,0.003573002,5,1,50,,,,,
1d,50,1,2,4,342,genetic_greedy,area,success,5,0.666461781,5,1,50,28342,0,0,0.0,
1d,50,1,2,4,342,genetic_stochastic,area,success,5,0.655506038,5,1,50,28304,163,2075,0.005758903335217637,12.730061349693251
1d,50,1,2,5,442,greedy,area,success,5,0.002739442,5,1,50,,,,,
1d,50,1,2,5,442,stochastic_greedy,area,success,5,0.002195511,5,1,50,,,,,
1d,50,1,2,5,442,genetic_greedy,area,success,5,0.642586661,5,1,50,28497,0,0,0.0,
1d,50,1,2,5,442,genetic_stochastic,area,success,5,0.638802145,5,1,50,28342,176,2142,0.006209865217698116,12.170454545454545
1d,50,1,2,6,542,greedy,area,success,5,0.002239934,5,1,50,,,,,
1d,50,1,2,6,542,stochastic_greedy,area,success,6,0.002269725,6,1,50,,,,,
1d,50,1,2,6,542,genetic_greedy,area,success,5,0.642642196,5,1,50,28496,63,693,0.0022108366086468277,11.0
1d,50,1,2,6,542,genetic_stochastic,area,success,5,0.666812653,5,1,50,28402,176,2204,0.006196746707978312,12.522727272727273
1d,50,1,2,7,642,greedy,area,success,6,0.002809473,6,1,50,,,,,
1d,50,1,2,7,642,stochastic_greedy,area,success,5,0.002170292,5,1,50,,,,,
1d,50,1,2,7,642,genetic_greedy,area,success,5,0.65367385,5,1,50,28378,47,517,0.0016562125590245966,11.0
1d,50,1,2,7,642,genetic_stochastic,area,success,5,0.66612404,5,1,50,28397,367,4470,0.012923900412015354,12.17983651226158
1d,50,1,2,8,742,greedy,area,success,5,0.002664236,5,1,50,,,,,
1d,50,1,2,8,742,stochastic_greedy,area,success,6,0.003054998,6,1,50,,,,,
1d,50,1,2,8,742,genetic_greedy,area,success,5,0.648669692,5,1,50,28333,0,0,0.0,
1d,50,1,2,8,742,genetic_stochastic,area,success,5,0.665747474,5,1,50,28615,187,2342,0.006535034073038616,12.524064171122994
1d,50,1,2,9,842,greedy,area,success,6,0.002441411,6,1,50,,,,,
1d,50,1,2,9,842,stochastic_greedy,area,success,6,0.002389366,6,1,50,,,,,
1d,50,1,2,9,842,genetic_greedy,area,success,5,0.677944713,5,1,50,28256,451,5687,0.015961211778029446,12.609756097560975
1d,50,1,2,9,842,genetic_stochastic,area,success,5,0.653014851,5,1,50,28321,304,3848,0.010734084248437555,12.657894736842104
1d,50,1,2,10,942,greedy,area,success,5,0.00256962,5,1,50,,,,,
1d,50,1,2,10,942,stochastic_greedy,area,success,5,0.002253014,5,1,50,,,,,
1d,50,1,2,10,942,genetic_greedy,area,success,5,0.645059472,5,1,50,28386,0,0,0.0,
1d,50,1,2,10,942,genetic_stochastic,area,success,5,0.652939856,5,1,50,28064,180,2412,0.006413911060433295,13.4
1d,50,1,2,1,42,merge_greedy,area,success,5,0.161865173,5,1,50,,,,,
1d,50,1,2,2,142,merge_greedy,area,success,6,0.146673949,6,1,50,,,,,
1d,50,1,2,3,242,merge_greedy,area,success,6,0.146278404,6,1,50,,,,,
1d,50,1,2,4,342,merge_greedy,area,success,5,0.146315555,5,1,50,,,,,
1d,50,1,2,5,442,merge_greedy,area,success,5,0.149258212,5,1,50,,,,,
1d,50,1,2,6,542,merge_greedy,area,success,6,0.146257796,6,1,50,,,,,
1d,50,1,2,7,642,merge_greedy,area,success,5,0.147690769,5,1,50,,,,,
1d,50,1,2,8,742,merge_greedy,area,success,6,0.147171262,6,1,50,,,,,
1d,50,1,2,9,842,merge_greedy,area,success,5,0.147076408,5,1,50,,,,,
1d,50,1,2,10,942,merge_greedy,area,success,6,0.146682619,6,1,50,,,,,
1d,50,1,4,1,42,greedy,area,success,19,0.003747947,19,1,50,,,,,
1d,50,1,4,1,42,stochastic_greedy,area,success,21,0.003671486,21,1,50,,,,,
1d,50,1,4,1,42,genetic_greedy,area,success,19,2.553139213,19,1,50,28474,2825,32794,0.0992133174123762,11.608495575221239
1d,50,1,4,1,42,genetic_stochastic,area,success,19,1.590882991,19,1,50,28314,1289,32514,0.04552518188881825,25.22420480993018
1d,50,1,4,2,142,greedy,area,success,24,0.004797279,24,1,50,,,,,
1d,50,1,4,2,142,stochastic_greedy,area,success,20,0.003243295,20,1,50,,,,,
1d,50,1,4,2,142,genetic_greedy,area,success,18,1.13206204,18,1,50,28405,167,5206,0.0058792466115120574,31.17365269461078
1d,50,1,4,2,142,genetic_stochastic,area,success,18,2.910596595,18,1,50,28286,3610,57432,0.1276249734851163,15.909141274238227
1d,50,1,4,3,242,greedy,area,success,18,0.00380795,18,1,50,,,,,
1d,50,1,4,3,242,stochastic_greedy,area,success,22,0.003427756,22,1,50,,,,,
1d,50,1,4,3,242,genetic_greedy,area,success,18,1.171140966,18,1,50,28470,288,7138,0.010115911485774499,24.78472222222222
1d,50,1,4,3,242,genetic_stochastic,area,success,18,1.363935724,18,1,50,28501,1056,30281,0.037051331532226936,28.675189393939394
1d,50,1,4,4,342,greedy,area,success,23,0.003994709,23,1,50,,,,,
1d,50,1,4,4,342,stochastic_greedy,area,success,23,0.004084291,23,1,50,,,,,
1d,50,1,4,4,342,genetic_greedy,area,success,18,1.213375795,18,1,50,28375,386,13841,0.01360352422907489,35.85751295336787
1d,50,1,4,4,342,genetic_stochastic,area,success,18,1.527247327,18,1,50,28215,2224,26125,0.07882332092858409,11.746852517985612
1d,50,1,4,5,442,greedy,area,success,20,0.00451394,20,1,50,,,,,
1d,50,1,4,5,442,stochastic_greedy,area,success,20,0.003288119,20,1,50,,,,,
1d,50,1,4,5,442,genetic_greedy,area,success,18,1.079602557,18,1,50,28180,86,1803,0.0030518097941802697,20.96511627906977
1d,50,1,4,5,442,genetic_stochastic,area,success,18,2.10173222,18,1,50,28441,2467,60494,0.08674097253964347,24.521280907985407
1d,50,1,4,6,542,greedy,area,success,22,0.004032089,22,1,50,,,,,
1d,50,1,4,6,542,stochastic_greedy,area,success,21,0.003745354,21,1,50,,,,,
1d,50,1,4,6,542,genetic_greedy,area,success,18,1.163048002,18,1,50,28379,278,6270,0.009795975897670813,22.553956834532375
1d,50,1,4,6,542,genetic_stochastic,area,success,18,1.849388077,18,1,50,28512,1976,45843,0.06930415263748597,23.199898785425102
1d,50,1,4,7,642,greedy,area,success,19,0.003960103,19,1,50,,,,,
1d,50,1,4,7,642,stochastic_greedy,area,success,21,0.003934725,21,1,50,,,,,
1d,50,1,4,7,642,genetic_greedy,area,success,19,1.099859015,19,1,50,28517,169,4369,0.005926289581653049,25.85207100591716
1d,50,1,4,7,642,genetic_stochastic,area,success,19,1.604199472,19,1,50,28475,1300,36493,0.0456540825285338,28.071538461538463
1d,50,1,4,8,742,greedy,area,success,22,0.004062766,22,1,50,,,,,
1d,50,1,4,8,742,stochastic_greedy,area,success,19,0.005709365,19,1,50,,,,,
1d,50,1,4,8,742,genetic_greedy,area,success,19,1.061242105,19,1,50,28350,184,2254,0.006490299823633157,12.25
1d,50,1,4,8,742,genetic_stochastic,area,success,19,1.180066569,19,1,50,28250,429,13008,0.015185840707964601,30.321678321678323
1d,50,1,4,9,842,greedy,area,success,21,0.00490843,21,1,50,,,,,
1d,50,1,4,9,842,stochastic_greedy,area,success,18,0.005089095,18,1,50,,,,,
1d,50,1,4,9,842,genetic_greedy,area,success,18,0.993657302,18,1,50,28265,47,685,0.001662833893507872,14.574468085106384
1d,50,1,4,9,842,genetic_stochastic,area,success,18,1.57654501,18,1,50,28215,1093,34901,0.03873825979089137,31.931381518755718
1d,50,1,4,10,942,greedy,area,success,23,0.00478458,23,1,50,,,,,
1d,50,1,4,10,942,stochastic_greedy,area,success,24,0.00368791,24,1,50,,,,,
1d,50,1,4,10,942,genetic_greedy,area,success,20,1.113692848,20,1,50,28304,197,4118,0.006960146975692482,20.903553299492387
1d,50,1,4,10,942,genetic_stochastic,area,success,19,1.451041319,19,1,50,28408,1120,32690,0.039425513939735285,29.1875
1d,50,1,4,1,42,merge_greedy,area,success,20,0.633030137,20,1,50,,,,,
1d,50,1,4,2,142,merge_greedy,area,success,18,0.619293799,18,1,50,,,,,
1d,50,1,4,3,242,merge_greedy,area,success,21,0.623352438,21,1,50,,,,,
1d,50,1,4,4,342,merge_greedy,area,success,18,0.621114178,18,1,50,,,,,
1d,50,1,4,5,442,merge_greedy,area,success,19,0.624064403,19,1,50,,,,,
1d,50,1,4,6,542,merge_greedy,area,success,21,0.627433344,21,1,50,,,,,
1d,50,1,4,7,642,merge_greedy,area,success,20,0.627717559,20,1,50,,,,,
1d,50,1,4,8,742,merge_greedy,area,success,19,0.630037219,19,1,50,,,,,
1d,50,1,4,9,842,merge_greedy,area,success,18,0.623073758,18,1,50,,,,,
1d,50,1,4,10,942,merge_greedy,area,success,19,0.629251089,19,1,50,,,,,
1d,100,1,2,1,42,greedy,area,success,6,0.004470422,6,1,100,,,,,
1d,100,1,2,1,42,stochastic_greedy,area,success,5,0.003794205,5,1,100,,,,,
1d,100,1,2,1,42,genetic_greedy,area,success,5,1.58890381,5,1,100,28103,0,0,0.0,
1d,100,1,2,1,42,genetic_stochastic,area,success,5,1.547770235,5,1,100,28412,187,4484,0.0065817260312544,23.97860962566845
1d,100,1,2,2,142,greedy,area,success,5,0.003774955,5,1,100,,,,,
1d,100,1,2,2,142,stochastic_greedy,area,success,5,0.004939878,5,1,100,,,,,
1d,100,1,2,2,142,genetic_greedy,area,success,5,1.580963396,5,1,100,28361,0,0,0.0,
1d,100,1,2,2,142,genetic_stochastic,area,success,5,1.701138186,5,1,100,28250,465,11625,0.016460176991150443,25.0
1d,100,1,2,3,242,greedy,area,success,5,0.003817171,5,1,100,,,,,
1d,100,1,2,3,242,stochastic_greedy,area,success,5,0.003643251,5,1,100,,,,,
1d,100,1,2,3,242,genetic_greedy,area,success,5,1.671502842,5,1,100,28568,45,1035,0.0015751890226827219,23.0
1d,100,1,2,3,242,genetic_stochastic,area,success,5,1.736270373,5,1,100,28445,366,10284,0.012866936192652487,28.098360655737704
1d,100,1,2,4,342,greedy,area,success,6,0.004250326,6,1,100,,,,,
1d,100,1,2,4,342,stochastic_greedy,area,success,6,0.007424136,6,1,100,,,,,
1d,100,1,2,4,342,genetic_greedy,area,success,5,1.589661747,5,1,100,28327,0,0,0.0,
1d,100,1,2,4,342,genetic_stochastic,area,success,5,1.536478573,5,1,100,28137,128,3479,0.004549170131854853,27.1796875
1d,100,1,2,5,442,greedy,area,success,5,0.004603324,5,1,100,,,,,
1d,100,1,2,5,442,stochastic_greedy,area,success,5,0.004976656,5,1,100,,,,,
1d,100,1,2,5,442,genetic_greedy,area,success,5,1.629527572,5,1,100,28109,0,0,0.0,
1d,100,1,2,5,442,genetic_stochastic,area,success,5,1.535226194,5,1,100,28241,169,4158,0.005984207358096385,24.60355029585799
1d,100,1,2,6,542,greedy,area,success,5,0.004327632,5,1,100,,,,,
1d,100,1,2,6,542,stochastic_greedy,area,success,6,0.004573477,6,1,100,,,,,
1d,100,1,2,6,542,genetic_greedy,area,success,5,1.608701266,5,1,100,28387,43,774,0.0015147778912882658,18.0
1d,100,1,2,6,542,genetic_stochastic,area,success,5,1.708655363,5,1,100,28428,196,5040,0.006894610946953708,25.714285714285715
1d,100,1,2,7,642,greedy,area,success,5,0.003522059,5,1,100,,,,,
1d,100,1,2,7,642,stochastic_greedy,area,success,5,0.003905962,5,1,100,,,,,
1d,100,1,2,7,642,genetic_greedy,area,success,5,1.519602095,5,1,100,28418,53,1113,0.0018650151312548384,21.0
1d,100,1,2,7,642,genetic_stochastic,area,success,5,1.564629359,5,1,100,28399,198,5265,0.006972076481566252,26.59090909090909
1d,100,1,2,8,742,greedy,area,success,5,0.003554033,5,1,100,,,,,
1d,100,1,2,8,742,stochastic_greedy,area,success,6,0.004148903,6,1,100,,,,,
1d,100,1,2,8,742,genetic_greedy,area,success,5,1.561953823,5,1,100,28473,0,0,0.0,
1d,100,1,2,8,742,genetic_stochastic,area,success,5,1.665855464,5,1,100,28504,131,3120,0.004595846197024979,23.81679389312977
1d,100,1,2,9,842,greedy,area,success,5,0.003992861,5,1,100,,,,,
1d,100,1,2,9,842,stochastic_greedy,area,success,6,0.004186033,6,1,100,,,,,
1d,100,1,2,9,842,genetic_greedy,area,success,5,1.747496592,5,1,100,28251,396,11475,0.014017202930869704,28.977272727272727
1d,100,1,2,9,842,genetic_stochastic,area,success,5,1.565948892,5,1,100,28443,320,8925,0.011250571318074746,27.890625
1d,100,1,2,10,942,greedy,area,success,5,0.004644986,5,1,100,,,,,
1d,100,1,2,10,942,stochastic_greedy,area,success,5,0.003672943,5,1,100,,,,,
1d,100,1,2,10,942,genetic_greedy,area,success,5,1.781213988,5,1,100,28369,0,0,0.0,
1d,100,1,2,10,942,genetic_stochastic,area,success,5,1.63287539,5,1,100,28229,134,3473,0.00474689149456233,25.917910447761194
1d,100,1,2,1,42,merge_greedy,area,success,5,1.213790108,5,1,100,,,,,
1d,100,1,2,2,142,merge_greedy,area,success,5,1.208122797,5,1,100,,,,,
1d,100,1,2,3,242,merge_greedy,area,success,5,1.188626696,5,1,100,,,,,
1d,100,1,2,4,342,merge_greedy,area,success,5,1.181668628,5,1,100,,,,,
1d,100,1,2,5,442,merge_greedy,area,success,5,1.180083457,5,1,100,,,,,
1d,100,1,2,6,542,merge_greedy,area,success,5,1.177787611,5,1,100,,,,,
1d,100,1,2,7,642,merge_greedy,area,success,5,1.177110425,5,1,100,,,,,
1d,100,1,2,8,742,merge_greedy,area,success,5,1.194513425,5,1,100,,,,,
1d,100,1,2,9,842,merge_greedy,area,success,5,1.180770327,5,1,100,,,,,
1d,100,1,2,10,942,merge_greedy,area,success,5,1.179009841,5,1,100,,,,,
1d,100,1,4,1,42,greedy,area,success,19,0.008129145,19,1,100,,,,,
1d,100,1,4,1,42,stochastic_greedy,area,success,19,0.006719996,19,1,100,,,,,
1d,100,1,4,1,42,genetic_greedy,area,success,19,2.648426039,19,1,100,28381,144,6949,0.005073816990239949,48.25694444444444
1d,100,1,4,1,42,genetic_stochastic,area,success,19,7.936133784,19,1,100,28403,7004,162565,0.24659366968278,23.21030839520274
1d,100,1,4,2,142,greedy,area,success,19,0.005997707,19,1,100,,,,,
1d,100,1,4,2,142,stochastic_greedy,area,success,24,0.006395696,24,1,100,,,,,
1d,100,1,4,2,142,genetic_greedy,area,success,19,2.904474036,19,1,100,28309,281,15725,0.009926171888798616,55.96085409252669
1d,100,1,4,2,142,genetic_stochastic,area,success,19,3.424626444,19,1,100,28423,862,46398,0.030327551630721598,53.82598607888631
1d,100,1,4,3,242,greedy,area,success,19,0.006174644,19,1,100,,,,,
1d,100,1,4,3,242,stochastic_greedy,area,success,20,0.005655155,20,1,100,,,,,
1d,100,1,4,3,242,genetic_greedy,area,success,19,4.446844369,19,1,100,28311,3353,63908,0.11843453074776589,19.059946316731285
1d,100,1,4,3,242,genetic_stochastic,area,success,19,3.814284942,19,1,100,28368,1507,86333,0.05312323745064862,57.28798938287989
1d,100,1,4,4,342,greedy,area,success,21,0.006526011,21,1,100,,,,,
1d,100,1,4,4,342,stochastic_greedy,area,success,22,0.006861356,22,1,100,,,,,
1d,100,1,4,4,342,genetic_greedy,area,success,19,3.359428385,19,1,100,28222,530,26690,0.018779675430515202,50.35849056603774
1d,100,1,4,4,342,genetic_stochastic,area,success,19,3.527416151,19,1,100,28308,842,52370,0.029744241910414016,62.197149643705465
1d,100,1,4,5,442,greedy,area,success,22,0.006213219,22,1,100,,,,,
1d,100,1,4,5,442,stochastic_greedy,area,success,21,0.005878906,21,1,100,,,,,
1d,100,1,4,5,442,genetic_greedy,area,success,19,2.769191723,19,1,100,28239,182,7833,0.006444987428733312,43.03846153846154
1d,100,1,4,5,442,genetic_stochastic,area,success,19,3.592972688,19,1,100,28308,1347,73698,0.04758372191606613,54.71269487750557
1d,100,1,4,6,542,greedy,area,success,19,0.006787264,19,1,100,,,,,
1d,100,1,4,6,542,stochastic_greedy,area,success,21,0.005967814,21,1,100,,,,,
1d,100,1,4,6,542,genetic_greedy,area,success,20,3.190278806,20,1,100,28384,1371,27456,0.04830186020293123,20.026258205689278
1d,100,1,4,6,542,genetic_stochastic,area,success,19,3.677920475,19,1,100,28413,1369,82270,0.04818217013338964,60.09495982468955
1d,100,1,4,7,642,greedy,area,success,19,0.00697388,19,1,100,,,,,
1d,100,1,4,7,642,stochastic_greedy,area,success,21,0.005808332,21,1,100,,,,,
1d,100,1,4,7,642,genetic_greedy,area,success,19,2.806454874,19,1,100,28531,190,9490,0.006659423083663384,49.94736842105263
1d,100,1,4,7,642,genetic_stochastic,area,success,19,3.582198003,19,1,100,28370,1157,68660,0.04078251674303842,59.34312878133103
1d,100,1,4,8,742,greedy,area,success,21,0.005664787,21,1,100,,,,,
1d,100,1,4,8,742,stochastic_greedy,area,success,21,0.008047514,21,1,100,,,,,
1d,100,1,4,8,742,genetic_greedy,area,success,20,2.825389252,20,1,100,28275,196,8460,0.006931918656056587,43.16326530612245
1d,100,1,4,8,742,genetic_stochastic,area,success,19,3.732175567,19,1,100,28525,1044,59657,0.036599474145486414,57.14272030651341
1d,100,1,4,9,842,greedy,area,success,20,0.005792283,20,1,100,,,,,
1d,100,1,4,9,842,stochastic_greedy,area,success,24,0.007684424,24,1,100,,,,,
1d,100,1,4,9,842,genetic_greedy,area,success,19,2.676675408,19,1,100,28478,104,4872,0.0036519418498490064,46.84615384615385
1d,100,1,4,9,842,genetic_stochastic,area,success,19,3.707922481,19,1,100,28321,1370,82448,0.048373998093287664,60.18102189781022
1d,100,1,4,10,942,greedy,area,success,21,0.00803366,21,1,100,,,,,
1d,100,1,4,10,942,stochastic_greedy,area,success,20,0.006265285,20,1,100,,,,,
1d,100,1,4,10,942,genetic_greedy,area,success,20,3.148125968,20,1,100,28369,774,15286,0.027283302196059078,19.74935400516796
1d,100,1,4,10,942,genetic_stochastic,area,success,19,3.481162546,19,1,100,28339,1178,67131,0.041568156956843925,56.987266553480474
1d,100,1,4,1,42,merge_greedy,area,success,20,4.94319417,20,1,100,,,,,
1d,100,1,4,2,142,merge_greedy,area,success,20,4.954549123,20,1,100,,,,,
1d,100,1,4,3,242,merge_greedy,area,success,19,4.967835741,19,1,100,,,,,
1d,100,1,4,4,342,merge_greedy,area,success,22,4.956976888,22,1,100,,,,,
1d,100,1,4,5,442,merge_greedy,area,success,21,4.942001722,21,1,100,,,,,
1d,100,1,4,6,542,merge_greedy,area,success,19,4.936597218,19,1,100,,,,,
1d,100,1,4,7,642,merge_greedy,area,success,21,4.931051463,21,1,100,,,,,
1d,100,1,4,8,742,merge_greedy,area,success,20,4.926142615,20,1,100,,,,,
1d,100,1,4,9,842,merge_greedy,area,success,20,4.959595288,20,1,100,,,,,
1d,100,1,4,10,942,merge_greedy,area,success,24,4.963318014,24,1,100,,,,,
1d,200,1,2,1,42,merge_greedy,area,success,5,9.416500103,5,1,200,,,,,
1d,200,1,2,1,42,greedy,area,success,5,0.007123208,5,1,200,,,,,
1d,200,1,2,1,42,stochastic_greedy,area,success,6,0.008286793,6,1,200,,,,,
1d,200,1,2,1,42,genetic_greedy,area,success,5,4.186001297,5,1,200,28197,0,0,0.0,
1d,200,1,2,1,42,genetic_stochastic,area,success,5,4.33008695,5,1,200,28495,159,8012,0.005579926302860151,50.38993710691824
1d,200,1,2,2,142,merge_greedy,area,success,5,9.405765989,5,1,200,,,,,
1d,200,1,2,2,142,greedy,area,success,5,0.008411587,5,1,200,,,,,
1d,200,1,2,2,142,stochastic_greedy,area,success,5,0.00816004,5,1,200,,,,,
1d,200,1,2,2,142,genetic_greedy,area,success,5,4.156931043,5,1,200,28254,0,0,0.0,
1d,200,1,2,2,142,genetic_stochastic,area,success,5,4.405306476,5,1,200,28296,127,6606,0.004488266892847046,52.01574803149607
1d,200,1,2,3,242,merge_greedy,area,success,6,9.432022496,6,1,200,,,,,
1d,200,1,2,3,242,greedy,area,success,5,0.009017999,5,1,200,,,,,
1d,200,1,2,3,242,stochastic_greedy,area,success,5,0.009097693,5,1,200,,,,,
1d,200,1,2,3,242,genetic_greedy,area,success,5,4.346009988,5,1,200,28422,63,3402,0.002216592780240659,54.0
1d,200,1,2,3,242,genetic_stochastic,area,success,5,4.385480766,5,1,200,28284,165,8172,0.005833686890114553,49.527272727272724
