scale,tiles,n,m,run,seed,algorithm,objective_type,status,objective,runtime,bbox_width,bbox_height,num_tiles,total_crossovers,crossovers_needing_completion,total_tiles_completed,completion_rate,avg_tiles_per_incomplete
medium,20,3,3,1,42,greedy,square,success,11,0.001374875,11,11,20,,,,,
medium,20,3,3,1,42,stochastic_greedy,square,success,13,0.001521777,12,13,20,,,,,
medium,20,3,3,1,42,genetic_greedy,square,success,10,1.126670302,10,10,20,28371,791,8809,0.02788058228472736,11.13653603034134
medium,20,3,3,1,42,genetic_stochastic,square,success,10,1.208625031,10,10,20,28391,1736,10851,0.061146137860589624,6.250576036866359
medium,20,3,3,2,142,greedy,square,success,11,0.001406133,11,11,20,,,,,
medium,20,3,3,2,142,stochastic_greedy,square,success,12,0.00165985,12,12,20,,,,,
medium,20,3,3,2,142,genetic_greedy,square,success,11,2.027972433,11,11,20,28403,7793,21715,0.27437242544801604,2.7864750417040933
medium,20,3,3,2,142,genetic_stochastic,square,success,10,1.545128435,10,10,20,28382,1787,14826,0.06296244098372207,8.29658645775042
medium,20,3,3,3,242,greedy,square,success,11,0.001682473,11,11,20,,,,,
medium,20,3,3,3,242,stochastic_greedy,square,success,13,0.001845247,13,12,20,,,,,
medium,20,3,3,3,242,genetic_greedy,square,success,11,1.062244969,11,11,20,28340,431,6106,0.015208186309103741,14.167053364269142
medium,20,3,3,3,242,genetic_stochastic,square,success,10,1.266200206,10,10,20,28425,1732,13093,0.06093227792436236,7.559468822170901
medium,20,3,3,4,342,greedy,square,success,12,0.001529823,11,12,20,,,,,
medium,20,3,3,4,342,stochastic_greedy,square,success,12,0.001334053,12,12,20,,,,,
medium,20,3,3,4,342,genetic_greedy,square,success,10,0.869081683,10,10,20,28346,292,4082,0.01030127707613067,13.979452054794521
medium,20,3,3,4,342,genetic_stochastic,square,success,10,1.423313201,10,10,20,28373,1289,13769,0.045430514926162194,10.681923972071374
medium,20,3,3,5,442,greedy,square,success,12,0.001712861,11,12,20,,,,,
medium,20,3,3,5,442,stochastic_greedy,square,success,12,0.001559496,12,12,20,,,,,
medium,20,3,3,5,442,genetic_greedy,square,success,11,2.540216204,10,11,20,28290,8961,31949,0.31675503711558856,3.5653386898783617
medium,20,3,3,5,442,genetic_stochastic,square,success,11,2.630367249,11,11,20,28422,6500,33760,0.22869608050102033,5.193846153846154
medium,20,3,3,6,542,greedy,square,success,12,0.001498191,11,12,20,,,,,
medium,20,3,3,6,542,stochastic_greedy,square,success,11,0.001421744,11,11,20,,,,,
medium,20,3,3,6,542,genetic_greedy,square,success,10,0.598665866,10,10,20,28321,124,1652,0.004378376469757424,13.32258064516129
medium,20,3,3,6,542,genetic_stochastic,square,success,10,3.130540652,10,10,20,28305,4609,37988,0.16283342165695106,8.242134953352137
medium,20,3,3,7,642,greedy,square,success,11,0.001445791,10,11,20,,,,,
medium,20,3,3,7,642,stochastic_greedy,square,success,12,0.001414751,11,12,20,,,,,
medium,20,3,3,7,642,genetic_greedy,square,success,10,1.28406241,10,10,20,28470,3323,11169,0.11671935370565507,3.36111947035811
medium,20,3,3,7,642,genetic_stochastic,square,success,10,1.033373253,10,10,20,28268,665,8022,0.02352483373425782,12.063157894736841
medium,20,3,3,8,742,greedy,square,success,11,0.001694013,10,11,20,,,,,
medium,20,3,3,8,742,stochastic_greedy,square,success,11,0.00146472,11,11,20,,,,,
medium,20,3,3,8,742,genetic_greedy,square,success,10,0.711966619,10,10,20,28502,421,2982,0.014770893270647675,7.0831353919239906
medium,20,3,3,8,742,genetic_stochastic,square,success,10,1.114845725,10,10,20,28379,852,9856,0.030022199513724937,11.568075117370892
medium,20,3,3,9,842,greedy,square,success,12,0.001760485,11,12,20,,,,,
medium,20,3,3,9,842,stochastic_greedy,square,success,11,0.00155629,11,11,20,,,,,
medium,20,3,3,9,842,genetic_greedy,square,success,10,0.70715668,10,10,20,28484,236,3167,0.008285353180733044,13.419491525423728
medium,20,3,3,9,842,genetic_stochastic,square,success,10,2.111642098,10,10,20,28352,1582,17942,0.05579853273137698,11.341340075853351
medium,20,3,3,10,942,greedy,square,success,11,0.001490108,10,11,20,,,,,
medium,20,3,3,10,942,stochastic_greedy,square,success,11,0.001316204,11,11,20,,,,,
medium,20,3,3,10,942,genetic_greedy,square,success,10,0.778044503,10,10,20,28478,247,3561,0.00867336189339139,14.417004048582996
medium,20,3,3,10,942,genetic_stochastic,square,success,10,1.045500493,10,10,20,28272,609,7443,0.021540747028862477,12.22167487684729
medium,20,3,3,11,1042,greedy,square,success,12,0.001637723,12,12,20,,,,,
medium,20,3,3,11,1042,stochastic_greedy,square,success,11,0.001521695,11,11,20,,,,,
medium,20,3,3,11,1042,genetic_greedy,square,success,10,0.66098932,10,10,20,28361,199,2340,0.007016677832234406,11.758793969849247
medium,20,3,3,11,1042,genetic_stochastic,square,success,11,9.842393188,11,11,20,28339,7088,95145,0.2501146829457638,13.42339164785553
medium,20,3,3,12,1142,greedy,square,success,11,0.001727398,11,11,20,,,,,
medium,20,3,3,12,1142,stochastic_greedy,square,success,12,0.001568065,11,12,20,,,,,
medium,20,3,3,12,1142,genetic_greedy,square,success,10,1.229620801,10,10,20,28407,932,11067,0.032808814728764034,11.874463519313304
medium,20,3,3,12,1142,genetic_stochastic,square,success,10,1.41539585,10,10,20,28364,1234,13945,0.04350585248907065,11.30064829821718
medium,20,3,3,13,1242,greedy,square,success,11,0.001609744,10,11,20,,,,,
medium,20,3,3,13,1242,stochastic_greedy,square,success,12,0.001543418,12,10,20,,,,,
medium,20,3,3,13,1242,genetic_greedy,square,success,10,1.0901983,10,10,20,28427,1007,7658,0.03542406866711225,7.604766633565045
medium,20,3,3,13,1242,genetic_stochastic,square,success,10,2.26899454,10,10,20,28285,2669,24416,0.0943609687113311,9.147995503934057
medium,20,3,3,14,1342,greedy,square,success,11,0.001766846,10,11,20,,,,,
medium,20,3,3,14,1342,stochastic_greedy,square,success,12,0.001325726,11,12,20,,,,,
medium,20,3,3,14,1342,genetic_greedy,square,success,10,0.911098412,10,10,20,28263,431,5669,0.015249619644057601,13.153132250580047
medium,20,3,3,14,1342,genetic_stochastic,square,success,10,1.228858176,10,10,20,28324,1539,11373,0.054335545826860614,7.389863547758285
medium,20,3,3,15,1442,greedy,square,success,11,0.001344105,11,11,20,,,,,
medium,20,3,3,15,1442,stochastic_greedy,square,success,11,0.001582763,11,11,20,,,,,
medium,20,3,3,15,1442,genetic_greedy,square,success,11,1.898489232,10,11,20,28254,4567,18702,0.16164082961704537,4.0950295598861395
medium,20,3,3,15,1442,genetic_stochastic,square,success,11,6.193184385,11,11,20,28371,5957,62806,0.20996792499383174,10.543226456269934
medium,20,3,3,16,1542,greedy,square,success,11,0.001550087,11,11,20,,,,,
medium,20,3,3,16,1542,stochastic_greedy,square,success,11,0.001359723,11,11,20,,,,,
medium,20,3,3,16,1542,genetic_greedy,square,success,10,0.72621449,10,10,20,28263,187,2967,0.006616424300321976,15.866310160427808
medium,20,3,3,16,1542,genetic_stochastic,square,success,10,6.594132132,10,10,20,28294,6534,78492,0.23093235314907753,12.01285583103765
medium,20,3,3,17,1642,greedy,square,success,11,0.001695426,11,11,20,,,,,
medium,20,3,3,17,1642,stochastic_greedy,square,success,12,0.001744791,12,11,20,,,,,
medium,20,3,3,17,1642,genetic_greedy,square,success,10,1.022926832,10,10,20,28283,956,8532,0.03380122334971538,8.92468619246862
medium,20,3,3,17,1642,genetic_stochastic,square,success,10,1.430926927,10,10,20,28491,4316,18161,0.15148643431258993,4.207831325301205
medium,20,3,3,18,1742,greedy,square,success,12,0.001799933,11,12,20,,,,,
medium,20,3,3,18,1742,stochastic_greedy,square,success,12,0.00200972,11,12,20,,,,,
medium,20,3,3,18,1742,genetic_greedy,square,success,10,0.861328912,10,10,20,28361,475,5394,0.01674835160960474,11.35578947368421
medium,20,3,3,18,1742,genetic_stochastic,square,success,10,2.380136242,10,10,20,28476,13617,41848,0.4781921618204804,3.073217301902034
medium,20,3,3,19,1842,greedy,square,success,12,0.001791856,10,12,20,,,,,
medium,20,3,3,19,1842,stochastic_greedy,square,success,12,0.00166558,11,12,20,,,,,
medium,20,3,3,19,1842,genetic_greedy,square,success,10,1.170408839,10,10,20,28447,1872,9844,0.06580658768938728,5.2585470085470085
medium,20,3,3,19,1842,genetic_stochastic,square,success,10,1.185583092,10,10,20,28452,846,10549,0.02973428932939688,12.469267139479905
medium,20,3,3,20,1942,greedy,square,success,11,0.001850505,11,10,20,,,,,
medium,20,3,3,20,1942,stochastic_greedy,square,success,12,0.00184595,11,12,20,,,,,
medium,20,3,3,20,1942,genetic_greedy,square,success,10,0.576450447,10,10,20,28389,117,1526,0.004121314593680651,13.042735042735043
medium,20,3,3,20,1942,genetic_stochastic,square,success,10,1.352833958,10,10,20,28421,1392,14517,0.048977868477534214,10.428879310344827
medium,20,3,3,21,2042,greedy,square,success,11,0.001603635,11,10,20,,,,,
medium,20,3,3,21,2042,stochastic_greedy,square,success,12,0.001564948,12,12,20,,,,,
medium,20,3,3,21,2042,genetic_greedy,square,success,10,0.840060509,10,10,20,28251,664,4929,0.023503592793175463,7.423192771084337
medium,20,3,3,21,2042,genetic_stochastic,square,success,10,1.366980172,10,10,20,28263,1191,12268,0.04213990022290627,10.300587741393787
medium,20,3,3,22,2142,greedy,square,success,11,0.001634873,11,10,20,,,,,
medium,20,3,3,22,2142,stochastic_greedy,square,success,12,0.001828498,11,12,20,,,,,
medium,20,3,3,22,2142,genetic_greedy,square,success,11,3.657518885,11,11,20,28296,4303,44317,0.15207096409386486,10.299093655589123
medium,20,3,3,22,2142,genetic_stochastic,square,success,10,2.656468722,10,10,20,28408,6043,33973,0.212721768515911,5.621876551381764
medium,20,3,3,23,2242,greedy,square,success,12,0.001806235,12,12,20,,,,,
medium,20,3,3,23,2242,stochastic_greedy,square,success,12,0.001424673,12,12,20,,,,,
medium,20,3,3,23,2242,genetic_greedy,square,success,11,3.460029014,11,11,20,28285,14744,48485,0.5212656885274881,3.28845632121541
medium,20,3,3,23,2242,genetic_stochastic,square,success,10,1.179952002,10,10,20,28340,767,10040,0.02706422018348624,13.089960886571056
medium,20,3,3,24,2342,greedy,square,success,11,0.00172593,11,10,20,,,,,
medium,20,3,3,24,2342,stochastic_greedy,square,success,11,0.001665765,11,11,20,,,,,
medium,20,3,3,24,2342,genetic_greedy,square,success,11,1.127935789,11,11,20,28373,734,8949,0.02586966482219011,12.192098092643052
medium,20,3,3,24,2342,genetic_stochastic,square,success,11,4.829257148,11,11,20,28330,4707,46956,0.16614895870102364,9.975780752071383
medium,20,3,3,25,2442,greedy,square,success,12,0.001823958,10,12,20,,,,,
medium,20,3,3,25,2442,stochastic_greedy,square,success,12,0.001626157,12,11,20,,,,,
medium,20,3,3,25,2442,genetic_greedy,square,success,10,1.608744574,10,10,20,28337,2693,18905,0.09503476020750255,7.020051986632009
medium,20,3,3,25,2442,genetic_stochastic,square,success,10,1.033047753,10,10,20,28521,781,8046,0.02738333158023912,10.302176696542894
medium,20,3,3,26,2542,greedy,square,success,11,0.0019726,11,11,20,,,,,
medium,20,3,3,26,2542,stochastic_greedy,square,success,12,0.001560087,12,11,20,,,,,
medium,20,3,3,26,2542,genetic_greedy,square,success,10,1.41178528,10,10,20,28321,886,11533,0.03128420606616998,13.016930022573364
medium,20,3,3,26,2542,genetic_stochastic,square,success,10,1.124874975,10,10,20,28560,846,8482,0.029621848739495797,10.026004728132389
medium,20,3,3,27,2642,greedy,square,success,11,0.001691841,11,11,20,,,,,
medium,20,3,3,27,2642,stochastic_greedy,square,success,11,0.00142442,11,11,20,,,,,
medium,20,3,3,27,2642,genetic_greedy,square,success,10,0.907933784,10,10,20,28235,597,6665,0.0211439702496901,11.164154103852596
medium,20,3,3,27,2642,genetic_stochastic,square,success,10,1.103399507,10,10,20,28423,685,8553,0.024100200541814727,12.486131386861313
medium,20,3,3,28,2742,greedy,square,success,12,0.00166227,11,12,20,,,,,
medium,20,3,3,28,2742,stochastic_greedy,square,success,12,0.001470937,12,12,20,,,,,
medium,20,3,3,28,2742,genetic_greedy,square,success,10,0.942198515,10,10,20,28317,2163,6586,0.07638521029770103,3.0448451225150253
medium,20,3,3,28,2742,genetic_stochastic,square,success,10,1.531787915,10,10,20,28330,1193,15284,0.04211083656900812,12.811399832355406
medium,20,3,3,29,2842,greedy,square,success,11,0.001741391,11,11,20,,,,,
medium,20,3,3,29,2842,stochastic_greedy,square,success,12,0.001832001,12,12,20,,,,,
medium,20,3,3,29,2842,genetic_greedy,square,success,10,0.769870535,10,10,20,28323,261,3617,0.009215125516364792,13.85823754789272
medium,20,3,3,29,2842,genetic_stochastic,square,success,10,1.585849989,10,10,20,28351,1586,14581,0.055941589361927266,9.193568726355611
medium,20,3,3,30,2942,greedy,square,success,11,0.001644314,11,11,20,,,,,
medium,20,3,3,30,2942,stochastic_greedy,square,success,12,0.001503176,11,12,20,,,,,
medium,20,3,3,30,2942,genetic_greedy,square,success,11,1.815388141,11,11,20,28439,1400,15822,0.04922817257990787,11.301428571428572
medium,20,3,3,30,2942,genetic_stochastic,square,success,10,2.622796664,10,10,20,28465,3290,30744,0.11558053750219568,9.34468085106383
medium,20,3,3,1,42,merge_greedy,square,success,12,0.125078231,12,10,20,,,,,
medium,20,3,3,2,142,merge_greedy,square,success,13,0.116575083,13,10,20,,,,,
medium,20,3,3,3,242,merge_greedy,square,success,11,0.12068683,11,10,20,,,,,
medium,20,3,3,4,342,merge_greedy,square,success,12,0.119212566,8,12,20,,,,,
medium,20,3,3,5,442,merge_greedy,square,success,13,0.138841864,13,9,20,,,,,
medium,20,3,3,6,542,merge_greedy,square,success,11,0.129858655,11,11,20,,,,,
medium,20,3,3,7,642,merge_greedy,square,success,11,0.130901025,11,10,20,,,,,
medium,20,3,3,8,742,merge_greedy,square,success,12,0.164214612,12,10,20,,,,,
medium,20,3,3,9,842,merge_greedy,square,success,12,0.111434993,10,12,20,,,,,
medium,20,3,3,10,942,merge_greedy,square,success,11,0.110836774,10,11,20,,,,,
medium,20,3,3,1,42,beam_search,square,success,11,1.04151706,11,11,20,,,,,
medium,20,3,3,2,142,beam_search,square,success,10,1.097143584,10,10,20,,,,,
medium,20,3,3,3,242,beam_search,square,success,11,1.093169138,10,11,20,,,,,
medium,20,3,3,4,342,beam_search,square,success,10,1.036901279,10,10,20,,,,,
medium,20,3,3,5,442,beam_search,square,success,11,1.025381265,11,11,20,,,,,
medium,20,3,3,6,542,beam_search,square,success,11,1.018063546,11,10,20,,,,,
medium,20,3,3,7,642,beam_search,square,success,11,1.031665265,11,11,20,,,,,
medium,20,3,3,8,742,beam_search,square,success,10,1.051444988,10,10,20,,,,,
medium,20,3,3,9,842,beam_search,square,success,10,1.036856012,10,10,20,,,,,
medium,20,3,3,10,942,beam_search,square,success,11,1.039764878,11,10,20,,,,,
medium,30,3,3,1,42,greedy,square,success,13,0.002823844,13,13,30,,,,,
medium,30,3,3,1,42,stochastic_greedy,square,success,13,0.010961895,13,13,30,,,,,
medium,30,3,3,1,42,genetic_greedy,square,success,12,3.819405963,12,12,30,28282,3749,26174,0.13255781062159677,6.9815950920245395
medium,30,3,3,1,42,genetic_stochastic,square,success,12,4.464688899,12,12,30,28322,2482,32890,0.08763505402160865,13.251410153102336
medium,30,3,3,2,142,greedy,square,success,12,0.002265787,12,12,30,,,,,
medium,30,3,3,2,142,stochastic_greedy,square,success,13,0.002560212,13,13,30,,,,,
medium,30,3,3,2,142,genetic_greedy,square,success,12,2.992958199,12,12,30,28376,891,18167,0.03139977445728785,20.389450056116722
medium,30,3,3,2,142,genetic_stochastic,square,success,12,11.31881792,12,12,30,28439,4487,83870,0.15777629311860472,18.69177624247827
medium,30,3,3,3,242,greedy,square,success,14,0.002358595,14,14,30,,,,,
medium,30,3,3,3,242,stochastic_greedy,square,success,13,0.002622027,12,13,30,,,,,
medium,30,3,3,3,242,genetic_greedy,square,success,13,6.779482299,13,13,30,28229,3105,44096,0.10999326933295547,14.201610305958132
medium,30,3,3,3,242,genetic_stochastic,square,success,12,3.793554573,12,12,30,28360,1253,24428,0.04418194640338505,19.49561053471668
medium,30,3,3,4,342,greedy,square,success,13,0.002138466,11,13,30,,,,,
medium,30,3,3,4,342,stochastic_greedy,square,success,14,0.00253081,13,14,30,,,,,
medium,30,3,3,4,342,genetic_greedy,square,success,12,2.659917363,12,12,30,28351,521,12865,0.018376776833268667,24.69289827255278
medium,30,3,3,4,342,genetic_stochastic,square,success,12,5.268045119,12,12,30,28251,2319,40437,0.08208558989062334,17.4372574385511
medium,30,3,3,5,442,greedy,square,success,13,0.002365808,12,13,30,,,,,
medium,30,3,3,5,442,stochastic_greedy,square,success,14,0.003033438,14,14,30,,,,,
medium,30,3,3,5,442,genetic_greedy,square,success,12,2.216895157,12,12,30,28384,435,10025,0.01532553551296505,23.04597701149425
medium,30,3,3,5,442,genetic_stochastic,square,success,12,4.347847565,12,12,30,28262,1361,29013,0.04815653527705046,21.31741366642175
medium,30,3,3,6,542,greedy,square,success,13,0.00225315,13,13,30,,,,,
medium,30,3,3,6,542,stochastic_greedy,square,success,14,0.002622365,14,14,30,,,,,
medium,30,3,3,6,542,genetic_greedy,square,success,12,5.691303755,12,12,30,28174,1489,32307,0.052850145524242206,21.69711215580927
medium,30,3,3,6,542,genetic_stochastic,square,success,12,5.278487198,12,11,30,28361,3578,45026,0.12615916222982265,12.58412520961431
medium,30,3,3,7,642,greedy,square,success,12,0.002432538,12,12,30,,,,,
medium,30,3,3,7,642,stochastic_greedy,square,success,13,0.002240413,13,12,30,,,,,
medium,30,3,3,7,642,genetic_greedy,square,success,11,1.874420478,11,11,30,28259,465,9224,0.016454934711065503,19.836559139784946
medium,30,3,3,7,642,genetic_stochastic,square,success,11,2.605017572,11,11,30,28407,901,16334,0.03171753441053261,18.128745837957826
medium,30,3,3,8,742,greedy,square,success,12,0.002242243,12,12,30,,,,,
medium,30,3,3,8,742,stochastic_greedy,square,success,13,0.010081681,13,13,30,,,,,
medium,30,3,3,8,742,genetic_greedy,square,success,12,3.268508864,12,11,30,28160,723,16523,0.025674715909090907,22.853388658367912
medium,30,3,3,8,742,genetic_stochastic,square,success,12,4.499779813,12,12,30,28320,9259,47315,0.3269420903954802,5.110163084566368
medium,30,3,3,9,842,greedy,square,success,13,0.002243063,13,13,30,,,,,
medium,30,3,3,9,842,stochastic_greedy,square,success,14,0.002350623,13,14,30,,,,,
medium,30,3,3,9,842,genetic_greedy,square,success,12,2.847340503,12,12,30,28248,4349,17304,0.1539578023222883,3.9788457116578524
medium,30,3,3,9,842,genetic_stochastic,square,success,12,3.096863151,12,12,30,28308,914,19746,0.03228769252508125,21.603938730853393
medium,30,3,3,10,942,greedy,square,success,13,0.002619988,13,13,30,,,,,
medium,30,3,3,10,942,stochastic_greedy,square,success,14,0.002641949,14,13,30,,,,,
medium,30,3,3,10,942,genetic_greedy,square,success,12,2.027405801,12,12,30,28293,307,7671,0.010850740465839608,24.98697068403909
medium,30,3,3,10,942,genetic_stochastic,square,success,12,5.140882838,12,12,30,28314,5896,43975,0.20823620823620823,7.4584464043419265
medium,30,3,3,11,1042,greedy,square,success,12,0.002577827,12,12,30,,,,,
medium,30,3,3,11,1042,stochastic_greedy,square,success,14,0.002266707,14,14,30,,,,,
medium,30,3,3,11,1042,genetic_greedy,square,success,12,2.253195251,12,12,30,28475,508,11064,0.01784021071115013,21.77952755905512
medium,30,3,3,11,1042,genetic_stochastic,square,success,12,2.998925074,12,12,30,28525,838,17437,0.029377738825591585,20.807875894988065
medium,30,3,3,12,1142,greedy,square,success,13,0.002465122,13,13,30,,,,,
medium,30,3,3,12,1142,stochastic_greedy,square,success,14,0.002293202,14,12,30,,,,,
medium,30,3,3,12,1142,genetic_greedy,square,success,12,2.107376571,12,12,30,28398,479,10205,0.016867385027114587,21.304801670146137
medium,30,3,3,12,1142,genetic_stochastic,square,success,12,4.318057874,12,12,30,28326,1270,27085,0.0448351337993363,21.326771653543307
medium,30,3,3,13,1242,greedy,square,success,13,0.002602291,12,13,30,,,,,
medium,30,3,3,13,1242,stochastic_greedy,square,success,14,0.003039907,14,14,30,,,,,
medium,30,3,3,13,1242,genetic_greedy,square,success,12,1.894266563,11,12,30,28424,278,6730,0.009780467210807768,24.20863309352518
medium,30,3,3,13,1242,genetic_stochastic,square,success,12,3.479657951,12,12,30,28409,1537,24065,0.05410257312823401,15.657124268054652
medium,30,3,3,14,1342,greedy,square,success,13,0.003575137,12,13,30,,,,,
medium,30,3,3,14,1342,stochastic_greedy,square,success,14,0.002687342,13,14,30,,,,,
medium,30,3,3,14,1342,genetic_greedy,square,success,12,1.97478034,12,12,30,28089,5556,9802,0.197799850475275,1.7642188624910007
medium,30,3,3,14,1342,genetic_stochastic,square,success,12,6.595199416,12,12,30,28378,2647,41022,0.09327648178166185,15.49754438987533
medium,30,3,3,15,1442,greedy,square,success,13,0.002565083,12,13,30,,,,,
medium,30,3,3,15,1442,stochastic_greedy,square,success,14,0.00320873,14,14,30,,,,,
medium,30,3,3,15,1442,genetic_greedy,square,success,12,6.844370706,12,12,30,28431,3700,50170,0.13013963631247583,13.55945945945946
medium,30,3,3,15,1442,genetic_stochastic,square,success,12,2.345613099,12,12,30,28408,500,10721,0.017600675865953253,21.442
medium,30,3,3,16,1542,greedy,square,success,12,0.002537262,12,12,30,,,,,
medium,30,3,3,16,1542,stochastic_greedy,square,success,13,0.002695648,13,13,30,,,,,
medium,30,3,3,16,1542,genetic_greedy,square,success,12,1.466999752,12,12,30,28431,201,4932,0.007069747810488552,24.53731343283582
medium,30,3,3,16,1542,genetic_stochastic,square,success,12,3.097479812,12,12,30,28278,1261,18800,0.0445929697998444,14.908802537668517
medium,30,3,3,17,1642,greedy,square,success,13,0.003036919,12,13,30,,,,,
medium,30,3,3,17,1642,stochastic_greedy,square,success,14,0.003837526,14,13,30,,,,,
medium,30,3,3,17,1642,genetic_greedy,square,success,12,3.144511915,12,12,30,28447,823,15663,0.0289309944809646,19.031591737545565
medium,30,3,3,17,1642,genetic_stochastic,square,success,12,35.072301343,12,12,30,28332,10953,243553,0.3865946632782719,22.23619099790012
medium,30,3,3,18,1742,greedy,square,success,13,0.010154127,13,13,30,,,,,
medium,30,3,3,18,1742,stochastic_greedy,square,success,13,0.005263273,13,13,30,,,,,
medium,30,3,3,18,1742,genetic_greedy,square,success,12,2.957006699,12,12,30,28294,626,14249,0.022124832119884075,22.761980830670925
medium,30,3,3,18,1742,genetic_stochastic,square,success,12,3.98131702,12,12,30,28380,2921,26553,0.1029245947850599,9.09038000684697
medium,30,3,3,19,1842,greedy,square,success,13,0.002306877,13,13,30,,,,,
medium,30,3,3,19,1842,stochastic_greedy,square,success,14,0.003092113,14,14,30,,,,,
medium,30,3,3,19,1842,genetic_greedy,square,success,12,2.123863393,12,12,30,28352,361,8090,0.012732787810383747,22.409972299168974
medium,30,3,3,19,1842,genetic_stochastic,square,success,12,3.823951941,12,12,30,28417,993,22003,0.03494387162613928,22.158106747230615
medium,30,3,3,20,1942,greedy,square,success,13,0.002275925,12,13,30,,,,,
medium,30,3,3,20,1942,stochastic_greedy,square,success,14,0.002463129,13,14,30,,,,,
medium,30,3,3,20,1942,genetic_greedy,square,success,11,3.166670956,11,11,30,28378,869,17747,0.03062231305941222,20.422324510932107
medium,30,3,3,20,1942,genetic_stochastic,square,success,11,2.596797655,11,11,30,28279,1406,15928,0.04971887266169242,11.328591749644382
medium,30,3,3,21,2042,greedy,square,success,12,0.00275589,12,12,30,,,,,
medium,30,3,3,21,2042,stochastic_greedy,square,success,13,0.00221894,13,13,30,,,,,
medium,30,3,3,21,2042,genetic_greedy,square,success,11,1.841537766,11,11,30,28223,283,6412,0.010027282712681147,22.657243816254418
medium,30,3,3,21,2042,genetic_stochastic,square,success,11,2.2028476,11,11,30,28357,589,11583,0.020770885495644813,19.66553480475382
medium,30,3,3,22,2142,greedy,square,success,13,0.002563271,13,13,30,,,,,
medium,30,3,3,22,2142,stochastic_greedy,square,success,14,0.002773583,14,13,30,,,,,
medium,30,3,3,22,2142,genetic_greedy,square,success,12,2.149039494,12,12,30,28367,683,9760,0.024077272887510135,14.289897510980966
medium,30,3,3,22,2142,genetic_stochastic,square,success,12,4.369689347,12,12,30,28405,1285,27950,0.045238514346065836,21.750972762645915
medium,30,3,3,23,2242,greedy,square,success,13,0.002353122,12,13,30,,,,,
medium,30,3,3,23,2242,stochastic_greedy,square,success,14,0.002931391,13,14,30,,,,,
medium,30,3,3,23,2242,genetic_greedy,square,success,12,2.15313279,12,11,30,28360,405,9306,0.014280677009873061,22.977777777777778
medium,30,3,3,23,2242,genetic_stochastic,square,success,12,3.064327974,12,12,30,28211,912,17770,0.032327815391159476,19.484649122807017
medium,30,3,3,24,2342,greedy,square,success,12,0.00329018,12,12,30,,,,,
medium,30,3,3,24,2342,stochastic_greedy,square,success,14,0.004098289,14,14,30,,,,,
medium,30,3,3,24,2342,genetic_greedy,square,success,12,4.086039867,12,12,30,28211,938,21306,0.033249441707135514,22.714285714285715
medium,30,3,3,24,2342,genetic_stochastic,square,success,12,3.745048191,12,12,30,28412,1315,23043,0.04628326059411516,17.52319391634981
medium,30,3,3,25,2442,greedy,square,success,13,0.001913134,12,13,30,,,,,
medium,30,3,3,25,2442,stochastic_greedy,square,success,14,0.002642989,14,14,30,,,,,
medium,30,3,3,25,2442,genetic_greedy,square,success,12,2.210150747,12,12,30,28427,448,9881,0.015759665107116475,22.055803571428573
medium,30,3,3,25,2442,genetic_stochastic,square,success,12,3.727102873,12,12,30,28399,1168,23458,0.041128208739744355,20.083904109589042
medium,30,3,3,26,2542,greedy,square,success,13,0.003869534,13,13,30,,,,,
medium,30,3,3,26,2542,stochastic_greedy,square,success,13,0.00257687,13,13,30,,,,,
medium,30,3,3,26,2542,genetic_greedy,square,success,12,1.765191487,12,12,30,28278,162,4199,0.005728835136855506,25.919753086419753
medium,30,3,3,26,2542,genetic_stochastic,square,success,12,2.761057279,12,12,30,28254,4788,18732,0.16946273094075176,3.912280701754386
medium,30,3,3,27,2642,greedy,square,success,14,0.002810146,14,14,30,,,,,
medium,30,3,3,27,2642,stochastic_greedy,square,success,12,0.003533061,12,12,30,,,,,
medium,30,3,3,27,2642,genetic_greedy,square,success,12,2.469285727,12,12,30,28335,3658,15236,0.12909828833598025,4.1651175505740845
medium,30,3,3,27,2642,genetic_stochastic,square,success,12,2.88901561,12,12,30,28568,2192,17162,0.07672920750490059,7.829379562043796
medium,30,3,3,28,2742,greedy,square,success,13,0.003101183,13,13,30,,,,,
medium,30,3,3,28,2742,stochastic_greedy,square,success,14,0.002876492,14,13,30,,,,,
medium,30,3,3,28,2742,genetic_greedy,square,success,12,2.511495939,12,12,30,28375,551,12305,0.01941850220264317,22.33212341197822
medium,30,3,3,28,2742,genetic_stochastic,square,success,12,4.838960981,12,12,30,28336,1545,31874,0.05452428006775833,20.63042071197411
medium,30,3,3,29,2842,greedy,square,success,13,0.002573747,13,13,30,,,,,
medium,30,3,3,29,2842,stochastic_greedy,square,success,13,0.004448661,13,13,30,,,,,
medium,30,3,3,29,2842,genetic_greedy,square,success,12,3.973678449,12,11,30,28317,2241,24602,0.07913973937917153,10.978134761267292
medium,30,3,3,29,2842,genetic_stochastic,square,success,12,3.109763685,12,12,30,28396,871,17563,0.030673334272432736,20.16417910447761
medium,30,3,3,30,2942,greedy,square,success,13,0.002485068,13,13,30,,,,,
medium,30,3,3,30,2942,stochastic_greedy,square,success,13,0.003184505,13,13,30,,,,,
medium,30,3,3,30,2942,genetic_greedy,square,success,12,1.627649706,11,12,30,28350,331,4683,0.011675485008818343,14.148036253776436
medium,30,3,3,30,2942,genetic_stochastic,square,success,12,3.719764993,12,12,30,28347,4817,28768,0.16992979856774967,5.972181855926926
medium,30,3,3,1,42,merge_greedy,square,success,14,0.4359654,14,10,30,,,,,
medium,30,3,3,2,142,merge_greedy,square,success,12,0.370042292,11,12,30,,,,,
medium,30,3,3,3,242,merge_greedy,square,success,12,0.408337932,12,11,30,,,,,
medium,30,3,3,4,342,merge_greedy,square,success,16,0.341061472,10,16,30,,,,,
medium,30,3,3,5,442,merge_greedy,square,success,14,0.380233099,10,14,30,,,,,
medium,30,3,3,6,542,merge_greedy,square,success,12,0.404511421,12,11,30,,,,,
medium,30,3,3,7,642,merge_greedy,square,success,17,0.349113864,9,17,30,,,,,
medium,30,3,3,8,742,merge_greedy,square,success,14,0.439907913,12,14,30,,,,,
medium,30,3,3,9,842,merge_greedy,square,success,15,0.383812508,15,11,30,,,,,
medium,30,3,3,10,942,merge_greedy,square,success,12,0.392931748,12,11,30,,,,,
medium,30,3,3,1,42,beam_search,square,success,12,4.018173656,12,12,30,,,,,
medium,30,3,3,2,142,beam_search,square,success,12,4.384674915,12,11,30,,,,,
medium,30,3,3,3,242,beam_search,square,success,12,4.084495152,12,12,30,,,,,
medium,30,3,3,4,342,beam_search,square,success,12,4.191394207,12,12,30,,,,,
medium,30,3,3,5,442,beam_search,square,success,12,4.107794197,12,12,30,,,,,
medium,30,3,3,6,542,beam_search,square,success,12,4.119703369,11,12,30,,,,,
medium,30,3,3,7,642,beam_search,square,success,12,4.239077322,12,12,30,,,,,
medium,30,3,3,8,742,beam_search,square,success,12,3.919303507,12,12,30,,,,,
medium,30,3,3,9,842,beam_search,square,success,12,4.178667127,12,12,30,,,,,
medium,30,3,3,10,942,beam_search,square,success,12,4.156636007,12,12,30,,,,,
medium,50,3,3,1,42,greedy,square,success,15,0.005565498,15,15,50,,,,,
medium,50,3,3,1,42,stochastic_greedy,square,success,17,0.006394262,16,17,50,,,,,
medium,50,3,3,1,42,genetic_greedy,square,success,14,14.162447647,14,14,50,28507,1044,42970,0.03662258392675483,41.15900383141762
medium,50,3,3,1,42,genetic_stochastic,square,success,14,22.864055335,14,14,50,28337,2462,84666,0.08688287398101423,34.38911454102356
medium,50,3,3,2,142,greedy,square,success,15,0.007326893,14,15,50,,,,,
medium,50,3,3,2,142,stochastic_greedy,square,success,15,0.007589597,15,15,50,,,,,
medium,50,3,3,2,142,genetic_greedy,square,success,14,8.09051486,14,14,50,28473,458,19294,0.01608541425209848,42.12663755458515
medium,50,3,3,2,142,genetic_stochastic,square,success,14,14.242385619,14,14,50,28218,1229,48356,0.04355376001134028,39.34580960130187
medium,50,3,3,3,242,greedy,square,success,15,0.005630344,15,15,50,,,,,
medium,50,3,3,3,242,stochastic_greedy,square,success,16,0.008965491,16,16,50,,,,,
medium,50,3,3,3,242,genetic_greedy,square,success,14,6.771724024,13,14,50,28598,716,17581,0.025036715854255542,24.554469273743017
medium,50,3,3,3,242,genetic_stochastic,square,success,14,12.406772947,14,14,50,28341,1017,39456,0.03588440774849158,38.796460176991154
medium,50,3,3,4,342,greedy,square,success,15,0.005639152,15,15,50,,,,,
medium,50,3,3,4,342,stochastic_greedy,square,success,15,0.009786765,15,15,50,,,,,
medium,50,3,3,4,342,genetic_greedy,square,success,14,9.834332145,14,14,50,28453,772,30006,0.027132464063543388,38.86787564766839
medium,50,3,3,4,342,genetic_stochastic,square,success,14,17.125207028,14,14,50,28240,1720,63926,0.060906515580736544,37.16627906976744
medium,50,3,3,5,442,greedy,square,success,14,0.005886992,14,14,50,,,,,
medium,50,3,3,5,442,stochastic_greedy,square,success,15,0.005801299,15,15,50,,,,,
medium,50,3,3,5,442,genetic_greedy,square,success,14,10.404768646,14,14,50,28390,784,31555,0.02761535752025361,40.24872448979592
medium,50,3,3,5,442,genetic_stochastic,square,success,14,14.855165072,14,14,50,28336,3336,57759,0.11773009599096555,17.31384892086331
medium,50,3,3,6,542,greedy,square,success,15,0.005668602,15,15,50,,,,,
medium,50,3,3,6,542,stochastic_greedy,square,success,16,0.009161842,16,16,50,,,,,
medium,50,3,3,6,542,genetic_greedy,square,success,14,8.650677438,14,14,50,28233,593,24421,0.021003789891261997,41.18212478920742
medium,50,3,3,6,542,genetic_stochastic,square,success,14,12.01461238,14,14,50,28414,853,35076,0.030020412472724713,41.12075029308323
medium,50,3,3,7,642,greedy,square,success,14,0.005553821,14,14,50,,,,,
medium,50,3,3,7,642,stochastic_greedy,square,success,14,0.006893169,14,14,50,,,,,
medium,50,3,3,7,642,genetic_greedy,square,success,14,7.624735881,13,14,50,28417,592,23032,0.02083260020410318,38.9054054054054
medium,50,3,3,7,642,genetic_stochastic,square,success,14,49.941352728,14,14,50,28447,4204,174753,0.14778359756740606,41.56826831588963
medium,50,3,3,8,742,greedy,square,success,16,0.006092871,15,16,50,,,,,
medium,50,3,3,8,742,stochastic_greedy,square,success,15,0.006704574,15,15,50,,,,,
medium,50,3,3,8,742,genetic_greedy,square,success,14,6.540032962,14,14,50,28259,386,15793,0.01365936515800276,40.91450777202073
medium,50,3,3,8,742,genetic_stochastic,square,success,14,18.243736594,14,14,50,28413,1876,60597,0.06602611480660261,32.30117270788912
medium,50,3,3,9,842,greedy,square,success,15,0.004204638,15,15,50,,,,,
medium,50,3,3,9,842,stochastic_greedy,square,success,16,0.006311561,16,16,50,,,,,
medium,50,3,3,9,842,genetic_greedy,square,success,14,9.007744514,12,14,50,28290,540,22784,0.019088016967126194,42.19259259259259
medium,50,3,3,9,842,genetic_stochastic,square,success,14,20.484942942,14,14,50,28368,1913,72044,0.06743513818386915,37.66021955044433
medium,50,3,3,10,942,greedy,square,success,15,0.004227221,14,15,50,,,,,
medium,50,3,3,10,942,stochastic_greedy,square,success,16,0.006242517,16,16,50,,,,,
medium,50,3,3,10,942,genetic_greedy,square,success,14,7.778775043,14,14,50,28345,501,19815,0.017675074969130358,39.550898203592816
medium,50,3,3,10,942,genetic_stochastic,square,success,14,14.636135475,14,14,50,28401,1282,49645,0.04513925566001197,38.72464898595944
medium,50,3,3,11,1042,greedy,square,success,15,0.005969847,15,14,50,,,,,
medium,50,3,3,11,1042,stochastic_greedy,square,success,17,0.008038804,17,16,50,,,,,
medium,50,3,3,11,1042,genetic_greedy,square,success,14,8.808038368,14,14,50,28364,624,25195,0.021999717952333943,40.37660256410256
medium,50,3,3,11,1042,genetic_stochastic,square,success,15,23.908439688,15,15,50,28318,2101,83587,0.0741930927325376,39.784388386482625
medium,50,3,3,12,1142,greedy,square,success,15,0.005457934,15,15,50,,,,,
medium,50,3,3,12,1142,stochastic_greedy,square,success,16,0.007012433,16,16,50,,,,,
medium,50,3,3,12,1142,genetic_greedy,square,success,15,23.261653062,15,15,50,28417,1955,78376,0.06879684695780694,40.09002557544757
medium,50,3,3,12,1142,genetic_stochastic,square,success,15,24.898844236,15,15,50,28324,2843,96455,0.10037424092642282,33.927189588462895
medium,50,3,3,13,1242,greedy,square,success,15,0.006623883,15,15,50,,,,,
medium,50,3,3,13,1242,stochastic_greedy,square,success,15,0.007235592,15,15,50,,,,,
medium,50,3,3,13,1242,genetic_greedy,square,success,14,11.006205576,13,14,50,28373,839,33848,0.029570366193211857,40.343265792610254
medium,50,3,3,13,1242,genetic_stochastic,square,success,14,15.390815197,14,14,50,28628,1258,50157,0.043942992874109264,39.870429252782195
medium,50,3,3,14,1342,greedy,square,success,15,0.005025214,15,15,50,,,,,
medium,50,3,3,14,1342,stochastic_greedy,square,success,16,0.007514741,16,16,50,,,,,
medium,50,3,3,14,1342,genetic_greedy,square,success,15,26.348857018,15,15,50,28441,2683,85730,0.09433564220667347,31.95303764442788
medium,50,3,3,14,1342,genetic_stochastic,square,success,14,10.837355152,14,14,50,28449,855,33569,0.03005378044922493,39.26198830409357
medium,50,3,3,15,1442,greedy,square,success,15,0.004734552,15,15,50,,,,,
medium,50,3,3,15,1442,stochastic_greedy,square,success,16,0.006163339,15,16,50,,,,,
medium,50,3,3,15,1442,genetic_greedy,square,success,14,6.673052438,14,14,50,28337,381,15885,0.013445318841091153,41.69291338582677
medium,50,3,3,15,1442,genetic_stochastic,square,success,15,9.439383076,15,15,50,28374,609,25360,0.02146331148234299,41.64203612479474
medium,50,3,3,16,1542,greedy,square,success,15,0.005000972,15,15,50,,,,,
medium,50,3,3,16,1542,stochastic_greedy,square,success,16,0.007033116,16,15,50,,,,,
medium,50,3,3,16,1542,genetic_greedy,square,success,14,10.276541168,14,14,50,28364,744,30166,0.026230432943167396,40.545698924731184
medium,50,3,3,16,1542,genetic_stochastic,square,success,14,13.927730753,14,14,50,28242,1159,47378,0.04103817010126762,40.87834339948231
medium,50,3,3,17,1642,greedy,square,success,16,0.006302783,14,16,50,,,,,
medium,50,3,3,17,1642,stochastic_greedy,square,success,16,0.007612379,15,16,50,,,,,
medium,50,3,3,17,1642,genetic_greedy,square,success,14,8.139000652,14,14,50,28288,525,20777,0.01855910633484163,39.57523809523809
medium,50,3,3,17,1642,genetic_stochastic,square,success,14,11.800172494,14,14,50,28443,994,38373,0.03494708715676968,38.6046277665996
medium,50,3,3,18,1742,greedy,square,success,15,0.004650013,15,15,50,,,,,
medium,50,3,3,18,1742,stochastic_greedy,square,success,17,0.007818038,15,17,50,,,,,
medium,50,3,3,18,1742,genetic_greedy,square,success,14,6.419848499,14,14,50,28377,382,15543,0.013461606230397858,40.68848167539267
medium,50,3,3,18,1742,genetic_stochastic,square,success,14,12.379561681,14,14,50,28295,978,39373,0.03456441067326383,40.258691206543965
medium,50,3,3,19,1842,greedy,square,success,15,0.005300009,14,15,50,,,,,
medium,50,3,3,19,1842,stochastic_greedy,square,success,17,0.008475525,17,16,50,,,,,
medium,50,3,3,19,1842,genetic_greedy,square,success,15,12.738787081,15,14,50,28412,979,38796,0.03445727157539068,39.628192032686414
medium,50,3,3,19,1842,genetic_stochastic,square,success,15,24.046400291,15,15,50,28548,2025,78895,0.07093316519546028,38.96049382716049
medium,50,3,3,20,1942,greedy,square,success,14,0.00562021,14,14,50,,,,,
medium,50,3,3,20,1942,stochastic_greedy,square,success,16,0.007327069,16,16,50,,,,,
medium,50,3,3,20,1942,genetic_greedy,square,success,14,18.130236945,14,14,50,28251,9536,96344,0.33754557360801385,10.103187919463087
medium,50,3,3,20,1942,genetic_stochastic,square,success,13,11.573884674,13,13,50,28313,1692,43143,0.059760534030304104,25.49822695035461
medium,50,3,3,21,2042,greedy,square,success,14,0.006114191,14,14,50,,,,,
medium,50,3,3,21,2042,stochastic_greedy,square,success,14,0.007292686,14,14,50,,,,,
medium,50,3,3,21,2042,genetic_greedy,square,success,14,17.432152238,14,14,50,28265,1429,58421,0.05055722625154785,40.882435269419176
medium,50,3,3,21,2042,genetic_stochastic,square,success,14,10.810473187,14,14,50,28340,7331,41545,0.2586803105151729,5.667030418769609
medium,50,3,3,22,2142,greedy,square,success,15,0.006735425,15,15,50,,,,,
medium,50,3,3,22,2142,stochastic_greedy,square,success,16,0.007840563,16,16,50,,,,,
medium,50,3,3,22,2142,genetic_greedy,square,success,14,8.461212672,14,14,50,28274,521,20958,0.01842682322982245,40.226487523992326
medium,50,3,3,22,2142,genetic_stochastic,square,success,14,14.909013261,14,14,50,28312,1403,52896,0.049554959027974,37.70206699928724
medium,50,3,3,23,2242,greedy,square,success,16,0.006365913,16,16,50,,,,,
medium,50,3,3,23,2242,stochastic_greedy,square,success,16,0.008466655,15,16,50,,,,,
medium,50,3,3,23,2242,genetic_greedy,square,success,14,8.26491809,14,14,50,28300,493,21168,0.017420494699646644,42.93711967545639
medium,50,3,3,23,2242,genetic_stochastic,square,success,14,12.218420481,14,14,50,28395,886,36555,0.03120267652755767,41.25846501128668
medium,50,3,3,24,2342,greedy,square,success,15,0.006085787,15,15,50,,,,,
medium,50,3,3,24,2342,stochastic_greedy,square,success,16,0.007734394,16,16,50,,,,,
medium,50,3,3,24,2342,genetic_greedy,square,success,14,15.378635346,14,14,50,28320,1183,48612,0.0417725988700565,41.09213863060017
medium,50,3,3,24,2342,genetic_stochastic,square,success,15,14.174205697,15,15,50,28352,1107,44245,0.03904486455981941,39.968383017163504
medium,50,3,3,25,2442,greedy,square,success,15,0.005864103,14,15,50,,,,,
medium,50,3,3,25,2442,stochastic_greedy,square,success,16,0.007796728,16,16,50,,,,,
medium,50,3,3,25,2442,genetic_greedy,square,success,14,22.704771087,14,14,50,28383,2462,85491,0.08674206391149632,34.72420796100731
medium,50,3,3,25,2442,genetic_stochastic,square,success,14,13.229210249,14,14,50,28388,1039,40474,0.03659997181907848,38.95476419634264
medium,50,3,3,26,2542,greedy,square,success,15,0.00541204,15,15,50,,,,,
medium,50,3,3,26,2542,stochastic_greedy,square,success,16,0.008106405,15,16,50,,,,,
medium,50,3,3,26,2542,genetic_greedy,square,success,14,9.333614077,14,14,50,28573,600,24451,0.020998845063521506,40.751666666666665
medium,50,3,3,26,2542,genetic_stochastic,square,success,14,12.237127217,14,14,50,28238,1076,39864,0.038104681634676674,37.048327137546465
medium,50,3,3,27,2642,greedy,square,success,15,0.006333319,14,15,50,,,,,
medium,50,3,3,27,2642,stochastic_greedy,square,success,14,0.006722095,14,14,50,,,,,
medium,50,3,3,27,2642,genetic_greedy,square,success,14,17.363630854,14,14,50,28416,1302,55538,0.04581925675675676,42.655913978494624
medium,50,3,3,27,2642,genetic_stochastic,square,success,14,12.053056532,14,14,50,28370,996,38998,0.03510750793091293,39.15461847389558
medium,50,3,3,28,2742,greedy,square,success,15,0.007221096,15,15,50,,,,,
medium,50,3,3,28,2742,stochastic_greedy,square,success,16,0.008133259,16,16,50,,,,,
medium,50,3,3,28,2742,genetic_greedy,square,success,14,13.671300164,14,14,50,28297,3182,57741,0.1124500830476729,18.146134506599623
medium,50,3,3,28,2742,genetic_stochastic,square,success,15,16.044080849,15,15,50,28410,1448,47222,0.0509679690249912,32.61187845303867
medium,50,3,3,29,2842,greedy,square,success,15,0.004479656,15,15,50,,,,,
medium,50,3,3,29,2842,stochastic_greedy,square,success,16,0.006014497,15,16,50,,,,,
medium,50,3,3,29,2842,genetic_greedy,square,success,14,9.486211866,14,14,50,28358,611,24955,0.02154594823330277,40.84288052373159
medium,50,3,3,29,2842,genetic_stochastic,square,success,14,17.251978269,14,14,50,28366,7175,79208,0.2529436649509977,11.0394425087108
medium,50,3,3,30,2942,greedy,square,success,16,0.007621182,15,16,50,,,,,
medium,50,3,3,30,2942,stochastic_greedy,square,success,16,0.012286241,16,16,50,,,,,
medium,50,3,3,30,2942,genetic_greedy,square,success,15,23.471182831,15,15,50,28351,1997,77447,0.07043843250678988,38.781672508763144
medium,50,3,3,30,2942,genetic_stochastic,square,success,15,76.265905287,15,15,50,28355,5216,218208,0.18395344736378064,41.83435582822086
medium,50,3,3,1,42,merge_greedy,square,success,17,1.754405344,12,17,50,,,,,
medium,50,3,3,2,142,merge_greedy,square,success,16,1.652624928,15,16,50,,,,,
medium,50,3,3,3,242,merge_greedy,square,success,18,1.683175832,11,18,50,,,,,
medium,50,3,3,4,342,merge_greedy,square,success,17,1.648607608,13,17,50,,,,,
medium,50,3,3,5,442,merge_greedy,square,success,17,1.785965758,17,13,50,,,,,
medium,50,3,3,6,542,merge_greedy,square,success,17,1.948247525,13,17,50,,,,,
medium,50,3,3,7,642,merge_greedy,square,success,15,1.636666674,15,13,50,,,,,
medium,50,3,3,8,742,merge_greedy,square,success,14,1.710120555,14,14,50,,,,,
medium,50,3,3,9,842,merge_greedy,square,success,15,2.330093435,14,15,50,,,,,
medium,50,3,3,10,942,merge_greedy,square,success,17,1.782520005,17,13,50,,,,,
medium,50,3,3,1,42,beam_search,square,success,15,25.530848403,15,15,50,,,,,
medium,50,3,3,2,142,beam_search,square,success,15,24.914272866,14,15,50,,,,,
medium,50,3,3,3,242,beam_search,square,success,14,23.840577016,14,14,50,,,,,
medium,50,3,3,4,342,beam_search,square,success,14,25.564613481,14,14,50,,,,,
medium,50,3,3,5,442,beam_search,square,success,14,24.171202397,14,13,50,,,,,
medium,50,3,3,6,542,beam_search,square,success,14,23.470934518,14,14,50,,,,,
medium,50,3,3,7,642,beam_search,square,success,13,23.456641366,13,13,50,,,,,
medium,50,3,3,8,742,beam_search,square,success,14,22.959389638,14,14,50,,,,,
medium,50,3,3,9,842,beam_search,square,success,14,24.583011768,14,14,50,,,,,
medium,50,3,3,10,942,beam_search,square,success,14,24.825919947,14,14,50,,,,,
medium,20,5,5,1,42,greedy,square,success,25,0.00883461,25,23,20,,,,,
medium,20,5,5,1,42,stochastic_greedy,square,success,25,0.010552292,23,25,20,,,,,
medium,20,5,5,1,42,genetic_greedy,square,success,22,15.765475991,22,22,20,28413,488,6999,0.01717523668743181,14.342213114754099
medium,20,5,5,1,42,genetic_stochastic,square,success,23,27.156233183,23,23,20,28389,1013,13903,0.03568283490084188,13.724580454096742
medium,20,5,5,2,142,greedy,square,success,24,0.007273075,24,23,20,,,,,
medium,20,5,5,2,142,stochastic_greedy,square,success,24,0.009849869,24,24,20,,,,,
medium,20,5,5,2,142,genetic_greedy,square,success,23,29.03547923,23,23,20,28524,1420,16717,0.049782639181040526,11.772535211267606
medium,20,5,5,2,142,genetic_stochastic,square,success,22,22.878179387,22,22,20,28320,876,12044,0.03093220338983051,13.748858447488585
medium,20,5,5,3,242,greedy,square,success,24,0.007413847,24,24,20,,,,,
medium,20,5,5,3,242,stochastic_greedy,square,success,25,0.010615358,23,25,20,,,,,
medium,20,5,5,3,242,genetic_greedy,square,success,23,24.587545452,23,23,20,28405,784,11186,0.02760077451152966,14.267857142857142
medium,20,5,5,3,242,genetic_stochastic,square,success,23,26.202898742,23,23,20,28324,1067,14093,0.03767123287671233,13.208059981255857
medium,20,5,5,4,342,greedy,square,success,24,0.008352393,23,24,20,,,,,
medium,20,5,5,4,342,stochastic_greedy,square,success,24,0.012892973,24,24,20,,,,,
medium,20,5,5,4,342,genetic_greedy,square,success,23,11.409440875,23,23,20,28370,344,4861,0.012125484666901656,14.130813953488373
medium,20,5,5,4,342,genetic_stochastic,square,success,23,29.91664941,23,23,20,28218,1142,14983,0.04047062158905663,13.119964973730298
medium,20,5,5,5,442,greedy,square,success,24,0.006438086,24,23,20,,,,,
medium,20,5,5,5,442,stochastic_greedy,square,success,24,0.010185797,23,24,20,,,,,
medium,20,5,5,5,442,genetic_greedy,square,success,22,10.745256717,22,22,20,28362,287,4213,0.010119173542063323,14.679442508710801
medium,20,5,5,5,442,genetic_stochastic,square,success,23,29.075293388,23,23,20,28585,1145,14655,0.040055973412629,12.799126637554584
medium,20,5,5,6,542,greedy,square,success,24,0.00836159,24,23,20,,,,,
medium,20,5,5,6,542,stochastic_greedy,square,success,25,0.008241946,24,25,20,,,,,
medium,20,5,5,6,542,genetic_greedy,square,success,23,27.920026707,21,23,20,28329,854,12389,0.030145787002718062,14.507025761124122
medium,20,5,5,6,542,genetic_stochastic,square,success,22,22.335311754,22,22,20,28306,840,11489,0.029675687133469936,13.677380952380952
medium,20,5,5,7,642,greedy,square,success,24,0.007182616,23,24,20,,,,,
medium,20,5,5,7,642,stochastic_greedy,square,success,23,0.009762884,23,23,20,,,,,
medium,20,5,5,7,642,genetic_greedy,square,success,22,11.283568014,22,22,20,28297,288,4368,0.010177757359437396,15.166666666666666
medium,20,5,5,7,642,genetic_stochastic,square,success,23,27.308670264,23,23,20,28461,980,12919,0.03443308386915428,13.18265306122449
medium,20,5,5,8,742,greedy,square,success,24,0.006908344,24,24,20,,,,,
medium,20,5,5,8,742,stochastic_greedy,square,success,23,0.009310911,23,23,20,,,,,
medium,20,5,5,8,742,genetic_greedy,square,success,22,11.129555088,22,22,20,28507,375,4973,0.01315466376679412,13.261333333333333
medium,20,5,5,8,742,genetic_stochastic,square,success,23,19.693706612,23,23,20,28575,635,9013,0.022222222222222223,14.193700787401575
medium,20,5,5,9,842,greedy,square,success,23,0.006933348,23,23,20,,,,,
medium,20,5,5,9,842,stochastic_greedy,square,success,24,0.011396489,23,24,20,,,,,
medium,20,5,5,9,842,genetic_greedy,square,success,23,9.962919254,23,23,20,28380,228,3413,0.008033826638477801,14.969298245614034
medium,20,5,5,9,842,genetic_stochastic,square,success,23,39.061971531,23,23,20,28286,1277,18102,0.045146008626175495,14.17541111981206
medium,20,5,5,10,942,greedy,square,success,24,0.008494291,24,23,20,,,,,
medium,20,5,5,10,942,stochastic_greedy,square,success,23,0.008699133,23,22,20,,,,,
medium,20,5,5,10,942,genetic_greedy,square,success,23,16.289980259,23,23,20,28378,1351,7717,0.04760730143068574,5.712065136935603
medium,20,5,5,10,942,genetic_stochastic,square,success,23,35.311625587,23,22,20,28523,1362,17942,0.047750937839638186,13.173274596182084
medium,20,5,5,1,42,merge_greedy,square,success,26,2.874934627,26,20,20,,,,,
medium,20,5,5,2,142,merge_greedy,square,success,23,2.748580069,22,23,20,,,,,
medium,20,5,5,3,242,merge_greedy,square,success,31,3.64298283,16,31,20,,,,,
medium,20,5,5,4,342,merge_greedy,square,success,23,3.701675846,23,23,20,,,,,
medium,20,5,5,5,442,merge_greedy,square,success,27,3.681562762,20,27,20,,,,,
medium,20,5,5,6,542,merge_greedy,square,success,31,4.093301254,18,31,20,,,,,
medium,20,5,5,7,642,merge_greedy,square,success,23,2.918397932,23,22,20,,,,,
medium,20,5,5,8,742,merge_greedy,square,success,31,3.67567228,31,16,20,,,,,
medium,20,5,5,9,842,merge_greedy,square,success,23,2.784362449,22,23,20,,,,,
medium,20,5,5,10,942,merge_greedy,square,success,26,3.190263396,20,26,20,,,,,
medium,20,5,5,1,42,beam_search,square,success,23,6.511374144,23,23,20,,,,,
medium,20,5,5,2,142,beam_search,square,success,24,6.92687276,24,22,20,,,,,
medium,20,5,5,3,242,beam_search,square,success,23,7.036916323,23,23,20,,,,,
medium,20,5,5,4,342,beam_search,square,success,23,6.713406379,23,23,20,,,,,
medium,20,5,5,5,442,beam_search,square,success,24,6.905797403,24,22,20,,,,,
medium,20,5,5,6,542,beam_search,square,success,23,6.601606953,23,22,20,,,,,
medium,20,5,5,7,642,beam_search,square,success,22,6.934939184,22,22,20,,,,,
medium,20,5,5,8,742,beam_search,square,success,23,6.926877598,23,22,20,,,,,
medium,20,5,5,9,842,beam_search,square,success,23,6.772362273,23,23,20,,,,,
medium,20,5,5,10,942,beam_search,square,success,23,6.846780231,23,22,20,,,,,
medium,20,10,10,1,42,greedy,square,success,54,0.118544148,54,51,20,,,,,
medium,20,10,10,1,42,stochastic_greedy,square,success,54,0.14254504,54,54,20,,,,,
medium,20,10,10,1,42,genetic_greedy,square,success,50,716.211128781,50,50,20,28466,876,9510,0.030773554415794283,10.856164383561644
medium,20,10,10,1,42,genetic_stochastic,square,success,50,1919.40764357,50,50,20,28552,1389,20336,0.04864808069487251,14.640748740100792
medium,20,10,10,2,142,greedy,square,success,53,0.108321603,53,51,20,,,,,
medium,20,10,10,2,142,stochastic_greedy,square,success,54,0.129092765,53,54,20,,,,,
medium,20,10,10,2,142,genetic_greedy,square,success,50,617.173322354,50,50,20,28220,507,7225,0.017965981573352233,14.250493096646943
medium,20,10,10,2,142,genetic_stochastic,square,success,50,861.334796109,50,50,20,28273,913,12531,0.032292293000389063,13.725082146768894
medium,20,10,10,3,242,greedy,square,success,55,0.117779777,55,55,20,,,,,
medium,20,10,10,3,242,stochastic_greedy,square,success,54,0.136285813,54,53,20,,,,,
medium,20,10,10,3,242,genetic_greedy,square,success,50,977.698269345,50,50,20,28307,1054,13870,0.03723460628113188,13.159392789373815
medium,20,10,10,3,242,genetic_stochastic,square,success,50,1214.113008141,50,50,20,28255,1054,15151,0.0373031321889931,14.374762808349146
medium,20,10,10,4,342,greedy,square,success,53,0.116941346,53,52,20,,,,,
medium,20,10,10,4,342,stochastic_greedy,square,success,53,0.156176196,51,53,20,,,,,
medium,20,10,10,4,342,genetic_greedy,square,success,51,728.852452901,51,51,20,28382,741,9621,0.026108096680994997,12.983805668016194
medium,20,10,10,4,342,genetic_stochastic,square,success,50,1057.83406176,50,50,20,28247,1077,14492,0.03812794279038482,13.455896007428041
medium,20,10,10,5,442,greedy,square,success,54,0.118055807,54,54,20,,,,,
medium,20,10,10,5,442,stochastic_greedy,square,success,52,0.142118733,52,52,20,,,,,
medium,20,10,10,5,442,genetic_greedy,square,success,51,819.037683623,51,51,20,28415,745,9441,0.0262185465423192,12.67248322147651
medium,20,10,10,5,442,genetic_stochastic,square,success,50,986.0927645,49,50,20,28325,2193,13745,0.07742277140335392,6.267669858641131
medium,20,10,10,6,542,greedy,square,success,56,0.115763149,56,56,20,,,,,
medium,20,10,10,6,542,stochastic_greedy,square,success,52,0.10758847,52,51,20,,,,,
medium,20,10,10,6,542,genetic_greedy,square,success,51,467.346239765,50,51,20,28300,599,6961,0.0211660777385159,11.621035058430717
medium,20,10,10,6,542,genetic_stochastic,square,success,50,1443.174805475,50,50,20,28345,1527,20167,0.053871935085553005,13.20694171578258
medium,20,10,10,7,642,greedy,square,success,53,0.108244505,53,53,20,,,,,
medium,20,10,10,7,642,stochastic_greedy,square,success,53,0.141318898,52,53,20,,,,,
medium,20,10,10,7,642,genetic_greedy,square,success,50,722.47215528,50,50,20,28347,604,8661,0.021307369386531202,14.339403973509933
medium,20,10,10,7,642,genetic_stochastic,square,success,50,655.205458545,50,50,20,28294,519,7866,0.018343111613769704,15.15606936416185
medium,20,10,10,8,742,greedy,square,success,52,0.112858721,51,52,20,,,,,
medium,20,10,10,8,742,stochastic_greedy,square,success,53,0.14391362,52,53,20,,,,,
medium,20,10,10,8,742,genetic_greedy,square,success,50,899.676140926,50,50,20,28379,948,11845,0.03340498255752493,12.494725738396625
medium,20,10,10,8,742,genetic_stochastic,square,success,50,1195.823544018,50,49,20,28490,1173,16190,0.04117234117234117,13.802216538789429
medium,20,10,10,9,842,greedy,square,success,53,0.103960615,53,53,20,,,,,
medium,20,10,10,9,842,stochastic_greedy,square,success,54,0.120715928,54,52,20,,,,,
medium,20,10,10,9,842,genetic_greedy,square,success,51,308.254051487,51,51,20,28400,256,3667,0.009014084507042254,14.32421875
medium,20,10,10,9,842,genetic_stochastic,square,success,50,717.979332803,50,49,20,28184,622,9064,0.02206925915413,14.572347266881028
medium,20,10,10,10,942,greedy,square,success,53,0.11398109,53,53,20,,,,,
medium,20,10,10,10,942,stochastic_greedy,square,success,55,0.133321229,55,55,20,,,,,
medium,20,10,10,10,942,genetic_greedy,square,success,49,1140.941135084,49,49,20,28423,1294,16200,0.045526510220596,12.519319938176197
medium,20,10,10,10,942,genetic_stochastic,square,success,50,830.667045779,50,49,20,28161,1374,11515,0.0487908810056461,8.380640465793304
medium,20,10,10,1,42,merge_greedy,square,success,103,142.779702867,20,103,20,,,,,
medium,20,10,10,2,142,merge_greedy,square,success,108,115.238065679,20,108,20,,,,,
medium,30,5,5,1,42,greedy,square,success,29,0.031149518,29,29,30,,,,,
medium,30,5,5,1,42,stochastic_greedy,square,success,29,0.056818101,29,28,30,,,,,
medium,30,5,5,1,42,genetic_greedy,square,success,27,44.147649658,27,27,30,28126,457,11079,0.01624831117115836,24.24288840262582
medium,30,5,5,1,42,genetic_stochastic,square,success,28,105.152727187,28,28,30,28452,1623,34965,0.05704344158582876,21.54343807763401
medium,30,5,5,2,142,greedy,square,success,29,0.020029789,27,29,30,,,,,
medium,30,5,5,2,142,stochastic_greedy,square,success,28,0.029321493,28,28,30,,,,,
medium,30,5,5,2,142,genetic_greedy,square,success,27,86.155117886,27,26,30,28368,977,23747,0.034440214326001126,24.30603889457523
medium,30,5,5,2,142,genetic_stochastic,square,success,27,70.549193738,27,27,30,28368,971,21521,0.03422870840383531,22.163748712667353
medium,30,5,5,3,242,greedy,square,success,28,0.016663148,28,28,30,,,,,
medium,30,5,5,3,242,stochastic_greedy,square,success,29,0.029072701,29,29,30,,,,,
medium,30,5,5,3,242,genetic_greedy,square,success,27,294.543818521,27,27,30,28561,2678,66242,0.09376422394173874,24.73562359970127
medium,30,5,5,3,242,genetic_stochastic,square,success,27,79.115901274,27,27,30,28240,1123,25075,0.03976628895184136,22.328584149599287
medium,30,5,5,4,342,greedy,square,success,31,0.017065191,29,31,30,,,,,
medium,30,5,5,4,342,stochastic_greedy,square,success,30,0.023043343,28,30,30,,,,,
medium,30,5,5,4,342,genetic_greedy,square,success,27,56.433395685,27,27,30,28477,645,14901,0.022649857779962777,23.10232558139535
medium,30,5,5,4,342,genetic_stochastic,square,success,28,151.675599675,28,28,30,28307,1432,35724,0.05058819373299891,24.946927374301676
medium,30,5,5,5,442,greedy,square,success,27,0.019283945,27,26,30,,,,,
medium,30,5,5,5,442,stochastic_greedy,square,success,28,0.027286505,28,28,30,,,,,
medium,30,5,5,5,442,genetic_greedy,square,success,27,56.399290175,27,27,30,28336,670,15650,0.023644833427442124,23.35820895522388
medium,30,5,5,5,442,genetic_stochastic,square,success,27,139.863403322,27,27,30,28248,1716,40469,0.06074766355140187,23.583333333333332
medium,30,5,5,6,542,greedy,square,success,29,0.018166318,27,29,30,,,,,
medium,30,5,5,6,542,stochastic_greedy,square,success,29,0.024546805,29,29,30,,,,,
medium,30,5,5,6,542,genetic_greedy,square,success,27,45.42985225,27,27,30,28235,435,10623,0.015406410483442537,24.420689655172414
medium,30,5,5,6,542,genetic_stochastic,square,success,27,96.682939582,27,27,30,28374,1316,29014,0.04638048918023543,22.04711246200608
medium,30,5,5,7,642,greedy,square,success,28,0.017986014,28,27,30,,,,,
medium,30,5,5,7,642,stochastic_greedy,square,success,30,0.028816118,29,30,30,,,,,
medium,30,5,5,7,642,genetic_greedy,square,success,27,48.994799941,27,27,30,28055,543,13088,0.01935483870967742,24.103130755064456
medium,30,5,5,7,642,genetic_stochastic,square,success,28,209.718883669,28,28,30,28327,2106,50198,0.07434603028912345,23.83570750237417
medium,30,5,5,8,742,greedy,square,success,29,0.014686039,27,29,30,,,,,
medium,30,5,5,8,742,stochastic_greedy,square,success,29,0.02560017,29,29,30,,,,,
medium,30,5,5,8,742,genetic_greedy,square,success,27,37.16808105,27,27,30,28540,357,8942,0.01250875963559916,25.047619047619047
medium,30,5,5,8,742,genetic_stochastic,square,success,27,101.852607876,27,27,30,28491,1539,31591,0.05401705801832157,20.52696556205328
medium,30,5,5,9,842,greedy,square,success,28,0.016091448,27,28,30,,,,,
medium,30,5,5,9,842,stochastic_greedy,square,success,30,0.024739073,30,29,30,,,,,
medium,30,5,5,9,842,genetic_greedy,square,success,28,51.460576647,28,28,30,28457,627,14100,0.022033243138770777,22.48803827751196
medium,30,5,5,9,842,genetic_stochastic,square,success,27,59.132355491,27,27,30,28171,741,17085,0.026303645592985696,23.05668016194332
medium,30,5,5,10,942,greedy,square,success,29,0.017689665,29,29,30,,,,,
medium,30,5,5,10,942,stochastic_greedy,square,success,29,0.028506864,29,29,30,,,,,
medium,30,5,5,10,942,genetic_greedy,square,success,27,32.993796421,27,27,30,28119,287,7218,0.010206621857107294,25.149825783972126
medium,30,5,5,10,942,genetic_stochastic,square,success,28,71.383180599,28,28,30,28484,829,19150,0.02910405841876141,23.10012062726176
medium,30,5,5,1,42,merge_greedy,square,success,31,12.600334198,31,24,30,,,,,
medium,30,5,5,2,142,merge_greedy,square,success,30,16.478576328,30,24,30,,,,,
medium,30,5,5,3,242,merge_greedy,square,success,27,12.325066256,27,25,30,,,,,
medium,30,5,5,4,342,merge_greedy,square,success,31,12.477807217,31,25,30,,,,,
medium,30,5,5,5,442,merge_greedy,square,success,38,17.177541579,38,21,30,,,,,
medium,30,5,5,6,542,merge_greedy,square,success,31,13.10227409,23,31,30,,,,,
medium,30,5,5,7,642,merge_greedy,square,success,29,14.536126452,29,26,30,,,,,
medium,30,5,5,8,742,merge_greedy,square,success,31,22.781832265,24,31,30,,,,,
medium,30,5,5,9,842,merge_greedy,square,success,29,12.435889542,26,29,30,,,,,
medium,30,5,5,10,942,merge_greedy,square,success,29,16.650214696,29,27,30,,,,,
medium,30,5,5,1,42,beam_search,square,success,27,28.656600048,26,27,30,,,,,
medium,30,5,5,2,142,beam_search,square,success,27,29.057767893,27,27,30,,,,,
medium,30,5,5,3,242,beam_search,square,success,28,29.257714247,28,28,30,,,,,
medium,30,5,5,4,342,beam_search,square,success,27,29.412323341,27,27,30,,,,,
medium,30,5,5,5,442,beam_search,square,success,27,28.978117751,27,27,30,,,,,
medium,30,5,5,6,542,beam_search,square,success,27,29.294969672,27,27,30,,,,,
medium,30,5,5,7,642,beam_search,square,success,27,28.816573124,27,27,30,,,,,
medium,30,5,5,8,742,beam_search,square,success,28,29.792294275,28,27,30,,,,,
medium,30,5,5,9,842,beam_search,square,success,28,29.191366267,27,28,30,,,,,
medium,30,5,5,10,942,beam_search,square,success,27,29.469581361,27,27,30,,,,,
medium,30,10,10,1,42,greedy,square,success,63,0.322495539,63,63,30,,,,,
medium,30,10,10,1,42,stochastic_greedy,square,success,64,0.341691372,64,62,30,,,,,
medium,30,10,10,1,42,genetic_greedy,square,success,60,3539.702409169,60,60,30,28287,1008,23786,0.035634743875278395,23.59722222222222
medium,30,10,10,1,42,genetic_stochastic,square,success,61,3501.659320974,61,61,30,28405,1099,25243,0.03869037141348354,22.969062784349408
medium,30,10,10,2,142,greedy,square,success,63,0.282736267,62,63,30,,,,,
medium,30,10,10,2,142,stochastic_greedy,square,success,65,0.345204848,65,65,30,,,,,
medium,30,10,10,2,142,genetic_greedy,square,success,61,2912.69180726,61,61,30,28315,714,17461,0.025216316440049444,24.455182072829132
medium,30,10,10,2,142,genetic_stochastic,square,success,62,4603.080075206,62,61,30,28280,1358,31724,0.04801980198019802,23.36082474226804
medium,30,10,10,3,242,greedy,square,success,63,0.300155451,62,63,30,,,,,
medium,30,10,10,3,242,stochastic_greedy,square,success,66,0.332311147,64,66,30,,,,,
medium,30,10,10,3,242,genetic_greedy,square,success,62,1854.061659817,62,62,30,28248,487,11736,0.01724015859529878,24.098562628336754
medium,30,10,10,3,242,genetic_stochastic,square,success,62,3238.894969011,62,61,30,28162,874,20822,0.031034727647184148,23.823798627002287
medium,30,10,10,4,342,greedy,square,success,67,0.353152025,67,66,30,,,,,
medium,30,10,10,4,342,stochastic_greedy,square,success,64,0.357074448,63,64,30,,,,,
medium,30,10,10,4,342,genetic_greedy,square,success,62,1460.834037291,62,62,30,28275,383,9293,0.01354553492484527,24.263707571801568
medium,30,10,10,4,342,genetic_stochastic,square,success,61,3474.093539972,61,60,30,28427,974,23061,0.0342632004784184,23.67659137577002
medium,30,10,10,5,442,greedy,square,success,65,0.301444129,61,65,30,,,,,
medium,30,10,10,5,442,stochastic_greedy,square,success,65,0.347359929,63,65,30,,,,,
medium,30,10,10,5,442,genetic_greedy,square,success,61,2172.631708949,61,61,30,28405,707,16174,0.02488998415771871,22.876944837340876
medium,30,10,10,5,442,genetic_stochastic,square,success,61,3816.95194096,61,60,30,28170,1004,23866,0.03564075257365992,23.770916334661354
medium,30,10,10,6,542,greedy,square,success,66,0.354121914,66,62,30,,,,,
medium,30,10,10,6,542,stochastic_greedy,square,success,64,0.389401742,64,63,30,,,,,
medium,30,10,10,6,542,genetic_greedy,square,success,61,2450.574191977,61,61,30,28391,586,13595,0.020640343770913318,23.199658703071673
medium,30,10,10,6,542,genetic_stochastic,square,success,61,3556.24215631,61,61,30,28302,1106,25644,0.03907851035262526,23.18625678119349
medium,30,10,10,7,642,greedy,square,success,65,0.341378991,65,64,30,,,,,
medium,30,10,10,7,642,stochastic_greedy,square,success,65,0.315143559,63,65,30,,,,,
medium,30,10,10,7,642,genetic_greedy,square,success,62,1966.375598378,62,59,30,28293,496,11544,0.017530838016470505,23.274193548387096
medium,30,10,10,7,642,genetic_stochastic,square,success,61,2034.030346363,61,61,30,28411,541,13473,0.019041920382950266,24.90388170055453
medium,30,10,10,8,742,greedy,square,success,64,0.338813426,62,64,30,,,,,
medium,30,10,10,8,742,stochastic_greedy,square,success,65,0.386609834,65,62,30,,,,,
medium,30,10,10,8,742,genetic_greedy,square,success,62,1539.605160166,62,62,30,28220,413,9893,0.014635010630758328,23.953995157384988
medium,30,10,10,8,742,genetic_stochastic,square,success,61,3357.382634306,61,60,30,28323,864,20934,0.030505243088655862,24.229166666666668
medium,30,10,10,9,842,greedy,square,success,64,0.317608305,64,64,30,,,,,
medium,30,10,10,9,842,stochastic_greedy,square,success,64,0.357595563,63,64,30,,,,,
medium,50,5,5,1,42,merge_greedy,square,success,35,95.560469814,35,34,50,,,,,
medium,50,5,5,1,42,greedy,square,success,35,0.052995441,35,35,50,,,,,
medium,50,5,5,1,42,stochastic_greedy,square,success,36,0.073461371,35,36,50,,,,,
medium,50,5,5,1,42,genetic_greedy,square,success,33,232.417575038,33,33,50,28365,732,30974,0.025806451612903226,42.314207650273225
medium,50,5,5,1,42,genetic_stochastic,square,success,35,358.765059227,35,35,50,28389,1247,51590,0.04392546408820318,41.371291098636725
medium,50,5,5,2,142,merge_greedy,square,success,36,123.501172545,32,36,50,,,,,
medium,50,5,5,2,142,greedy,square,success,35,0.057172457,35,35,50,,,,,
medium,50,5,5,2,142,stochastic_greedy,square,success,36,0.079254399,36,35,50,,,,,
medium,50,5,5,2,142,genetic_greedy,square,success,34,239.970822426,34,34,50,28548,745,32488,0.026096399047218718,43.60805369127517
medium,50,5,5,2,142,genetic_stochastic,square,success,34,269.659504715,34,34,50,28465,866,37095,0.030423326892675216,42.83487297921478
medium,50,5,5,3,242,merge_greedy,square,success,36,92.535501885,36,33,50,,,,,
medium,50,5,5,3,242,greedy,square,success,34,0.055539086,34,34,50,,,,,
medium,50,5,5,3,242,stochastic_greedy,square,success,36,0.093848298,36,36,50,,,,,
medium,50,5,5,3,242,genetic_greedy,square,success,34,220.108832456,34,34,50,28323,582,26125,0.02054867069166402,44.88831615120275
medium,50,5,5,3,242,genetic_stochastic,square,success,34,228.999319876,34,34,50,28273,760,31567,0.02688076963887808,41.535526315789475
medium,50,5,5,4,342,merge_greedy,square,success,42,109.577691275,42,29,50,,,,,
medium,50,5,5,4,342,greedy,square,success,35,0.052307242,34,35,50,,,,,
medium,50,5,5,4,342,stochastic_greedy,square,success,37,0.093919579,37,37,50,,,,,
medium,50,5,5,4,342,genetic_greedy,square,success,34,242.377847314,34,34,50,28376,692,30164,0.02438680575133916,43.589595375722546
medium,50,5,5,4,342,genetic_stochastic,square,success,35,321.544476344,35,35,50,28155,1053,43365,0.03740010655301012,41.18233618233618
medium,50,5,5,5,442,merge_greedy,square,success,42,143.592126439,42,26,50,,,,,
medium,50,5,5,5,442,greedy,square,success,35,0.05817822,35,35,50,,,,,
medium,50,5,5,5,442,stochastic_greedy,square,success,35,0.072425919,35,35,50,,,,,
medium,50,5,5,5,442,genetic_greedy,square,success,34,283.569568675,34,34,50,28265,801,36056,0.028338935078719263,45.013732833957555
medium,50,5,5,5,442,genetic_stochastic,square,success,34,382.570515989,34,34,50,28253,1214,53078,0.042968888259653844,43.72158154859967
medium,50,5,5,6,542,merge_greedy,square,success,46,121.513759467,46,26,50,,,,,
medium,50,5,5,6,542,greedy,square,success,36,0.059439438,36,36,50,,,,,
medium,50,5,5,6,542,stochastic_greedy,square,success,36,0.078570675,35,36,50,,,,,
medium,50,5,5,6,542,genetic_greedy,square,success,34,290.581648962,34,34,50,28370,859,37673,0.030278463165315475,43.85681024447032
medium,50,5,5,6,542,genetic_stochastic,square,success,34,238.699512197,34,33,50,28351,738,31859,0.026030827836760608,43.169376693766935
medium,50,5,5,7,642,merge_greedy,square,success,38,103.234385196,38,31,50,,,,,
medium,50,5,5,7,642,greedy,square,success,36,0.058574417,35,36,50,,,,,
medium,50,5,5,7,642,stochastic_greedy,square,success,37,0.072990928,37,35,50,,,,,
medium,50,5,5,7,642,genetic_greedy,square,success,34,269.795865851,34,34,50,28302,880,37585,0.03109320896049749,42.71022727272727
medium,50,5,5,7,642,genetic_stochastic,square,success,35,259.165568907,34,35,50,28451,797,34133,0.028013075111595374,42.82685069008783
medium,50,5,5,8,742,merge_greedy,square,success,39,108.622880503,39,30,50,,,,,
medium,50,5,5,8,742,greedy,square,success,35,0.066767556,35,35,50,,,,,
medium,50,5,5,8,742,stochastic_greedy,square,success,36,0.092715645,35,36,50,,,,,
medium,50,5,5,8,742,genetic_greedy,square,success,34,284.634066066,34,34,50,28369,919,38917,0.03239451513976524,42.34711643090316
medium,50,5,5,8,742,genetic_stochastic,square,success,34,362.140788324,34,34,50,28364,1235,51875,0.0435411084473276,42.00404858299595
medium,50,5,5,9,842,merge_greedy,square,success,35,98.364060451,35,32,50,,,,,
medium,50,5,5,9,842,greedy,square,success,34,0.058409818,34,34,50,,,,,
medium,50,5,5,9,842,stochastic_greedy,square,success,37,0.072909785,34,37,50,,,,,
medium,50,5,5,9,842,genetic_greedy,square,success,34,238.73463409,34,34,50,28219,730,31978,0.025869095290407172,43.8054794520548
medium,50,5,5,9,842,genetic_stochastic,square,success,35,340.103998744,35,34,50,28338,1194,49775,0.042134236713953,41.687604690117254
medium,50,5,5,10,942,merge_greedy,square,success,38,91.311770261,38,31,50,,,,,
medium,50,5,5,10,942,greedy,square,success,35,0.048168483,35,35,50,,,,,
medium,50,5,5,10,942,stochastic_greedy,square,success,36,0.080834543,35,36,50,,,,,
medium,50,5,5,10,942,genetic_greedy,square,success,34,227.19165153,34,33,50,28611,728,31118,0.02544475900877285,42.744505494505496
medium,50,5,5,10,942,genetic_stochastic,square,success,34,300.793249632,34,34,50,28392,941,39849,0.03314313891236968,42.34750265674814
medium,50,5,5,1,42,beam_search,square,success,34,172.90116781,34,34,50,,,,,
medium,50,5,5,2,142,beam_search,square,success,35,176.696971749,34,35,50,,,,,
medium,50,5,5,3,242,beam_search,square,success,34,176.050580356,34,34,50,,,,,
medium,50,5,5,4,342,beam_search,square,success,34,184.073289053,34,34,50,,,,,
medium,50,5,5,5,442,beam_search,square,success,34,169.752412243,34,33,50,,,,,
medium,50,5,5,6,542,beam_search,square,success,34,180.213485767,33,34,50,,,,,
medium,50,5,5,7,642,beam_search,square,success,35,180.882780844,35,34,50,,,,,
medium,50,5,5,8,742,beam_search,square,success,35,174.498289207,35,34,50,,,,,
medium,50,5,5,9,842,beam_search,square,success,34,179.987257245,34,34,50,,,,,
medium,50,5,5,10,942,beam_search,square,success,35,177.577740118,35,35,50,,,,,
medium,20,2,4,1,42,merge_greedy,square,success,14,0.154231234,14,7,20,,,,,
medium,20,2,4,1,42,greedy,square,success,10,0.001389933,10,10,20,,,,,
medium,20,2,4,1,42,stochastic_greedy,square,success,11,0.00139386,10,11,20,,,,,
medium,20,2,4,1,42,genetic_greedy,square,success,10,1.483418419,10,10,20,28371,5503,25124,0.1939656691692221,4.565509721969835
medium,20,2,4,1,42,genetic_stochastic,square,success,10,3.838735609,10,10,20,28260,4762,56364,0.16850672328379335,11.836203275934482
medium,20,2,4,1,42,beam_search,square,success,9,0.999312492,9,9,20,,,,,
medium,20,2,4,2,142,merge_greedy,square,success,15,0.136839816,15,6,20,,,,,
medium,20,2,4,2,142,greedy,square,success,10,0.001849527,9,10,20,,,,,
medium,20,2,4,2,142,stochastic_greedy,square,success,11,0.001275817,11,11,20,,,,,
medium,20,2,4,2,142,genetic_greedy,square,success,9,0.741406892,9,9,20,28394,721,6777,0.02539268859618229,9.399445214979195
medium,20,2,4,2,142,genetic_stochastic,square,success,9,0.749497974,9,9,20,28203,688,7735,0.024394567953763786,11.242732558139535
medium,20,2,4,2,142,beam_search,square,success,10,1.027896566,10,10,20,,,,,
medium,20,2,4,3,242,merge_greedy,square,success,16,0.146651772,16,6,20,,,,,
medium,20,2,4,3,242,greedy,square,success,12,0.001821335,12,12,20,,,,,
medium,20,2,4,3,242,stochastic_greedy,square,success,11,0.001496339,10,11,20,,,,,
medium,20,2,4,3,242,genetic_greedy,square,success,10,2.293191781,10,10,20,28348,3788,41003,0.1336249470862142,10.824445617740233
medium,20,2,4,3,242,genetic_stochastic,square,success,10,0.855547107,10,10,20,28384,1107,8344,0.03900084554678692,7.537488708220415
medium,20,2,4,3,242,beam_search,square,success,10,1.024323282,10,10,20,,,,,
medium,20,2,4,4,342,merge_greedy,square,success,16,0.14462617,16,6,20,,,,,
medium,20,2,4,4,342,greedy,square,success,10,0.00192727,9,10,20,,,,,
medium,20,2,4,4,342,stochastic_greedy,square,success,11,0.001425092,11,11,20,,,,,
medium,20,2,4,4,342,genetic_greedy,square,success,9,1.110555554,9,9,20,28371,2215,17795,0.07807267984914174,8.033860045146726
medium,20,2,4,4,342,genetic_stochastic,square,success,9,0.750930639,9,9,20,28294,924,9125,0.0326571004453241,9.875541125541126
medium,20,2,4,4,342,beam_search,square,success,9,1.068305201,9,9,20,,,,,
medium,20,2,4,5,442,merge_greedy,square,success,13,0.144007745,13,8,20,,,,,
medium,20,2,4,5,442,greedy,square,success,10,0.001627376,10,10,20,,,,,
medium,20,2,4,5,442,stochastic_greedy,square,success,10,0.002055959,10,10,20,,,,,
medium,20,2,4,5,442,genetic_greedy,square,success,10,1.40903193,10,10,20,28495,4669,24226,0.16385330759782418,5.188691368601414
medium,20,2,4,5,442,genetic_stochastic,square,success,9,1.045714086,9,9,20,28381,3410,13570,0.1201508051160988,3.9794721407624634
medium,20,2,4,5,442,beam_search,square,success,10,1.000659204,10,10,20,,,,,
medium,20,2,4,6,542,merge_greedy,square,success,15,0.157627853,15,6,20,,,,,
medium,20,2,4,6,542,greedy,square,success,10,0.001990121,10,10,20,,,,,
medium,20,2,4,6,542,stochastic_greedy,square,success,11,0.001322172,11,11,20,,,,,
medium,20,2,4,6,542,genetic_greedy,square,success,10,1.538107882,10,9,20,28423,11752,27490,0.41346796608380537,2.3391763104152483
medium,20,2,4,6,542,genetic_stochastic,square,success,10,1.838580077,10,10,20,28310,5461,34389,0.19290003532320735,6.297198315326863
medium,20,2,4,6,542,beam_search,square,success,10,1.005718711,10,10,20,,,,,
medium,20,2,4,7,642,merge_greedy,square,success,10,0.135413734,10,8,20,,,,,
medium,20,2,4,7,642,greedy,square,success,10,0.001685944,10,10,20,,,,,
medium,20,2,4,7,642,stochastic_greedy,square,success,12,0.001434009,12,12,20,,,,,
medium,20,2,4,7,642,genetic_greedy,square,success,9,0.798489642,9,9,20,28295,708,8521,0.02502208870825234,12.035310734463277
medium,20,2,4,7,642,genetic_stochastic,square,success,9,0.806345107,9,9,20,28472,1109,10687,0.03895054790671537,9.636609558160504
medium,20,2,4,7,642,beam_search,square,success,9,1.05217031,9,9,20,,,,,
medium,20,2,4,8,742,merge_greedy,square,success,19,0.156349628,19,5,20,,,,,
medium,20,2,4,8,742,greedy,square,success,10,0.00152337,10,10,20,,,,,
medium,20,2,4,8,742,stochastic_greedy,square,success,11,0.001135613,10,11,20,,,,,
medium,20,2,4,8,742,genetic_greedy,square,success,9,1.10326555,9,9,20,28431,2616,17976,0.09201224016038831,6.871559633027523
medium,20,2,4,8,742,genetic_stochastic,square,success,9,0.823519576,9,9,20,28397,1242,10127,0.04373701447335986,8.15378421900161
medium,20,2,4,8,742,beam_search,square,success,9,1.085297777,9,9,20,,,,,
medium,20,2,4,9,842,merge_greedy,square,success,16,0.153140251,16,6,20,,,,,
medium,20,2,4,9,842,greedy,square,success,10,0.002002711,9,10,20,,,,,
medium,20,2,4,9,842,stochastic_greedy,square,success,11,0.001411926,11,11,20,,,,,
medium,20,2,4,9,842,genetic_greedy,square,success,9,0.782779961,9,9,20,28397,1276,9301,0.04493432404831496,7.289184952978056
medium,20,2,4,9,842,genetic_stochastic,square,success,9,0.950723137,9,9,20,28290,1690,14344,0.05973842347119123,8.487573964497042
medium,20,2,4,9,842,beam_search,square,success,9,0.982082085,9,9,20,,,,,
medium,20,2,4,10,942,merge_greedy,square,success,14,0.142091903,14,7,20,,,,,
medium,20,2,4,10,942,greedy,square,success,11,0.001837243,11,10,20,,,,,
medium,20,2,4,10,942,stochastic_greedy,square,success,11,0.001445231,11,11,20,,,,,
medium,20,2,4,10,942,genetic_greedy,square,success,9,0.886562437,9,9,20,28356,1641,10136,0.057871349978840456,6.176721511273613
medium,20,2,4,10,942,genetic_stochastic,square,success,9,0.965007774,9,9,20,28153,1369,14257,0.04862714453166625,10.414170927684442
medium,20,2,4,10,942,beam_search,square,success,10,1.003745468,9,10,20,,,,,
medium,20,4,6,1,42,merge_greedy,square,success,32,4.986384714,32,15,20,,,,,
medium,20,4,6,1,42,greedy,square,success,24,0.006073524,24,23,20,,,,,
medium,20,4,6,1,42,stochastic_greedy,square,success,24,0.006730775,24,23,20,,,,,
medium,20,4,6,1,42,genetic_greedy,square,success,23,21.122257182,23,23,20,28375,611,9049,0.021533039647577093,14.810147299509001
medium,20,4,6,1,42,genetic_stochastic,square,success,22,20.358494733,22,22,20,28254,1093,13174,0.03868478799462023,12.05306495882891
medium,20,4,6,1,42,beam_search,square,success,22,6.753337137,22,22,20,,,,,
medium,20,4,6,2,142,merge_greedy,square,success,32,3.974741424,32,16,20,,,,,
medium,20,4,6,2,142,greedy,square,success,25,0.006786884,25,25,20,,,,,
medium,20,4,6,2,142,stochastic_greedy,square,success,23,0.00704177,23,22,20,,,,,
medium,20,4,6,2,142,genetic_greedy,square,success,22,6.613894429,22,22,20,28433,206,2752,0.007245102521717723,13.359223300970873
medium,20,4,6,2,142,genetic_stochastic,square,success,22,14.632971713,22,22,20,28267,595,7862,0.021049280079244347,13.21344537815126
medium,20,4,6,2,142,beam_search,square,success,22,6.292144653,22,21,20,,,,,
medium,20,4,6,3,242,merge_greedy,square,success,34,5.216522911,34,15,20,,,,,
medium,20,4,6,3,242,greedy,square,success,24,0.005820134,24,24,20,,,,,
medium,20,4,6,3,242,stochastic_greedy,square,success,23,0.007897149,23,23,20,,,,,
medium,20,4,6,3,242,genetic_greedy,square,success,22,18.56825017,22,22,20,28263,549,8385,0.019424689523405158,15.273224043715848
medium,20,4,6,3,242,genetic_stochastic,square,success,22,23.937608812,22,22,20,28464,1104,14566,0.0387858347386172,13.193840579710145
medium,20,4,6,3,242,beam_search,square,success,22,6.372517293,22,22,20,,,,,
medium,20,4,6,4,342,merge_greedy,square,success,32,3.933186202,32,16,20,,,,,
medium,20,4,6,4,342,greedy,square,success,24,0.006627031,21,24,20,,,,,
medium,20,4,6,4,342,stochastic_greedy,square,success,25,0.007342746,25,25,20,,,,,
medium,20,4,6,4,342,genetic_greedy,square,success,22,23.428056344,22,22,20,28357,1062,15134,0.03745107028246994,14.250470809792844
medium,20,4,6,4,342,genetic_stochastic,square,success,22,16.081544749,22,22,20,28407,715,9642,0.025169852501144084,13.485314685314686
medium,20,4,6,4,342,beam_search,square,success,22,6.328541456,22,22,20,,,,,
medium,20,4,6,5,442,merge_greedy,square,success,25,2.893049728,25,18,20,,,,,
medium,20,4,6,5,442,greedy,square,success,24,0.006409374,22,24,20,,,,,
medium,20,4,6,5,442,stochastic_greedy,square,success,23,0.006244327,22,23,20,,,,,
medium,20,4,6,5,442,genetic_greedy,square,success,22,10.224427526,22,22,20,28308,367,5261,0.012964532994206584,14.335149863760218
medium,20,4,6,5,442,genetic_stochastic,square,success,22,18.812869763,22,22,20,28363,720,10400,0.02538518492402073,14.444444444444445
medium,20,4,6,5,442,beam_search,square,success,22,6.321831017,22,22,20,,,,,
medium,20,4,6,6,542,merge_greedy,square,success,23,3.198532323,23,20,20,,,,,
medium,20,4,6,6,542,greedy,square,success,24,0.005875,24,23,20,,,,,
medium,20,4,6,6,542,stochastic_greedy,square,success,24,0.006694402,24,24,20,,,,,
medium,20,4,6,6,542,genetic_greedy,square,success,22,9.962929024,22,22,20,28456,328,4868,0.011526567332021367,14.841463414634147
medium,20,4,6,6,542,genetic_stochastic,square,success,22,24.201958929,22,22,20,28169,1030,13359,0.03656501828250914,12.96990291262136
medium,20,4,6,6,542,beam_search,square,success,23,6.718777533,22,23,20,,,,,
medium,20,4,6,7,642,merge_greedy,square,success,30,5.025402478,30,18,20,,,,,
medium,20,4,6,7,642,greedy,square,success,23,0.006475441,23,22,20,,,,,
medium,20,4,6,7,642,stochastic_greedy,square,success,24,0.006774065,24,23,20,,,,,
medium,20,4,6,7,642,genetic_greedy,square,success,22,15.102556514,22,22,20,28195,550,7846,0.019507004788082993,14.265454545454546
medium,20,4,6,7,642,genetic_stochastic,square,success,22,32.744703211,22,22,20,28240,1593,19641,0.05640934844192635,12.329566854990583
medium,20,4,6,7,642,beam_search,square,success,23,6.609056589,23,23,20,,,,,
medium,20,4,6,8,742,merge_greedy,square,success,33,4.058414552,33,14,20,,,,,
medium,20,4,6,8,742,greedy,square,success,24,0.006369298,24,24,20,,,,,
medium,20,4,6,8,742,stochastic_greedy,square,success,25,0.006478034,23,25,20,,,,,
medium,20,4,6,8,742,genetic_greedy,square,success,22,6.806860979,21,22,20,28347,222,3173,0.007831516562599217,14.292792792792794
medium,20,4,6,8,742,genetic_stochastic,square,success,22,18.974845252,22,22,20,28489,715,10267,0.02509740601635719,14.359440559440559
medium,20,4,6,8,742,beam_search,square,success,23,6.336700144,23,23,20,,,,,
medium,20,4,6,9,842,merge_greedy,square,success,24,3.375090533,24,19,20,,,,,
medium,20,4,6,9,842,greedy,square,success,24,0.007167595,23,24,20,,,,,
medium,20,4,6,9,842,stochastic_greedy,square,success,25,0.006915663,23,25,20,,,,,
medium,20,4,6,9,842,genetic_greedy,square,success,22,13.381824579,20,22,20,28412,457,6059,0.01608475292130086,13.258205689277899
medium,20,4,6,9,842,genetic_stochastic,square,success,22,19.656895231,22,22,20,28423,815,11677,0.028673961228582488,14.32760736196319
medium,20,4,6,9,842,beam_search,square,success,22,6.367527075,22,21,20,,,,,
medium,20,4,6,10,942,merge_greedy,square,success,32,3.26633263,32,14,20,,,,,
medium,20,4,6,10,942,greedy,square,success,24,0.006682228,23,24,20,,,,,
medium,20,4,6,10,942,stochastic_greedy,square,success,24,0.007392895,24,23,20,,,,,
medium,20,4,6,10,942,genetic_greedy,square,success,22,8.752815588,22,22,20,28218,232,3520,0.008221702459423063,15.172413793103448
medium,20,4,6,10,942,genetic_stochastic,square,success,22,18.201150169,22,22,20,28368,753,10439,0.02654399323181049,13.863213811420982
medium,20,4,6,10,942,beam_search,square,success,22,6.589063765,22,22,20,,,,,
medium,30,2,4,1,42,merge_greedy,square,success,14,0.47162474,14,8,30,,,,,
medium,30,2,4,1,42,greedy,square,success,12,0.002081176,11,12,30,,,,,
medium,30,2,4,1,42,stochastic_greedy,square,success,11,0.001858875,11,11,30,,,,,
medium,30,2,4,1,42,genetic_greedy,square,success,11,3.513561657,11,11,30,28129,8232,36214,0.2926517117565502,4.399173955296404
medium,30,2,4,1,42,genetic_stochastic,square,success,11,7.297507894,11,11,30,28154,7488,131300,0.26596575974994674,17.53472222222222
medium,30,2,4,1,42,beam_search,square,success,11,4.094865,11,11,30,,,,,
medium,30,2,4,2,142,merge_greedy,square,success,16,0.454288923,16,8,30,,,,,
medium,30,2,4,2,142,greedy,square,success,12,0.002470842,11,12,30,,,,,
medium,30,2,4,2,142,stochastic_greedy,square,success,13,0.00230931,13,13,30,,,,,
medium,30,2,4,2,142,genetic_greedy,square,success,10,2.160340844,10,10,30,28328,4118,22184,0.14536853996046314,5.387081107333657
medium,30,2,4,2,142,genetic_stochastic,square,success,11,2.364367103,11,11,30,28309,11000,25728,0.38856900632307745,2.338909090909091
medium,30,2,4,2,142,beam_search,square,success,11,4.124780079,11,11,30,,,,,
medium,30,2,4,3,242,merge_greedy,square,success,20,0.46439399,20,6,30,,,,,
medium,30,2,4,3,242,greedy,square,success,13,0.002044718,12,13,30,,,,,
medium,30,2,4,3,242,stochastic_greedy,square,success,13,0.002198063,13,12,30,,,,,
medium,30,2,4,3,242,genetic_greedy,square,success,11,1.784309667,11,11,30,28419,563,11965,0.019810690031317076,21.25222024866785
medium,30,2,4,3,242,genetic_stochastic,square,success,11,2.808872745,11,11,30,28332,1431,27291,0.050508259212198224,19.071278825995808
medium,30,2,4,3,242,beam_search,square,success,11,4.231344312,11,11,30,,,,,
medium,30,2,4,4,342,merge_greedy,square,success,21,0.504918374,21,5,30,,,,,
medium,30,2,4,4,342,greedy,square,success,11,0.002122381,10,11,30,,,,,
medium,30,2,4,4,342,stochastic_greedy,square,success,11,0.001796997,11,11,30,,,,,
medium,30,2,4,4,342,genetic_greedy,square,success,11,2.800860248,11,11,30,28218,5629,41884,0.19948259975901905,7.440753242138923
medium,30,2,4,4,342,genetic_stochastic,square,success,10,1.977622818,10,10,30,28376,1075,16846,0.037884127431632365,15.670697674418605
medium,30,2,4,4,342,beam_search,square,success,11,4.067635409,11,11,30,,,,,
medium,30,2,4,5,442,merge_greedy,square,success,23,0.66501861,23,6,30,,,,,
medium,30,2,4,5,442,greedy,square,success,12,0.002358402,12,12,30,,,,,
medium,30,2,4,5,442,stochastic_greedy,square,success,13,0.002292328,13,13,30,,,,,
medium,30,2,4,5,442,genetic_greedy,square,success,12,2.305396527,12,12,30,28380,862,18438,0.03037350246652572,21.389791183294662
medium,30,2,4,5,442,genetic_stochastic,square,success,12,11.438800215,12,12,30,28474,3809,90897,0.13377115965442157,23.863743764767655
medium,30,2,4,5,442,beam_search,square,success,11,3.923030027,11,11,30,,,,,
medium,30,2,4,6,542,merge_greedy,square,success,14,0.559426357,14,8,30,,,,,
medium,30,2,4,6,542,greedy,square,success,12,0.002088121,12,12,30,,,,,
medium,30,2,4,6,542,stochastic_greedy,square,success,12,0.00210743,11,12,30,,,,,
medium,30,2,4,6,542,genetic_greedy,square,success,11,2.751726752,11,10,30,28372,1764,28194,0.062173974340899475,15.982993197278912
medium,30,2,4,6,542,genetic_stochastic,square,success,11,3.020667175,11,11,30,28501,1337,27136,0.046910634714571416,20.29618548990277
medium,30,2,4,6,542,beam_search,square,success,11,3.963538235,11,11,30,,,,,
medium,30,2,4,7,642,merge_greedy,square,success,17,0.477457964,17,6,30,,,,,
medium,30,2,4,7,642,greedy,square,success,12,0.002220378,10,12,30,,,,,
medium,30,2,4,7,642,stochastic_greedy,square,success,12,0.0021198,12,12,30,,,,,
medium,30,2,4,7,642,genetic_greedy,square,success,11,3.110862685,11,11,30,28393,3908,45431,0.13763955904624378,11.62512794268168
medium,30,2,4,7,642,genetic_stochastic,square,success,10,1.643737449,10,10,30,28223,691,13401,0.024483577224249726,19.393632416787266
medium,30,2,4,7,642,beam_search,square,success,11,4.027335569,11,11,30,,,,,
medium,30,2,4,8,742,merge_greedy,square,success,17,0.521318975,17,7,30,,,,,
medium,30,2,4,8,742,greedy,square,success,12,0.001975177,11,12,30,,,,,
medium,30,2,4,8,742,stochastic_greedy,square,success,12,0.002106175,12,12,30,,,,,
medium,30,2,4,8,742,genetic_greedy,square,success,11,3.876991744,10,11,30,28378,14678,57800,0.5172316583268729,3.937866194304401
medium,30,2,4,8,742,genetic_stochastic,square,success,10,2.159176454,10,10,30,28300,6085,22514,0.21501766784452297,3.6999178307313065
medium,30,2,4,8,742,beam_search,square,success,11,4.139008243,11,11,30,,,,,
medium,30,2,4,9,842,merge_greedy,square,success,18,0.56214478,18,7,30,,,,,
medium,30,2,4,9,842,greedy,square,success,12,0.002427484,12,12,30,,,,,
medium,30,2,4,9,842,stochastic_greedy,square,success,13,0.002043158,12,13,30,,,,,
medium,30,2,4,9,842,genetic_greedy,square,success,11,2.287767601,11,11,30,28261,1711,18875,0.060542797494780795,11.03156049094097
medium,30,2,4,9,842,genetic_stochastic,square,success,11,2.234178926,11,11,30,28436,1016,19602,0.03572935715290477,19.293307086614174
medium,30,2,4,9,842,beam_search,square,success,11,4.012320968,11,11,30,,,,,
medium,30,2,4,10,942,merge_greedy,square,success,18,0.512185893,18,7,30,,,,,
medium,30,2,4,10,942,greedy,square,success,12,0.002224847,11,12,30,,,,,
medium,30,2,4,10,942,stochastic_greedy,square,success,12,0.002088878,12,12,30,,,,,
medium,30,2,4,10,942,genetic_greedy,square,success,11,4.57615168,11,11,30,28337,9737,75154,0.3436143557892508,7.718393755776933
medium,30,2,4,10,942,genetic_stochastic,square,success,11,6.519434342,11,11,30,28391,3183,75221,0.11211299355429538,23.63210807414389
medium,30,2,4,10,942,beam_search,square,success,12,3.961220964,12,12,30,,,,,
medium,30,4,6,1,42,merge_greedy,square,success,27,12.548805111,27,24,30,,,,,
medium,30,4,6,1,42,greedy,square,success,28,0.015695419,27,28,30,,,,,
medium,30,4,6,1,42,stochastic_greedy,square,success,29,0.016847662,29,29,30,,,,,
medium,30,4,6,1,42,genetic_greedy,square,success,27,80.663242008,27,27,30,28428,1419,31083,0.04991557619248628,21.904862579281183
medium,30,4,6,1,42,genetic_stochastic,square,success,27,69.60503797,27,27,30,28260,982,22888,0.03474876150035386,23.30753564154786
medium,30,4,6,1,42,beam_search,square,success,27,27.07645584,27,27,30,,,,,
medium,30,4,6,2,142,merge_greedy,square,success,30,13.485344285,30,23,30,,,,,
medium,30,4,6,2,142,greedy,square,success,28,0.014672241,27,28,30,,,,,
medium,30,4,6,2,142,stochastic_greedy,square,success,29,0.017943862,29,29,30,,,,,
medium,30,4,6,2,142,genetic_greedy,square,success,26,54.920224876,26,26,30,28315,605,14931,0.021366766731414445,24.679338842975206
medium,30,4,6,2,142,genetic_stochastic,square,success,27,92.493516653,27,27,30,28276,1330,28645,0.047036355920215024,21.537593984962406
medium,30,4,6,2,142,beam_search,square,success,26,27.070038018,26,26,30,,,,,
medium,30,4,6,3,242,merge_greedy,square,success,44,18.241610706,44,16,30,,,,,
medium,30,4,6,3,242,greedy,square,success,29,0.015159758,28,29,30,,,,,
medium,30,4,6,3,242,stochastic_greedy,square,success,28,0.017518304,28,28,30,,,,,
medium,30,4,6,3,242,genetic_greedy,square,success,26,41.906265665,26,26,30,28480,449,11216,0.015765449438202246,24.979955456570156
medium,30,4,6,3,242,genetic_stochastic,square,success,26,97.484683736,26,26,30,28458,1417,32053,0.04979267692740179,22.620324629498942
medium,30,4,6,3,242,beam_search,square,success,27,26.978615414,27,27,30,,,,,
medium,30,4,6,4,342,merge_greedy,square,success,30,14.443981016,30,24,30,,,,,
medium,30,4,6,4,342,greedy,square,success,28,0.014506602,27,28,30,,,,,
medium,30,4,6,4,342,stochastic_greedy,square,success,28,0.014546886,28,28,30,,,,,
medium,30,4,6,4,342,genetic_greedy,square,success,27,69.584409658,27,26,30,28193,906,21574,0.032135636505515555,23.812362030905078
medium,30,4,6,4,342,genetic_stochastic,square,success,27,77.618876125,27,27,30,28504,1053,25194,0.036942183553185515,23.925925925925927
medium,30,4,6,4,342,beam_search,square,success,27,27.442564542,27,27,30,,,,,
medium,30,4,6,5,442,merge_greedy,square,success,35,18.123220927,35,21,30,,,,,
medium,30,4,6,5,442,greedy,square,success,27,0.012923423,27,27,30,,,,,
medium,30,4,6,5,442,stochastic_greedy,square,success,29,0.017855126,29,29,30,,,,,
medium,30,4,6,5,442,genetic_greedy,square,success,26,43.021108033,26,26,30,28474,564,13485,0.019807543724099177,23.909574468085108
medium,30,4,6,5,442,genetic_stochastic,square,success,27,82.633102341,27,27,30,28337,1197,27373,0.042241592264530475,22.86800334168755
medium,30,4,6,5,442,beam_search,square,success,27,26.660605487,27,27,30,,,,,
medium,30,4,6,6,542,merge_greedy,square,success,50,23.625512831,50,15,30,,,,,
medium,30,4,6,6,542,greedy,square,success,28,0.014675151,27,28,30,,,,,
medium,30,4,6,6,542,stochastic_greedy,square,success,28,0.018878036,28,28,30,,,,,
medium,30,4,6,6,542,genetic_greedy,square,success,27,97.718832085,27,27,30,28389,1288,29387,0.04536968544154426,22.815993788819874
medium,30,4,6,6,542,genetic_stochastic,square,success,27,82.882869507,27,27,30,28336,1204,27550,0.042490118577075096,22.88205980066445
medium,30,4,6,6,542,beam_search,square,success,26,26.963902187,26,26,30,,,,,
medium,30,4,6,7,642,merge_greedy,square,success,41,23.381523542,41,17,30,,,,,
medium,30,4,6,7,642,greedy,square,success,26,0.013173581,25,26,30,,,,,
medium,30,4,6,7,642,stochastic_greedy,square,success,29,0.014177629,27,29,30,,,,,
medium,30,4,6,7,642,genetic_greedy,square,success,27,61.532798424,27,27,30,28323,1271,20585,0.04487518977509444,16.19590873328088
medium,30,4,6,7,642,genetic_stochastic,square,success,27,147.916787233,26,27,30,28519,2155,47195,0.07556365931484274,21.900232018561486
medium,30,4,6,7,642,beam_search,square,success,28,27.632920868,25,28,30,,,,,
medium,30,4,6,8,742,merge_greedy,square,success,38,15.899802165,38,20,30,,,,,
medium,30,4,6,8,742,greedy,square,success,28,0.014362603,28,28,30,,,,,
medium,30,4,6,8,742,stochastic_greedy,square,success,28,0.013566986,28,28,30,,,,,
medium,30,4,6,8,742,genetic_greedy,square,success,26,31.928309804,25,26,30,28280,449,10459,0.015876944837340878,23.293986636971045
medium,30,4,6,8,742,genetic_stochastic,square,success,27,71.141160566,27,27,30,28420,1023,23521,0.03599577762139339,22.992179863147605
medium,30,4,6,8,742,beam_search,square,success,27,26.963608251,27,27,30,,,,,
medium,30,4,6,9,842,merge_greedy,square,success,41,18.066505083,41,17,30,,,,,
medium,30,4,6,9,842,greedy,square,success,28,0.014558997,28,27,30,,,,,
medium,30,4,6,9,842,stochastic_greedy,square,success,27,0.017397027,26,27,30,,,,,
medium,30,4,6,9,842,genetic_greedy,square,success,26,41.732254476,26,26,30,28347,490,12308,0.017285779800331604,25.118367346938776
medium,30,4,6,9,842,genetic_stochastic,square,success,27,64.787762392,27,27,30,28236,931,21251,0.03297209236435756,22.825993555316863
medium,30,4,6,9,842,beam_search,square,success,27,27.908397627,27,27,30,,,,,
medium,30,4,6,10,942,merge_greedy,square,success,39,14.228480669,39,18,30,,,,,
medium,30,4,6,10,942,greedy,square,success,29,0.016209454,29,29,30,,,,,
medium,30,4,6,10,942,stochastic_greedy,square,success,29,0.016445468,28,29,30,,,,,
medium,30,4,6,10,942,genetic_greedy,square,success,27,51.172022628,27,27,30,28222,675,15751,0.023917511161505207,23.334814814814816
medium,30,4,6,10,942,genetic_stochastic,square,success,27,79.696057099,27,27,30,28237,1183,26394,0.04189538548712682,22.311073541842774
medium,30,4,6,10,942,beam_search,square,success,26,27.170556733,26,26,30,,,,,
medium,50,2,4,1,42,merge_greedy,square,success,27,2.648910224,27,7,50,,,,,
medium,50,2,4,1,42,greedy,square,success,14,0.003892259,12,14,50,,,,,
medium,50,2,4,1,42,stochastic_greedy,square,success,13,0.003760776,13,13,50,,,,,
medium,50,2,4,1,42,genetic_greedy,square,success,12,9.33141318,12,12,50,28264,4103,54627,0.14516699688649873,13.313916646356324
medium,50,2,4,1,42,genetic_stochastic,square,success,13,95.482052193,13,13,50,28154,10771,459038,0.3825744121616822,42.617955621576456
medium,50,2,4,1,42,beam_search,square,success,13,22.415044415,13,13,50,,,,,
medium,50,2,4,2,142,merge_greedy,square,success,23,2.800795946,23,7,50,,,,,
medium,50,2,4,2,142,greedy,square,success,13,0.003493114,13,13,50,,,,,
medium,50,2,4,2,142,stochastic_greedy,square,success,15,0.004125819,15,15,50,,,,,
medium,50,2,4,2,142,genetic_greedy,square,success,13,9.974004531,13,13,50,28590,4524,53190,0.15823714585519413,11.757294429708223
medium,50,2,4,2,142,genetic_stochastic,square,success,13,9.73886257,13,13,50,28435,1396,53151,0.04909442588359416,38.07378223495702
medium,50,2,4,2,142,beam_search,square,success,13,23.02834725,13,13,50,,,,,
medium,50,2,4,3,242,merge_greedy,square,success,31,2.340744478,31,5,50,,,,,
medium,50,2,4,3,242,greedy,square,success,14,0.003785938,13,14,50,,,,,
medium,50,2,4,3,242,stochastic_greedy,square,success,15,0.004131755,14,15,50,,,,,
medium,50,2,4,3,242,genetic_greedy,square,success,13,8.860907864,13,13,50,28328,1829,45442,0.0645650946060435,24.845270639693823
medium,50,2,4,3,242,genetic_stochastic,square,success,13,9.395166052,13,13,50,28284,11512,74490,0.4070145665393862,6.470639332870048
medium,50,2,4,3,242,beam_search,square,success,13,23.641618415,13,13,50,,,,,
medium,50,2,4,4,342,merge_greedy,square,success,23,2.574660415,23,7,50,,,,,
medium,50,2,4,4,342,greedy,square,success,13,0.003708743,13,13,50,,,,,
medium,50,2,4,4,342,stochastic_greedy,square,success,14,0.003468519,14,14,50,,,,,
medium,50,2,4,4,342,genetic_greedy,square,success,12,11.583511166,12,12,50,28594,5318,90460,0.1859830733720361,17.010154193305755
medium,50,2,4,4,342,genetic_stochastic,square,success,12,7.56072006,12,12,50,28282,1304,46427,0.04610706456403366,35.60352760736196
medium,50,2,4,4,342,beam_search,square,success,13,23.759334319,13,13,50,,,,,
medium,50,2,4,5,442,merge_greedy,square,success,23,2.964612224,23,7,50,,,,,
medium,50,2,4,5,442,greedy,square,success,14,0.003568418,14,14,50,,,,,
medium,50,2,4,5,442,stochastic_greedy,square,success,15,0.003929961,14,15,50,,,,,
medium,50,2,4,5,442,genetic_greedy,square,success,13,7.212778097,13,13,50,28275,794,31044,0.02808134394341291,39.09823677581864
medium,50,2,4,5,442,genetic_stochastic,square,success,13,15.757128887,13,13,50,28486,2349,86620,0.08246156006459314,36.87526607066837
medium,50,2,4,5,442,beam_search,square,success,13,23.330161659,13,13,50,,,,,
medium,50,2,4,6,542,merge_greedy,square,success,19,2.185004617,19,8,50,,,,,
medium,50,2,4,6,542,greedy,square,success,14,0.004115453,14,14,50,,,,,
medium,50,2,4,6,542,stochastic_greedy,square,success,14,0.003588637,14,14,50,,,,,
medium,50,2,4,6,542,genetic_greedy,square,success,13,7.597026821,13,13,50,28306,884,35250,0.031230127888080265,39.87556561085973
medium,50,2,4,6,542,genetic_stochastic,square,success,13,24.580697996,13,13,50,28398,4753,163732,0.16737094161560673,34.448138018093836
medium,50,2,4,6,542,beam_search,square,success,13,23.929329273,12,13,50,,,,,
medium,50,2,4,7,642,merge_greedy,square,success,22,2.449201708,22,7,50,,,,,
medium,50,2,4,7,642,greedy,square,success,12,0.003612175,12,12,50,,,,,
medium,50,2,4,7,642,stochastic_greedy,square,success,14,0.003986818,13,14,50,,,,,
medium,50,2,4,7,642,genetic_greedy,square,success,12,3.457220921,12,12,50,28443,248,10278,0.008719192771507928,41.443548387096776
medium,50,2,4,7,642,genetic_stochastic,square,success,12,9.92519076,12,12,50,28279,7219,78792,0.2552777679550196,10.914531098490096
medium,50,2,4,7,642,beam_search,square,success,13,23.175821421,13,12,50,,,,,
medium,50,2,4,8,742,merge_greedy,square,success,24,2.423263451,24,7,50,,,,,
medium,50,2,4,8,742,greedy,square,success,14,0.003262814,14,14,50,,,,,
medium,50,2,4,8,742,stochastic_greedy,square,success,15,0.003718141,14,15,50,,,,,
medium,50,2,4,8,742,genetic_greedy,square,success,13,8.596641075,13,13,50,28473,1352,45328,0.04748358093632564,33.52662721893491
medium,50,2,4,8,742,genetic_stochastic,square,success,12,8.092165483,12,12,50,28400,1368,50273,0.04816901408450704,36.74926900584796
medium,50,2,4,8,742,beam_search,square,success,13,24.146061757,13,12,50,,,,,
medium,50,2,4,9,842,merge_greedy,square,success,20,2.842340615,20,8,50,,,,,
medium,50,2,4,9,842,greedy,square,success,14,0.003805422,14,14,50,,,,,
medium,50,2,4,9,842,stochastic_greedy,square,success,14,0.004289222,14,14,50,,,,,
medium,50,2,4,9,842,genetic_greedy,square,success,13,6.261690211,13,13,50,28269,1514,29560,0.053556899784215926,19.52443857331572
medium,50,2,4,9,842,genetic_stochastic,square,success,13,7.72703217,13,13,50,28509,979,37722,0.03434003297204392,38.53115423901941
medium,50,2,4,9,842,beam_search,square,success,13,23.3682939,13,13,50,,,,,
medium,50,2,4,10,942,merge_greedy,square,success,23,2.661413949,23,8,50,,,,,
medium,50,2,4,10,942,greedy,square,success,14,0.003604316,14,14,50,,,,,
medium,50,2,4,10,942,stochastic_greedy,square,success,15,0.003958975,15,15,50,,,,,
medium,50,2,4,10,942,genetic_greedy,square,success,13,7.551701117,13,13,50,28368,1337,41652,0.04713056965595037,31.153328347045626
medium,50,2,4,10,942,genetic_stochastic,square,success,13,11.638516013,13,12,50,28436,2521,72738,0.08865522577015052,28.852836176120586
medium,50,2,4,10,942,beam_search,square,success,13,23.56795987,13,13,50,,,,,
medium,50,4,6,1,42,merge_greedy,square,success,46,130.878721116,46,24,50,,,,,
medium,50,4,6,1,42,greedy,square,success,35,0.043179279,34,35,50,,,,,
medium,50,4,6,1,42,stochastic_greedy,square,success,37,0.056504325,36,37,50,,,,,
medium,50,4,6,1,42,genetic_greedy,square,success,33,80.867346678,33,32,50,28502,239,10573,0.008385376464809488,44.23849372384937
medium,50,4,6,1,42,genetic_stochastic,square,success,33,205.490536265,33,33,50,28324,776,33033,0.0273972602739726,42.56829896907217
medium,50,4,6,1,42,beam_search,square,success,33,166.151329044,33,33,50,,,,,
medium,50,4,6,2,142,merge_greedy,square,success,58,140.8932789,58,18,50,,,,,
medium,50,4,6,2,142,greedy,square,success,34,0.043962559,34,34,50,,,,,
medium,50,4,6,2,142,stochastic_greedy,square,success,35,0.07448118,35,35,50,,,,,
medium,50,4,6,2,142,genetic_greedy,square,success,33,184.693162578,33,33,50,28441,644,28251,0.02264336697021905,43.86801242236025
medium,50,4,6,2,142,genetic_stochastic,square,success,34,576.185330227,34,34,50,28439,2376,96713,0.0835472414641865,40.70412457912458
medium,50,4,6,2,142,beam_search,square,success,33,163.956144011,33,33,50,,,,,
medium,50,4,6,3,242,merge_greedy,square,success,37,120.527330115,37,30,50,,,,,
medium,50,4,6,3,242,greedy,square,success,35,0.047242651,34,35,50,,,,,
medium,50,4,6,3,242,stochastic_greedy,square,success,35,0.072096285,35,35,50,,,,,
medium,50,4,6,3,242,genetic_greedy,square,success,33,198.482524435,33,33,50,28367,672,29403,0.02368949836077132,43.754464285714285
medium,50,4,6,3,242,genetic_stochastic,square,success,34,434.647057269,34,34,50,28612,1517,64436,0.0530197120089473,42.47593935398813
medium,50,4,6,3,242,beam_search,square,success,33,167.651962245,33,33,50,,,,,
medium,50,4,6,4,342,merge_greedy,square,success,55,130.564423373,55,20,50,,,,,
medium,50,4,6,4,342,greedy,square,success,34,0.047106755,34,33,50,,,,,
medium,50,4,6,4,342,stochastic_greedy,square,success,35,0.052829147,34,35,50,,,,,
medium,50,4,6,4,342,genetic_greedy,square,success,33,211.090053697,33,33,50,28343,723,30998,0.025508944007338673,42.87413554633471
medium,50,4,6,4,342,genetic_stochastic,square,success,33,218.477947878,33,33,50,28366,815,34448,0.02873158006063597,42.267484662576685
medium,50,4,6,4,342,beam_search,square,success,33,168.061507377,33,33,50,,,,,
medium,50,4,6,5,442,merge_greedy,square,success,60,146.512850655,60,19,50,,,,,
medium,50,4,6,5,442,greedy,square,success,34,0.045208901,34,33,50,,,,,
medium,50,4,6,5,442,stochastic_greedy,square,success,35,0.066363047,35,34,50,,,,,
medium,50,4,6,5,442,genetic_greedy,square,success,33,178.120191196,33,33,50,28426,626,27148,0.02202209245057342,43.36741214057508
medium,50,4,6,5,442,genetic_stochastic,square,success,34,385.238487176,33,34,50,28443,1392,59988,0.048939985233625145,43.0948275862069
medium,50,4,6,5,442,beam_search,square,success,34,164.388342083,34,34,50,,,,,
medium,50,4,6,6,542,merge_greedy,square,success,51,161.076855461,51,22,50,,,,,
medium,50,4,6,6,542,greedy,square,success,34,0.04461752,33,34,50,,,,,
medium,50,4,6,6,542,stochastic_greedy,square,success,35,0.071348167,35,35,50,,,,,
medium,50,4,6,6,542,genetic_greedy,square,success,33,265.393847018,33,33,50,28133,956,40909,0.03398144527778765,42.7918410041841
medium,50,4,6,6,542,genetic_stochastic,square,success,33,354.43240991,33,33,50,28191,1305,55393,0.0462913695860381,42.446743295019154
medium,50,4,6,6,542,beam_search,square,success,34,161.676255253,34,33,50,,,,,
medium,50,4,6,7,642,merge_greedy,square,success,37,76.293709006,37,31,50,,,,,
medium,50,4,6,7,642,greedy,square,success,34,0.042348182,33,34,50,,,,,
medium,50,4,6,7,642,stochastic_greedy,square,success,35,0.053458928,35,35,50,,,,,
medium,50,4,6,7,642,genetic_greedy,square,success,33,248.05509225,33,33,50,28512,835,36319,0.029285914702581368,43.49580838323353
medium,50,4,6,7,642,genetic_stochastic,square,success,33,295.972900515,33,33,50,28392,1083,46600,0.038144547759932375,43.0286241920591
medium,50,4,6,7,642,beam_search,square,success,33,162.189397405,33,32,50,,,,,
medium,50,4,6,8,742,merge_greedy,square,success,53,131.665765563,53,21,50,,,,,
medium,50,4,6,8,742,greedy,square,success,34,0.043738166,34,34,50,,,,,
medium,50,4,6,8,742,stochastic_greedy,square,success,35,0.069230025,35,34,50,,,,,
medium,50,4,6,8,742,genetic_greedy,square,success,33,181.306396248,33,33,50,28246,634,27139,0.022445656022091625,42.805993690851736
medium,50,4,6,8,742,genetic_stochastic,square,success,33,239.109988502,33,33,50,28400,825,35654,0.029049295774647887,43.2169696969697
medium,50,4,6,8,742,beam_search,square,success,33,164.310423191,32,33,50,,,,,
medium,50,4,6,9,842,merge_greedy,square,success,46,102.557921174,46,25,50,,,,,
medium,50,4,6,9,842,greedy,square,success,35,0.045705149,35,35,50,,,,,
medium,50,4,6,9,842,stochastic_greedy,square,success,35,0.052713036,33,35,50,,,,,
medium,50,4,6,9,842,genetic_greedy,square,success,33,236.692495678,33,33,50,28407,881,37941,0.031013482592318793,43.06583427922815
medium,50,4,6,9,842,genetic_stochastic,square,success,33,239.63456941,33,33,50,28477,935,38909,0.032833514766302634,41.61390374331551
medium,50,4,6,9,842,beam_search,square,success,33,161.56501958,33,33,50,,,,,
medium,50,4,6,10,942,merge_greedy,square,success,44,93.142209213,44,25,50,,,,,
medium,50,4,6,10,942,greedy,square,success,35,0.047044504,35,35,50,,,,,
medium,50,4,6,10,942,stochastic_greedy,square,success,35,0.073856797,35,35,50,,,,,
medium,50,4,6,10,942,genetic_greedy,square,success,33,360.085492583,33,33,50,28291,1119,49718,0.03955321480329434,44.430741733690795
medium,50,4,6,10,942,genetic_stochastic,square,success,34,422.929022664,34,32,50,28416,1453,62233,0.051133164414414414,42.83069511355816
medium,50,4,6,10,942,beam_search,square,success,34,167.74404343,34,33,50,,,,,
